modelo,n,R2,RMSE
KNN,248,0.3928994103485579,0.8010648466205295
XGBoost,248,0.4285364662796469,0.7771978807827603
