Este,Norte,Cota,Rec_Peso_PND25_(%),Rec_Peso_PND25_(%)_nscore,cluster_con_nscore,cluster_sin_nscore,origen
8896.836,25603.992,1514.132,12.4,-0.9734487290930868,0,0.0,original
9011.871,26029.625,1839.699,15.4,-0.2432550703085236,3,0.0,original
8913.27,25708.682,1586.962,16.1,-0.0992737487239687,0,0.0,original
8943.9,25143.9,1475.9,14.6,-0.4307272992954576,0,0.0,original
8868.632,25789.857,1652.174,15.1,-0.3216105535126583,0,0.0,original
9098.023,24980.459,1884.722,15.5,-0.2316410556979774,4,2.0,original
8654.587,25827.915,1219.739,12.0,-1.081081151414826,0,0.0,original
8862.301,25804.168,1626.027,15.5,-0.2316410556979774,0,0.0,original
8881.648,25604.292,1561.505,19.9,0.5163562651199474,0,0.0,original
8977.652,24968.162,1835.855,17.6,0.1574694601346144,0,2.0,original
8969.611,26398.533,1605.232,12.8,-0.8409063506463136,0,0.0,original
9130.378,24752.244,1804.749,17.2,0.1030567660911816,4,2.0,original
9096.264,24386.705,1414.744,17.4,0.1194676034284659,0,0.0,original
8958.958,25036.903,1489.077,13.2,-0.7513327030392748,0,0.0,original
8960.014,28475.871,1654.478,10.9,-1.426921654003231,3,0.0,original
9087.109,24910.374,1786.668,16.2,-0.0866736385517838,0,2.0,original
8904.454,24983.83,1340.92,10.7,-1.466507345781363,0,0.0,original
9065.842,24966.796,1687.697,16.4,-0.0426682793205222,0,0.0,original
9026.392,25759.923,1739.631,11.8,-1.132343904538424,0,0.0,original
8993.651,28296.3,1786.898,18.5,0.2992297324571835,3,0.0,original
8829.641,25546.81,1663.994,13.4,-0.7039217888285133,0,0.0,original
8963.463,25500.241,1775.981,17.1,0.0863677422148535,0,0.0,original
9037.527,26157.295,1819.228,18.3,0.2735075349393747,3,0.0,original
9000.904,25551.583,1707.236,16.0,-0.1182041448033766,0,0.0,original
9048.852,25906.389,1837.166,15.4,-0.2432550703085236,3,0.0,original
8900.779,25105.127,1422.067,20.4,0.602943093848241,0,0.0,original
8904.72,26212.873,1438.238,15.8,-0.1538439318738562,0,0.0,original
8963.005,25382.002,1650.13,21.2,0.708751856519529,0,0.0,original
8969.47,25376.577,1489.101,15.5,-0.2316410556979774,0,0.0,original
9047.681,26198.206,1854.555,16.9,0.0589989393061426,3,0.0,original
9000.099,28682.099,1835.974,21.2,0.708751856519529,3,0.0,original
9011.918,28098.563,1808.222,17.0,0.0741057047731628,3,0.0,original
9131.047,28290.497,2125.626,13.4,-0.7039217888285133,3,4.0,original
9128.534,27901.692,2207.938,21.8,0.7630300992592185,3,4.0,original
9084.206,28501.429,2073.464,16.8,0.0363905226932068,3,4.0,original
9114.293,28111.387,2127.225,17.4,0.1194676034284659,3,4.0,original
9005.231,28681.171,1821.113,20.6,0.6306306305335078,3,0.0,original
9012.233,28679.933,1800.558,18.7,0.320289675857082,3,0.0,original
9019.497,28098.324,1783.092,19.9,0.5163562651199474,3,0.0,original
9109.462,28291.806,2168.478,20.3,0.5805236222863163,3,4.0,original
8974.54,25226.736,1724.471,20.4,0.602943093848241,0,0.0,original
8909.568,25995.647,1686.941,22.0,0.7881330846945891,0,0.0,original
8974.095,26195.432,1590.598,14.3,-0.4822482148379231,0,0.0,original
8957.61,24802.397,1518.692,21.6,0.743327161647077,0,0.0,original
8971.927,24801.809,1480.811,10.6,-1.496271989690776,0,0.0,original
8914.196,24841.415,1368.848,19.1,0.3816746537655627,0,0.0,original
8934.162,24843.411,1320.334,10.2,-1.592393348991896,0,0.0,original
8961.6,26196.2,1628.3,23.5,1.016667270066597,0,0.0,original
8935.382,28479.261,1750.304,18.0,0.2240302296563912,3,0.0,original
9023.016,26790.971,1672.205,15.4,-0.2432550703085236,0,0.0,original
9025.886,26590.951,1763.335,14.8,-0.3803256417636312,3,0.0,original
8917.383,25155.122,1551.959,16.0,-0.1182041448033766,0,0.0,original
9103.667,24384.428,1378.819,15.1,-0.3216105535126583,0,0.0,original
8879.8,24952.633,1312.159,15.1,-0.3216105535126583,0,0.0,original
9032.406,26024.492,1749.141,14.1,-0.534175180637725,0,0.0,original
8880.246,24950.973,1284.463,14.3,-0.4822482148379231,0,0.0,original
9139.848,24752.322,1745.501,13.2,-0.7513327030392748,4,2.0,original
9047.035,26001.25,1809.462,14.8,-0.3803256417636312,3,0.0,original
8940.182,25810.498,1560.526,14.7,-0.404716808217749,0,0.0,original
8990.151,25652.673,1751.717,21.0,0.6864058136265335,0,0.0,original
8927.508,25400.771,1614.124,15.6,-0.207222833412141,0,0.0,original
8944.257,25703.791,1694.997,22.5,0.8682061057381121,0,0.0,original
8891.163,24981.964,1270.948,12.6,-0.8995338605921868,0,0.0,original
8809.253,25500.099,1630.409,16.2,-0.0866736385517838,0,0.0,original
9142.064,24752.343,1731.425,18.5,0.2992297324571835,0,2.0,original
8941.67,25807.92,1609.185,13.9,-0.5806073920023668,0,0.0,original
9047.154,25594.014,1780.753,14.9,-0.3580057866690429,0,0.0,original
9046.367,24971.701,1732.94,17.2,0.1030567660911816,0,0.0,original
9092.324,24978.542,1822.01,16.4,-0.0426682793205222,4,2.0,original
9090.823,24978.05,1805.586,18.8,0.3416775584124285,0,2.0,original
8928.308,25706.63,1639.566,12.7,-0.8661892521534974,0,0.0,original
8756.927,25807.131,1402.719,14.7,-0.404716808217749,0,0.0,original
8826.699,25796.015,1550.136,18.9,0.3481497443296034,0,0.0,original
9136.407,24778.355,1788.873,14.0,-0.5627963389464197,4,2.0,original
9070.067,24393.702,1541.627,22.8,0.91087286903535,0,0.0,original
9247.887,24437.368,1603.439,13.3,-0.7315152969860136,0,0.0,original
9144.344,24839.302,1824.939,13.1,-0.7630300992592184,4,2.0,original
9012.644,24598.74,1326.939,11.0,-1.387851771633993,0,0.0,original
9021.461,24598.706,1285.108,14.5,-0.4473052807811119,0,0.0,original
9074.611,24592.792,1465.014,14.6,-0.4307272992954576,0,0.0,original
8896.43,25710.441,1528.62,13.8,-0.6059551370107433,0,0.0,original
9137.149,24752.29,1762.539,15.4,-0.2432550703085236,0,2.0,original
9016.859,26591.985,1793.496,14.5,-0.4473052807811119,3,0.0,original
8996.684,27711.599,1746.733,15.7,-0.1725235325852888,3,0.0,original
9103.15,27700.46,2054.164,12.1,-1.047786807292261,3,4.0,original
9108.135,27700.776,2040.021,17.4,0.1194676034284659,3,4.0,original
9074.408,28501.938,2106.539,14.7,-0.404716808217749,3,4.0,original
9108.692,24382.829,1354.638,15.3,-0.2652838681602035,0,0.0,original
9049.748,25169.873,1822.406,22.2,0.8249333882852439,0,2.0,original
9084.266,25593.48,2265.255,9.34,-1.943266827405408,3,4.0,original
9038.357,25997.772,2279.299,16.47,-0.0256018333346248,3,4.0,original
9049.319,25500.22,2288.893,13.3,-0.7315152969860136,3,4.0,original
9099.841,26000.471,2305.887,26.72,1.337755575943242,2,4.0,original
9023.762,25999.419,2252.374,13.83,-0.5939395388892443,3,4.0,original
9073.272,25993.583,2205.183,14.44,-0.4568577698977627,3,4.0,original
9048.789,25399.355,2266.071,19.24,0.4166409401536473,2,4.0,original
9067.713,25092.534,2238.807,17.37,0.114414892630001,2,4.0,original
9129.889,25082.242,2244.423,25.96,1.259733350500092,2,3.0,original
9062.462,25196.688,2265.821,24.01,1.072005673809851,2,4.0,original
9043.187,25290.781,2256.849,15.79,-0.1574694601346144,2,4.0,original
9012.635,25543.847,2202.188,23.35,0.9992511756490516,2,4.0,original
8989.51,25171.782,2265.928,20.78,0.6549304836891207,2,4.0,original
9062.121,25196.402,2240.324,21.87,0.7768505251707396,2,4.0,original
9063.041,25249.811,2256.432,19.99,0.5376890151598384,2,4.0,original
9040.442,25249.48,2199.236,16.87,0.0489477179816034,2,4.0,original
9091.656,25406.911,2228.654,12.01,-1.075206508188439,3,4.0,original
9103.017,25952.407,2151.823,20.16,0.5574075160940047,3,4.0,original
8994.647,25778.889,2203.276,16.45,-0.0288590856043919,3,4.0,original
9028.434,25999.319,2244.682,24.35,1.099780121843101,2,4.0,original
9137.61,25985.487,2205.559,10.95,-1.408386944759543,3,4.0,original
9003.739,26055.202,2246.199,18.72,0.3255765657843933,3,4.0,original
9018.153,26046.195,2217.913,16.89,0.0558446221570618,3,4.0,original
9029.95,26038.633,2193.963,26.22,1.275302474602153,2,4.0,original
9116.519,26102.546,2196.693,12.65,-0.8808881195869299,3,4.0,original
9159.22,26090.522,2224.988,19.18,0.3952035232743205,3,4.0,original
9143.638,25448.903,2281.744,25.09,1.174750424711062,2,4.0,original
8971.076,25652.903,2188.753,19.89,0.5119767989801255,2,4.0,original
9131.049,26094.034,2277.766,20.45,0.6135094449805308,3,4.0,original
9047.175,25550.705,2267.937,26.99,1.371774427026201,2,4.0,original
9105.432,25553.479,2270.934,38.75,2.185662792601474,2,4.0,original
9174.171,25502.995,2270.211,28.0,1.460612446902058,2,4.0,original
9142.642,25589.465,2294.111,23.56,1.027011409171827,2,4.0,original
8991.802,25632.384,2265.648,23.6,1.032488454653673,2,4.0,original
9115.771,25797.657,2277.096,9.69,-1.812029240344281,3,4.0,original
9097.399,25847.223,2271.308,29.54,1.581998953410205,2,4.0,original
9120.984,25799.947,2233.907,17.05,0.0791203001584284,3,4.0,original
9027.802,25894.732,2272.641,25.41,1.207353248106542,2,4.0,original
9094.331,25887.782,2263.745,26.14,1.2705225515233,2,4.0,original
9090.469,25903.706,2284.083,20.03,0.5486177069377799,3,4.0,original
9132.75,25948.532,2287.515,13.34,-0.7180995327752956,3,4.0,original
9087.432,25948.323,2266.384,17.04,0.0764816444255823,3,4.0,original
9026.228,25997.111,2299.123,11.66,-1.179401750967482,3,4.0,original
9099.859,26000.602,2268.387,16.41,-0.0338798354034919,3,4.0,original
9129.744,25984.761,2296.717,16.27,-0.0680460358748406,3,4.0,original
9130.633,25984.794,2286.255,15.12,-0.3150117233426268,3,4.0,original
9131.67,25984.87,2274.3,17.42,0.1246549610277818,3,4.0,original
9151.562,26001.181,2297.13,25.87,1.247567105320063,2,4.0,original
9155.685,26001.529,2264.65,16.99,0.0724658531377696,3,4.0,original
9122.364,26046.478,2306.83,17.5,0.1359106806464805,3,4.0,original
9130.638,26046.043,2296.171,11.21,-1.275302474602153,3,4.0,original
9150.78,26044.841,2270.059,7.2,-2.752169028211249,3,4.0,original
9156.304,26044.489,2262.963,11.47,-1.209690318950794,3,4.0,original
9078.635,24937.082,2143.278,27.88,1.45538924223806,2,3.0,original
9209.18,25000.798,2162.371,22.89,0.9223302184168564,2,3.0,original
9049.107,25826.092,2218.272,19.44,0.4654243573976179,3,4.0,original
8979.955,25034.508,2152.196,26.52,1.31886257942606,2,4.0,original
9044.492,25146.143,2179.372,26.98,1.367858416142655,2,4.0,original
8881.722,25294.717,2164.516,38.46,2.141884075952025,2,4.0,original
8901.546,25277.669,2177.68,37.59,2.096116409077721,2,4.0,original
9011.123,25507.842,2100.682,27.1,1.39120205536241,2,4.0,original
9062.929,25696.995,2100.967,27.68,1.447832132511848,2,4.0,original
9256.22,24697.001,2216.589,23.25,0.9836143965617342,2,3.0,original
9166.261,25072.189,2168.542,23.79,1.044408794872596,2,3.0,original
9023.816,25441.951,2102.756,23.79,1.044408794872596,2,4.0,original
9245.192,24697.927,2240.392,20.34,0.5849182963256563,2,3.0,original
8999.457,24970.594,2140.382,28.51,1.513588931527053,2,4.0,original
9092.551,25052.038,2115.591,22.42,0.8616420727183318,2,3.0,original
9047.246,25340.202,2088.163,23.0,0.9416998217386928,2,4.0,original
9060.45,25646.15,2100.999,15.68,-0.1826397945871133,3,4.0,original
9019.8,25646.013,2100.883,20.63,0.6341173125595898,2,4.0,original
8989.882,25033.662,2167.187,29.72,1.597687319842403,2,4.0,original
9066.206,25751.792,2099.358,19.61,0.487736149568634,3,4.0,original
9037.832,25752.783,2101.842,22.22,0.8349081049977082,2,4.0,original
9072.026,25610.492,2103.685,19.19,0.401995024919857,3,4.0,original
8998.957,25645.831,2098.324,20.26,0.5701609063769159,2,4.0,original
9080.795,25057.028,2140.223,21.14,0.699468366034319,2,3.0,original
9101.177,25709.756,2203.23,23.47,1.010197030260156,2,4.0,original
9155.229,25154.414,2169.563,13.01,-0.7851107046926762,4,3.0,original
9209.03,25001.059,2127.872,26.96,1.36435557724851,2,3.0,original
9032.652,25030.023,2231.411,18.09,0.2471336338581233,2,4.0,original
8872.682,25448.335,2141.834,28.65,1.529558186142137,2,4.0,original
9104.721,25090.235,2171.899,26.39,1.304897342539864,2,3.0,original
8992.797,25752.826,2100.235,26.3,1.292464893096989,2,4.0,original
8944.601,25164.123,2169.836,18.78,0.3384653164661363,2,4.0,original
9219.641,24751.242,2187.987,19.68,0.4953916363388077,2,3.0,original
9021.512,24965.037,2117.518,19.02,0.3735908953653471,2,4.0,original
9149.542,24850.611,2155.046,23.29,0.98991627466998,2,3.0,original
8969.721,25091.582,2150.908,19.93,0.5293010943086739,2,4.0,original
8968.865,25158.073,2127.125,17.92,0.2176210030102561,2,4.0,original
9205.31,24750.792,2210.865,20.26,0.5701609063769159,2,3.0,original
9254.352,24847.037,2178.989,23.11,0.9665293160381756,2,3.0,original
9272.895,24796.648,2208.454,26.63,1.331211009925645,2,3.0,original
9050.763,24996.478,2189.476,22.07,0.7999689045671678,2,3.0,original
9035.538,25340.245,2099.79,17.55,0.1511682318481011,2,4.0,original
9056.252,25387.938,2102.442,12.98,-0.7956783987809201,3,4.0,original
9061.111,25195.929,2169.085,19.4,0.4612146045705892,2,4.0,original
8990.582,25759.809,2138.527,15.36,-0.2510159186832716,3,4.0,original
9121.323,25151.815,2242.251,24.47,1.120004453210245,2,3.0,original
9063.494,25463.136,2155.462,20.73,0.6458809914532019,2,4.0,original
9047.796,25597.836,2125.729,21.28,0.7249732056113145,2,4.0,original
9138.946,25153.202,2204.98,23.53,1.023186651437851,2,3.0,original
9113.855,24943.501,2223.758,20.4,0.602943093848241,2,3.0,original
9040.564,25029.374,2243.245,23.22,0.9774865599420672,2,4.0,original
8986.194,25297.131,2161.312,24.13,1.0852361340932,2,4.0,original
8992.814,25261.978,2269.62,22.78,0.9070697999135215,2,4.0,original
9135.595,25252.968,2215.772,14.75,-0.3924106733646152,3,3.0,original
8991.521,25759.82,2128.069,16.39,-0.0514600200966289,3,4.0,original
9223.723,24847.853,2247.444,17.72,0.1747594195216733,2,3.0,original
9190.386,24999.11,2260.645,22.91,0.930036179723713,2,3.0,original
9033.629,25249.369,2181.768,19.96,0.5348129936004699,2,4.0,original
9122.013,25253.233,2184.059,15.98,-0.1245233660830673,2,4.0,original
9097.781,25253.791,2127.537,16.24,-0.0766035447506464,2,4.0,original
8997.352,25296.444,2139.232,19.31,0.4389072476648156,2,4.0,original
9088.701,25405.866,2193.545,20.99,0.6831778069051377,2,4.0,original
9080.627,25462.966,2130.836,18.08,0.2449841572638266,2,4.0,original
9124.22,25585.007,2250.066,27.31,1.40413939393726,2,4.0,original
9179.827,24750.131,2250.646,10.58,-1.501886470314835,4,3.0,original
9051.668,24750.007,2253.124,30.82,1.716690234811703,2,3.0,original
9246.694,24797.239,2269.011,20.43,0.6090607460571764,2,3.0,original
9105.309,24949.709,2243.624,20.65,0.6386096176206587,2,3.0,original
9050.332,24997.403,2218.708,17.95,0.2197688327769444,2,3.0,original
9061.308,25195.858,2181.083,23.96,1.065023051211364,2,4.0,original
9196.046,24750.501,2225.413,23.52,1.020764157384144,2,3.0,original
9253.576,24899.46,2231.413,30.29,1.674321593934047,2,3.0,original
9060.766,25196.055,2148.089,19.23,0.4142668635342554,2,4.0,original
9012.144,25270.633,2181.328,19.13,0.3861289398488366,2,4.0,original
9108.391,25253.506,2152.363,21.9,0.782351383071528,2,4.0,original
8974.937,25297.565,2184.189,15.87,-0.141720676988027,3,4.0,original
9047.645,25463.294,2178.24,19.16,0.3902438013224332,2,4.0,original
8976.754,25103.324,2218.389,40.83,2.366560258341472,2,4.0,original
9130.419,25891.357,2151.396,18.05,0.2383070611848588,3,4.0,original
9086.324,25997.184,2149.127,11.42,-1.225942748902993,3,4.0,original
9081.778,25702.288,2203.811,24.93,1.151067116940522,2,4.0,original
9053.736,25697.015,2229.131,17.15,0.0942319252397101,3,4.0,original
9077.806,25903.075,2183.393,21.09,0.6920327496787794,3,4.0,original
9089.857,25950.474,2204.823,16.03,-0.1123398979855648,3,4.0,original
9096.686,25950.943,2196.088,16.31,-0.0615126365524982,3,4.0,original
9114.912,25951.675,2184.243,13.33,-0.7204384868375581,3,4.0,original
9015.09,25750.905,2165.563,19.46,0.4696030591824158,3,4.0,original
9089.238,25947.434,2287.288,18.72,0.3255765657843933,3,4.0,original
9014.469,25693.552,2198.568,7.78,-2.405284753810421,3,4.0,original
9131.042,25734.074,2236.199,20.39,0.5964907108195574,2,4.0,original
9052.625,25795.113,2233.486,18.02,0.226489376607492,3,4.0,original
9076.105,25800.392,2185.08,19.19,0.401995024919857,3,4.0,original
9085.133,25552.933,2200.038,19.65,0.4921368228083809,2,4.0,original
9151.691,26001.271,2279.131,6.26,-3.102149316242297,3,4.0,original
8915.515,25281.007,2158.325,14.99,-0.3385763056784737,3,4.0,original
9102.624,25289.697,2231.21,19.18,0.3952035232743205,2,4.0,original
9133.429,26045.251,2224.825,17.33,0.1106635014163062,3,4.0,original
8978.2,25852.483,2121.936,19.53,0.4772299580850767,3,4.0,original
9070.099,25984.66,2265.155,14.68,-0.4163638741504777,3,4.0,original
9141.383,26044.824,2212.114,15.61,-0.2032832600460793,3,4.0,original
9067.968,25554.22,2218.114,18.95,0.358005786669042,2,4.0,original
8982.016,25852.412,2110.559,16.85,0.0438584077675629,3,4.0,original
9152.042,26001.975,2189.137,22.6,0.8808881195869303,2,4.0,original
9161.402,25200.202,2176.464,19.07,0.3781645197195244,2,3.0,original
9149.55,25401.05,2271.52,22.89,0.9223302184168564,2,4.0,original
9076.693,25890.892,2293.23,16.59,-0.0111425017821475,3,4.0,original
8971.913,25543.719,2289.708,13.41,-0.6991080877832274,3,4.0,original
9174.844,25791.586,2312.772,20.86,0.6653929196423797,2,4.0,original
9091.655,25689.195,2228.095,21.63,0.7475897208823575,2,4.0,original
9104.195,25849.427,2243.437,16.05,-0.1091441473226023,3,4.0,original
9031.586,25500.207,2070.436,25.24,1.184446818906046,2,4.0,original
9002.241,25035.761,2176.559,19.65,0.4921368228083809,2,4.0,original
8996.894,25695.685,2224.618,25.51,1.216568325700689,2,4.0,original
9077.434,25903.366,2270.611,13.95,-0.5760748876486936,3,4.0,original
9092.158,25650.395,2256.335,13.52,-0.6612147922013155,3,4.0,original
9013.198,25634.814,2227.212,26.38,1.30384088963118,2,4.0,original
8995.847,25697.579,2136.486,17.61,0.1625523959526249,3,4.0,original
9058.001,25596.527,2061.798,21.86,0.7745513751430645,2,4.0,original
9064.138,25848.584,2291.257,9.45,-1.894324612200377,3,4.0,original
9086.681,25873.767,2293.097,12.45,-0.9515182841460368,3,4.0,original
9090.232,25799.786,2216.679,26.31,1.296098676082296,2,4.0,original
9107.75,25724.239,2273.739,18.7,0.320289675857082,2,4.0,original
9172.051,25325.203,2229.431,8.27,-2.267393134045988,3,3.0,original
9138.085,25526.605,2254.042,18.95,0.358005786669042,2,4.0,original
9048.748,25624.589,2264.67,7.7,-2.450419337547743,3,4.0,original
9128.956,26026.907,2142.79,16.26,-0.0700805409920501,3,4.0,original
9127.239,26077.473,2134.087,16.63,-0.0012545690351248,3,4.0,original
9135.472,26185.79,2103.527,11.81,-1.128498827555329,3,4.0,original
9060.958,25048.295,2248.341,19.29,0.4334819661117883,2,3.0,original
9083.559,25047.579,2203.466,12.12,-1.040089549800798,4,3.0,original
9071.296,25223.558,2193.848,12.81,-0.8363979269169166,3,4.0,original
9118.763,25496.345,2228.477,17.8,0.195700178301204,2,4.0,original
9152.961,25228.884,2246.871,10.23,-1.579968353041125,3,3.0,original
9087.539,25424.299,2260.022,4.35,-5.199337582605575,4,4.0,original
9152.322,25375.337,2255.083,12.58,-0.91087286903535,3,4.0,original
9158.718,25124.315,2257.123,13.51,-0.666231474605669,3,3.0,original
9013.397,25120.145,2268.579,14.71,-0.3979179193672613,2,4.0,original
8955.94,25224.375,2250.865,16.1,-0.0992737487239687,2,4.0,original
8972.898,25204.149,2259.634,13.49,-0.6800125783688008,3,4.0,original
9135.684,25276.531,2261.074,16.66,0.001254569035125,2,4.0,original
9042.047,25445.842,2258.192,18.9,0.3481497443296034,2,4.0,original
9092.749,25515.645,2161.087,11.98,-1.090930094401009,3,4.0,original
8950.309,25393.978,2098.258,19.58,0.4817838345515416,2,4.0,original
9181.744,26049.183,2298.524,17.68,0.1702416241534142,3,4.0,original
9101.951,26026.141,2201.359,9.43,-1.912314687935914,3,4.0,original
9165.053,26130.763,2183.727,11.95,-1.102204129666092,3,4.0,original
9167.498,26238.135,2190.937,16.25,-0.0740872744613857,3,4.0,original
9080.923,26025.93,2246.997,11.16,-1.301190684205984,3,4.0,original
9049.965,25926.086,2300.063,10.45,-1.534328927129561,3,4.0,original
9102.853,25631.876,2275.426,14.09,-0.5394308637341484,3,4.0,original
9026.41,25435.6,2269.221,20.58,0.6266114916038655,2,4.0,original
9024.056,25490.481,2202.284,18.18,0.2613873726778878,2,4.0,original
9058.688,25682.267,2071.863,6.6,-2.971951450597742,3,4.0,original
9053.335,25499.791,2194.482,24.12,1.083297854725801,2,4.0,original
9106.073,25349.458,2258.02,16.69,0.0075274833238294,2,4.0,original
9088.216,25554.22,2242.245,19.35,0.4502330983925351,2,4.0,original
9067.977,25552.933,2201.842,15.59,-0.213636118831163,3,4.0,original
8845.722,25398.912,2064.784,27.4,1.425010540789546,2,4.0,original
8855.769,24600.047,2170.495,20.4,0.602943093848241,1,1.0,original
9068.621,24400.209,2253.404,16.2,-0.0866736385517838,2,3.0,original
9063.232,26122.814,2229.845,11.2,-1.283861891254574,3,4.0,original
9098.691,26121.392,2168.927,13.3,-0.7315152969860136,3,4.0,original
9220.505,24652.054,2258.676,16.8,0.0363905226932068,2,3.0,original
9226.807,24652.297,2244.243,23.8,1.053106263987631,2,3.0,original
9236.947,24652.71,2220.85,22.8,0.91087286903535,2,3.0,original
9243.989,24652.993,2204.287,18.4,0.2783016875657953,2,3.0,original
8921.744,25157.924,2079.27,33.2,1.825378707082671,2,4.0,original
9148.667,25153.875,2183.871,13.1,-0.7630300992592184,3,3.0,original
9160.531,25154.848,2157.976,16.0,-0.1182041448033766,2,3.0,original
9075.285,25059.367,2151.481,18.5,0.2992297324571835,2,3.0,original
8982.041,25304.784,2103.275,21.6,0.743327161647077,2,4.0,original
9251.047,24797.125,2259.456,19.5,0.4740681138548057,2,3.0,original
9255.4,24797.011,2249.902,17.8,0.195700178301204,2,3.0,original
9147.664,24644.534,2267.778,21.2,0.708751856519529,2,3.0,original
9049.168,25105.435,2106.27,17.9,0.2136361188311631,2,4.0,original
8961.385,25199.728,2095.895,25.3,1.19300110187273,2,4.0,original
9121.553,25004.225,2216.752,18.2,0.2679198574612,2,3.0,original
9125.906,25004.76,2197.752,16.7,0.0125460161815425,2,3.0,original
9050.885,24995.89,2173.738,21.8,0.7630300992592185,2,3.0,original
9097.223,25001.753,2171.095,13.8,-0.6059551370107433,4,3.0,original
9092.138,25001.692,2153.828,22.2,0.8249333882852439,2,3.0,original
9131.443,24930.722,2177.629,18.5,0.2992297324571835,2,3.0,original
9139.319,24850.438,2180.035,19.3,0.4366734616095649,2,3.0,original
9106.492,24850.68,2157.935,17.3,0.1090879501271817,2,3.0,original
9096.002,25123.51,2086.322,13.6,-0.6462769374074668,4,3.0,original
9030.921,25293.498,2074.759,16.6,-0.0075274833238293,3,4.0,original
9036.104,25293.147,2064.78,17.2,0.1030567660911816,2,4.0,original
9041.974,25292.752,2053.468,14.1,-0.534175180637725,3,4.0,original
9053.309,25292.012,2031.479,13.5,-0.670557440622858,3,4.0,original
8955.965,25092.859,2169.608,29.1,1.554269606684581,2,4.0,original
9160.033,25174.428,2248.297,16.7,0.0125460161815425,2,3.0,original
9173.758,25173.522,2223.337,15.3,-0.2652838681602035,2,3.0,original
9167.683,25229.723,2220.746,12.3,-1.002056477837372,3,3.0,original
9168.833,25195.572,2226.462,15.2,-0.2926760607617537,2,3.0,original
9178.631,25195.111,2207.893,12.6,-0.8995338605921868,3,3.0,original
9164.003,25275.902,2220.48,14.4,-0.4672419879122241,3,3.0,original
9175.558,25275.503,2203.855,15.6,-0.207222833412141,2,3.0,original
9089.31,25914.227,2107.155,23.0,0.9416998217386928,2,4.0,original
9115.132,25926.376,2151.753,19.6,0.4860847196286867,3,4.0,original
9084.72,25077.431,2254.35,19.6,0.4860847196286867,2,3.0,original
9109.654,25223.431,2127.661,12.7,-0.8661892521534974,3,4.0,original
9185.509,25230.19,2188.614,14.9,-0.3580057866690429,2,3.0,original
9121.794,25143.887,2099.489,12.7,-0.8661892521534974,4,3.0,original
9107.47,25046.937,2155.053,20.3,0.5805236222863163,2,3.0,original
8993.362,24949.724,2092.022,20.2,0.5605989320293623,2,2.0,original
9142.435,24998.343,2225.366,22.2,0.8249333882852439,2,3.0,original
9155.017,24997.334,2186.094,21.3,0.7284361304927621,2,3.0,original
9163.498,24996.37,2158.903,17.7,0.1723473147982996,2,3.0,original
9106.319,25107.954,2122.878,16.8,0.0363905226932068,2,3.0,original
9114.878,25106.755,2108.823,13.0,-0.7878760170254154,4,3.0,original
9162.742,24600.275,2257.275,16.8,0.0363905226932068,2,3.0,original
9148.6,24751.144,2224.664,16.8,0.0363905226932068,2,3.0,original
9024.791,25049.912,2112.867,17.5,0.1359106806464805,2,4.0,original
9061.638,24997.227,2066.106,15.2,-0.2926760607617537,4,3.0,original
9148.892,25008.675,2089.231,14.8,-0.3803256417636312,4,3.0,original
9168.51,24644.047,2234.82,14.8,-0.3803256417636312,2,3.0,original
9138.208,24802.777,2209.437,14.2,-0.5116675283484657,4,3.0,original
9071.489,25001.224,2080.171,16.5,-0.0213292851438357,2,3.0,original
9113.42,24850.564,2137.583,19.8,0.5034973903918751,2,3.0,original
9009.014,25049.252,2136.591,16.6,-0.0075274833238293,2,4.0,original
9043.656,25050.966,2084.001,17.5,0.1359106806464805,2,4.0,original
8896.544,25273.767,2220.41,23.3,0.9931456094201362,2,4.0,original
9209.802,25047.189,2179.258,12.7,-0.8661892521534974,4,3.0,original
8915.437,25157.373,2092.037,18.5,0.2992297324571835,2,4.0,original
9011.498,25087.536,2094.268,22.3,0.8428931997765781,2,4.0,original
9104.96,25046.771,2087.953,16.8,0.0363905226932068,2,3.0,original
8958.989,25048.286,2128.738,21.3,0.7284361304927621,2,4.0,original
9025.024,24996.965,2141.705,22.9,0.9255717259908262,2,4.0,original
9184.906,24947.488,2236.983,21.2,0.708751856519529,2,3.0,original
9202.591,24947.151,2189.149,23.8,1.053106263987631,2,3.0,original
9154.807,24910.028,2132.912,19.1,0.3816746537655627,2,3.0,original
9102.418,24909.079,2202.363,16.9,0.0589989393061426,2,3.0,original
9193.899,24782.66,2198.156,18.7,0.320289675857082,2,3.0,original
8981.244,25570.798,2163.617,16.4,-0.0426682793205222,3,4.0,original
8985.26,25581.47,2160.52,19.8,0.5034973903918751,2,4.0,original
9048.011,25598.299,2164.725,19.5,0.4740681138548057,2,4.0,original
9036.016,25339.931,2059.446,27.4,1.425010540789546,2,4.0,original
9087.897,25679.261,2160.895,12.9,-0.81522107427356,3,4.0,original
9080.64,25679.899,2138.816,12.4,-0.9734487290930868,3,4.0,original
9137.079,25045.5,2095.247,19.4,0.4612146045705892,2,3.0,original
9174.964,25049.175,2245.646,24.9,1.148600572912831,2,3.0,original
9132.332,25143.291,2075.454,16.8,0.0363905226932068,2,3.0,original
8700.032,23604.571,1906.354,41.57,2.453086075353951,1,1.0,original
9011.706,23703.441,2064.365,29.46,1.577930091224506,2,2.0,original
9031.884,23703.831,2029.252,26.79,1.346610387723196,2,2.0,original
8626.29,23802.141,2205.981,23.44,1.006433589319123,1,1.0,original
8877.836,23803.784,1801.859,37.6,2.09658852223175,1,2.0,original
8925.923,23802.574,1733.914,33.38,1.837692513672278,1,2.0,original
8665.476,23900.856,2134.819,22.25,0.8383298054451094,1,1.0,original
8711.764,23899.764,2044.779,23.27,0.9865023968059932,1,1.0,original
8787.671,23900.829,1889.056,39.85,2.280163727337502,1,1.0,original
8978.734,23901.286,2120.061,25.02,1.163759198525006,2,2.0,original
9027.013,23902.364,2030.22,19.27,0.4224827724521058,4,2.0,original
9050.126,23796.774,2085.112,28.16,1.477337115323307,2,2.0,original
8858.923,23797.428,2157.081,22.08,0.8045963803602998,1,1.0,original
8817.198,24001.906,2237.681,36.46,2.032938294250141,1,1.0,original
8898.915,24004.624,2096.097,31.68,1.751488841246049,1,1.0,original
8681.379,23999.152,2109.7,29.1,1.554269606684581,1,1.0,original
8713.667,23999.104,2058.241,41.68,2.469189366627092,1,1.0,original
8762.251,23999.386,1983.378,43.35,2.668426369214532,1,1.0,original
8690.11,23710.989,2218.315,8.31,-2.252874739673297,1,1.0,original
8816.552,24095.501,2011.738,28.33,1.49583967530224,1,1.0,original
8835.374,24203.585,1996.557,16.74,0.0213113746514239,1,1.0,original
8858.187,24204.686,1927.486,22.09,0.8065423774811203,1,2.0,original
8913.441,24207.801,1756.207,22.39,0.8561716633361495,0,2.0,original
9050.965,24203.257,1263.665,23.58,1.030374991802104,0,0.0,original
8777.834,24301.351,2144.872,23.94,1.062094826394535,1,1.0,original
9020.232,24306.17,1488.503,36.24,2.014636764095316,0,0.0,original
9061.478,24307.872,1371.047,15.59,-0.213636118831163,0,0.0,original
9215.323,23699.381,1964.187,31.13,1.730632281426165,2,2.0,original
9155.354,24100.247,2178.979,28.26,1.49070923622097,2,3.0,original
9167.337,24100.085,2159.057,24.55,1.127437725884892,2,3.0,original
8599.8,24045.4,1953.3,59.66,3.298038577639229,1,1.0,original
8604.3,24045.1,1942.2,35.66,1.975139115822331,1,1.0,original
8606.3,24044.9,1937.4,22.91,0.930036179723713,1,1.0,original
8608.6,24044.7,1931.8,22.55,0.8759457518609559,1,1.0,original
8628.2,24043.0,1883.1,29.73,1.602256432367752,1,1.0,original
8631.4,24042.7,1875.0,34.09,1.889854464862739,1,1.0,original
9046.7,23694.7,2027.3,21.23,0.7184619962535121,2,2.0,original
9050.4,23694.5,2020.8,26.3,1.292464893096989,2,2.0,original
9062.9,23693.7,1998.6,42.74,2.598475931214059,2,2.0,original
9068.1,23693.3,1989.5,26.56,1.325619263086352,2,2.0,original
8697.8,23902.3,2131.3,32.22,1.784950170834355,1,1.0,original
8715.8,23902.6,2094.2,29.14,1.56138747028482,1,1.0,original
8724.9,23902.8,2075.3,22.61,0.8883093448377878,1,1.0,original
8768.5,23904.2,1983.9,40.06,2.297643430708086,1,1.0,original
8787.4,23905.0,1943.9,24.84,1.140137760511694,1,1.0,original
8617.4,23996.6,2166.2,41.04,2.399053498270201,1,1.0,original
8660.9,23994.0,2085.7,17.73,0.17782697898639,1,1.0,original
8709.9,23990.5,1989.6,54.25,2.946972040868107,1,1.0,original
8980.0,24228.8,2254.9,21.76,0.7558434779825427,2,3.0,original
8994.0,24228.8,2219.2,17.5,0.1359106806464805,2,3.0,original
9001.8,24228.8,2199.0,16.76,0.0250940075263083,2,3.0,original
9017.2,24228.7,2159.1,24.38,1.104013941773114,2,2.0,original
9044.7,24228.3,2086.9,22.14,0.8133044822725883,2,2.0,original
9051.9,24228.1,2068.0,27.05,1.381118939092056,2,2.0,original
9095.2,24227.7,1952.0,25.36,1.200476389783171,2,2.0,original
8577.3,23756.2,2054.7,22.2,0.8249333882852439,1,1.0,original
8829.7,24298.7,2063.1,26.22,1.275302474602153,1,1.0,original
8831.8,24298.6,2057.5,31.06,1.727223454437318,1,1.0,original
8843.1,24298.1,2028.1,28.63,1.524861411746954,1,1.0,original
8861.8,24297.1,1979.0,22.94,0.9353231916648064,1,1.0,original
8878.9,24296.2,1934.2,27.1,1.39120205536241,1,2.0,original
8933.1,24293.7,1787.9,29.7,1.594526438422721,1,2.0,original
8952.0,24292.5,1735.7,32.33,1.791764287378515,0,2.0,original
9014.9,24288.4,1557.6,28.18,1.483319760644569,0,0.0,original
9025.1,24287.4,1527.8,28.15,1.474681730522365,0,0.0,original
9032.9,24286.8,1505.1,32.53,1.802753696657698,0,0.0,original
9034.7,24286.7,1499.9,23.07,0.9629652676192324,0,0.0,original
9125.0,24101.0,2190.0,28.08,1.466653011596146,2,3.0,original
9129.7,24101.1,2182.3,15.96,-0.1289827244837449,4,3.0,original
9134.3,24101.3,2174.6,29.26,1.568306276733269,2,3.0,original
9139.0,24101.5,2166.9,22.54,0.873777443631047,2,3.0,original
9149.0,24101.9,2150.1,22.69,0.8995338605921871,2,3.0,original
9162.8,24102.5,2126.9,18.9,0.3481497443296034,2,3.0,original
8603.4,24256.7,1901.5,35.9,1.985935187645218,1,1.0,original
8610.8,24256.9,1885.1,30.74,1.702795991326823,1,1.0,original
8859.3,24003.3,2193.0,48.49,2.81258634957502,2,1.0,original
8862.3,24003.4,2187.8,60.87,5.19933758270342,2,1.0,original
8935.5,24005.4,2057.7,42.08,2.525923124501661,2,2.0,original
8604.1,23997.4,2190.5,30.59,1.684285301674897,1,1.0,original
9191.191,24099.732,2119.144,30.19,1.657776737782447,2,3.0,original
8909.158,24374.246,2185.868,33.92,1.867279504791683,2,1.0,original
9259.781,24442.823,2092.54,25.62,1.228290579391109,2,3.0,original
9266.329,24442.385,2076.587,22.05,0.7934248035533935,2,3.0,original
9269.506,24442.184,2068.977,17.5,0.1359106806464805,2,3.0,original
8888.311,24424.422,2225.942,14.46,-0.4541323662972941,1,1.0,original
8998.729,24423.706,2231.681,22.4,0.8589968801153813,2,3.0,original
8940.85,24472.211,2195.929,18.25,0.2702617604876176,2,1.0,original
8942.918,24472.097,2187.17,24.37,1.10230375439108,2,1.0,original
9327.138,24445.367,2096.878,21.13,0.6974876064713338,2,3.0,original
8921.769,24518.519,2177.349,30.25,1.667720267311404,2,1.0,original
9260.028,24469.315,2058.861,22.31,0.8444939236732143,2,3.0,original
9232.205,24519.015,2137.733,25.39,1.204738646343398,2,3.0,original
8885.859,24374.982,2240.34,15.6,-0.207222833412141,1,1.0,original
9018.254,24547.623,2227.698,20.64,0.636168698739131,2,3.0,original
9022.215,24547.183,2216.38,34.66,1.944127770090208,2,3.0,original
9115.421,24568.738,2264.271,18.07,0.2419630314331279,2,3.0,original
9118.557,24568.462,2255.043,33.4,1.838945992265913,2,3.0,original
9132.093,24929.613,2223.49,17.76,0.1829275640059214,2,3.0,original
9138.451,24929.317,2201.909,23.48,1.012585672830608,2,3.0,original
9209.45,24749.091,2221.501,26.81,1.352622764219689,2,3.0,original
8989.822,24723.216,2248.831,20.45,0.6135094449805308,2,3.0,original
9062.737,24751.228,2079.003,27.37,1.411293269734521,2,3.0,original
9235.127,24990.158,2219.509,18.17,0.2575507301943624,2,3.0,original
9230.26,24990.142,2211.061,20.05,0.5508746435120223,2,3.0,original
9225.065,24990.077,2201.936,30.04,1.635205967026207,2,3.0,original
9216.594,24989.992,2186.91,36.75,2.05932469067923,2,3.0,original
9210.758,24989.933,2176.424,16.63,-0.0012545690351248,2,3.0,original
9200.992,24989.705,2158.687,13.04,-0.7714496755296383,4,3.0,original
9196.658,24989.577,2150.8,15.83,-0.14959683819772,2,3.0,original
9190.897,24989.392,2140.275,14.7,-0.404716808217749,4,3.0,original
9184.795,24989.233,2129.081,28.51,1.513588931527053,2,3.0,original
9201.51,25057.59,2201.344,11.15,-1.312137680736437,4,3.0,original
9202.542,25057.391,2187.885,10.08,-1.674185775910647,4,3.0,original
9203.915,25057.043,2169.189,15.26,-0.275694418715956,2,3.0,original
9204.785,25056.825,2157.222,14.33,-0.4743297340448751,4,3.0,original
9110.487,25036.365,2174.384,21.92,0.7850568102342498,2,3.0,original
9112.788,25036.466,2166.462,33.87,1.864223956697726,2,3.0,original
9115.378,25036.578,2157.844,19.2,0.4060788237506919,2,3.0,original
9120.906,25036.844,2139.93,19.56,0.4797834511122173,2,3.0,original
9131.156,25037.307,2104.643,18.42,0.280910849646044,2,3.0,original
9144.176,25037.759,2059.226,13.44,-0.6892827207942038,4,3.0,original
9150.972,25037.978,2033.872,12.45,-0.9515182841460368,4,3.0,original
9153.87,25038.018,2023.002,11.4,-1.237465706445763,4,3.0,original
8950.938,25011.71,2079.291,14.28,-0.4886334674814359,4,2.0,original
8962.303,25011.503,2047.515,15.92,-0.1346445798518418,4,2.0,original
8966.049,25011.403,2036.908,17.77,0.1867943686820359,2,2.0,original
8963.495,24971.79,2071.467,38.47,2.14544968894604,2,2.0,original
8965.39,24971.556,2064.993,19.15,0.3885130976398644,2,2.0,original
8973.5,24970.465,2036.131,27.53,1.438279671700094,2,2.0,original
9166.448,24927.988,2103.057,20.56,0.6237997236533903,2,3.0,original
9168.849,24927.918,2094.384,14.12,-0.5278969666229575,4,3.0,original
9173.273,24927.786,2078.488,27.37,1.411293269734521,2,3.0,original
9195.235,24926.698,1998.195,13.49,-0.6800125783688008,4,3.0,original
9197.771,24926.587,1988.782,12.6,-0.8995338605921868,4,3.0,original
9226.572,24399.556,2237.67,17.54,0.149806092062333,2,3.0,original
9315.076,24371.62,2258.953,26.53,1.321690549340497,2,3.0,original
9326.972,24370.575,2228.19,16.41,-0.0338798354034919,2,3.0,original
9278.459,24447.851,2246.632,19.91,0.5209394983066646,2,3.0,original
9098.47,24472.618,2243.61,12.14,-1.027246718790668,4,3.0,original
9164.123,24563.791,2123.283,25.99,1.264448547931092,2,3.0,original
9286.023,24549.86,2221.289,16.4,-0.0426682793205222,2,3.0,original
9297.427,24549.938,2108.619,22.12,0.8105390450682207,2,3.0,original
8907.772,24573.863,2194.841,23.72,1.040530066337385,2,1.0,original
8918.974,24573.63,2161.419,25.6,1.225908563229464,2,1.0,original
9275.303,24623.766,2251.117,22.76,0.9049849970908556,2,3.0,original
9275.112,24599.155,2155.154,19.19,0.401995024919857,2,3.0,original
9164.305,24623.821,2270.72,16.6,-0.0075274833238293,2,3.0,original
9183.777,24561.603,2065.053,31.95,1.77346905370426,2,3.0,original
9215.934,24548.468,2143.055,25.24,1.184446818906046,2,3.0,original
9218.249,24548.338,2132.814,21.11,0.6943712915288447,2,3.0,original
9219.168,24598.564,2253.533,12.67,-0.8757667054130063,4,3.0,original
9043.027,24673.987,2256.422,15.03,-0.3335240495476219,2,3.0,original
9165.887,24672.134,2218.905,15.63,-0.1969791629904471,2,3.0,original
9163.742,24725.725,2124.238,22.04,0.7914600929817928,2,3.0,original
8992.362,24963.91,2115.183,15.36,-0.2510159186832716,4,4.0,original
8994.915,24963.889,2105.773,14.33,-0.4743297340448751,4,4.0,original
8998.625,24963.871,2092.015,11.21,-1.275302474602153,4,2.0,original
9000.948,24963.848,2083.32,39.6,2.254057301839977,2,2.0,original
9018.262,24963.384,2016.53,34.18,1.903945730478446,2,2.0,original
8977.615,24990.355,2109.835,24.2,1.091850136913015,2,4.0,original
8980.303,24990.194,2102.835,20.81,0.6593515916912578,2,4.0,original
8977.381,25027.862,2148.65,31.65,1.749708004523874,2,4.0,original
8979.462,25027.805,2142.229,16.88,0.053131518670547,2,4.0,original
8994.56,25027.459,2095.089,39.17,2.226993604784916,2,4.0,original
8996.819,25027.401,2087.938,15.73,-0.1663673486153114,4,4.0,original
8999.745,25027.319,2078.638,18.75,0.3335240495476219,2,4.0,original
8862.692,25345.332,2109.206,34.33,1.918961534877199,2,4.0,original
8995.628,24722.623,2225.551,21.23,0.7184619962535121,2,3.0,original
9258.725,24672.1,2250.794,18.49,0.2933812321211932,2,3.0,original
9259.663,24671.944,2243.354,15.16,-0.307111166190688,2,3.0,original
9261.099,24671.739,2232.955,13.83,-0.5939395388892443,4,3.0,original
9140.553,24929.203,2194.71,15.23,-0.280910849646044,2,3.0,original
9142.842,24929.076,2186.785,19.83,0.5092493337732175,2,3.0,original
9203.259,25057.208,2178.163,9.17,-1.996287009896094,4,3.0,original
9121.531,24929.888,2259.47,15.64,-0.1923633137225106,2,3.0,original
9103.824,25036.173,2195.874,18.76,0.3358721762572525,2,3.0,original
9106.034,25036.209,2188.707,17.86,0.208888329148657,2,3.0,original
9176.297,24988.989,2113.215,15.55,-0.223915797965116,2,3.0,original
9173.13,24988.889,2107.256,42.97,2.646995042729217,2,3.0,original
9168.907,24988.761,2099.308,24.7,1.133619571409614,2,3.0,original
9163.312,24988.568,2088.695,16.5,-0.0213292851438357,2,3.0,original
9157.046,24988.294,2076.74,20.25,0.5642667997585257,2,3.0,original
9146.339,25037.852,2051.265,15.16,-0.307111166190688,4,3.0,original
9013.658,24987.617,2015.263,12.13,-1.033832286803354,4,2.0,original
8905.949,24499.145,2254.946,12.85,-0.8270073590307454,1,1.0,original
9178.667,24927.604,2058.97,13.55,-0.6549304836891207,4,3.0,original
9045.138,24920.365,1986.219,16.39,-0.0514600200966289,4,2.0,original
9241.984,24748.101,2079.689,20.09,0.5533711308965811,2,3.0,original
9243.627,24748.046,2072.371,17.41,0.1231045712308126,2,3.0,original
9245.104,24747.997,2065.785,25.95,1.25657690319421,2,3.0,original
9246.908,24747.937,2057.735,14.95,-0.344977405423643,4,3.0,original
8978.23,25011.096,2003.831,17.8,0.195700178301204,2,2.0,original
8987.316,25011.025,1978.406,17.11,0.0877390961677729,4,2.0,original
9273.229,24599.172,2164.72,18.94,0.3554303616901202,2,3.0,original
9222.657,24498.078,2152.987,24.0,1.070179963488352,2,3.0,original
9011.445,24924.547,2106.778,36.51,2.041520746982112,2,4.0,original
9013.52,24924.314,2099.575,34.89,1.955802492185393,2,2.0,original
9016.409,24923.973,2089.486,15.92,-0.1346445798518418,4,2.0,original
9020.099,24923.517,2076.508,20.97,0.6768541480424047,2,2.0,original
9223.311,24548.164,2110.123,16.08,-0.1065706462657944,4,3.0,original
9155.822,24601.006,2080.496,22.07,0.7999689045671678,2,3.0,original
9291.44,24599.253,2071.231,16.31,-0.0615126365524982,4,3.0,original
9293.439,24599.206,2060.923,22.06,0.7962083738605304,2,3.0,original
9257.058,24747.609,2012.358,20.82,0.6611657370873262,2,3.0,original
9088.028,24751.028,2027.169,15.63,-0.1969791629904471,4,2.0,original
9246.084,24689.794,2083.892,20.54,0.6216605509333716,2,3.0,original
9279.564,24657.817,2084.13,15.84,-0.1473156467698586,4,3.0,original
9296.299,24599.09,2046.199,17.82,0.2032832600460802,2,3.0,original
9118.757,24599.75,2221.184,25.73,1.2369536164985,2,3.0,original
9253.243,24600.14,2259.374,20.72,0.6448777192367403,2,3.0,original
9292.137,24692.097,2127.878,12.71,-0.8589096039503576,4,3.0,original
9100.829,24648.102,2247.03,10.11,-1.64289404037595,4,3.0,original
9205.874,24749.214,2236.839,10.99,-1.397836528971104,4,3.0,original
9199.97,24926.522,1980.571,12.61,-0.891856905766332,4,3.0,original
9140.425,25037.614,2072.194,14.24,-0.5049220111265829,4,3.0,original
9081.76,24991.506,2139.485,18.18,0.2613873726778878,2,3.0,original
9172.603,24951.659,2174.974,20.38,0.5920066223547548,2,3.0,original
9087.496,24991.281,2126.442,20.45,0.6135094449805308,2,3.0,original
9042.79,24989.05,2050.17,19.78,0.5004405738381885,2,2.0,original
9126.59,25037.138,2120.497,19.08,0.3791714170977714,2,3.0,original
8988.254,24967.85,1983.475,17.83,0.2050697564141877,2,2.0,original
8990.141,24967.412,1976.23,12.94,-0.8018446964596166,4,2.0,original
9069.038,24992.03,2168.297,16.69,0.0075274833238294,2,3.0,original
9033.123,24717.681,2069.572,15.22,-0.2861349357549179,4,2.0,original
9276.948,24671.195,2108.718,20.77,0.6514164127457128,2,3.0,original
9282.756,24670.67,2063.343,18.59,0.3074579443865439,2,3.0,original
9205.895,24623.91,2071.022,25.57,1.222257725813506,2,3.0,original
9196.447,24623.943,2119.61,20.78,0.6549304836891207,2,3.0,original
9294.679,24623.775,2082.74,30.63,1.689256628623778,2,3.0,original
9270.947,24689.553,2023.566,18.04,0.2342191939146195,2,3.0,original
8746.621,24368.851,2122.416,24.49,1.123517803925087,1,1.0,original
8922.347,24267.605,2188.393,24.03,1.075515325868409,2,1.0,original
8987.018,24265.97,2100.986,18.68,0.3128294185379789,2,2.0,original
8997.787,24265.345,2086.576,14.5,-0.4473052807811119,4,2.0,original
9094.193,25953.193,2027.487,8.83,-2.087339395383226,3,4.0,original
9080.262,25953.035,2007.883,11.64,-1.184446818906046,3,4.0,original
9088.545,25953.129,2019.539,9.55,-1.855208512011558,3,4.0,original
9183.671,26372.014,2227.828,18.58,0.306925961498305,3,4.0,original
9008.065,24776.015,1961.174,16.17,-0.0910750990284723,4,2.0,original
8809.566,24467.487,2034.566,13.15,-0.7568286227057104,1,1.0,original
8997.51,25670.313,2031.095,12.44,-0.956929736452924,3,4.0,original
9058.616,26151.271,1985.239,20.3,0.5805236222863163,3,4.0,original
9059.541,26151.302,1977.041,16.86,0.0456832015682671,3,4.0,original
9052.718,26151.075,2037.406,18.93,0.353976847779841,3,4.0,original
9056.425,26151.19,2004.615,16.66,0.001254569035125,3,4.0,original
9061.592,26151.367,1959.158,16.37,-0.053972647052413,3,4.0,original
9060.733,26151.338,1966.609,22.37,0.850848009408713,3,4.0,original
8993.686,25668.083,2019.139,11.67,-1.166918601135317,3,4.0,original
8991.426,25666.793,2012.105,15.9,-0.13826321114163,3,4.0,original
8984.447,25662.737,1990.301,19.25,0.4184311908309546,3,4.0,original
9035.308,25825.252,2055.946,11.54,-1.203927746537136,3,4.0,original
9025.955,25825.489,2037.987,11.41,-1.234533830295906,3,4.0,original
9007.103,25825.62,2001.298,19.17,0.3924349830336783,3,4.0,original
9004.043,25825.643,1995.281,12.65,-0.8808881195869299,3,4.0,original
8980.842,26082.369,2106.289,15.05,-0.3300372319711639,3,4.0,original
9009.832,26082.25,2014.771,11.72,-1.144390182586851,3,4.0,original
9021.959,26082.225,1975.345,22.53,0.8718609134348221,3,4.0,original
9024.589,26082.238,1966.737,14.01,-0.5569266030950196,3,4.0,original
9030.044,26082.288,1948.799,16.76,0.0250940075263083,3,4.0,original
9137.169,26027.491,2112.254,7.51,-2.588478319889218,3,4.0,original
9123.62,26027.793,2092.448,10.19,-1.597698422091424,3,4.0,original
9117.302,26027.891,2083.139,11.67,-1.166918601135317,3,4.0,original
9152.89,26219.827,2217.06,14.75,-0.3924106733646152,3,4.0,original
9140.603,26219.57,2200.032,10.02,-1.710791252563054,3,4.0,original
9144.545,26219.719,2205.509,14.01,-0.5569266030950196,3,4.0,original
9137.098,26219.514,2195.164,12.56,-0.9169462979277392,3,4.0,original
9133.152,26219.606,2189.688,14.24,-0.5049220111265829,3,4.0,original
9129.213,26219.558,2184.207,10.08,-1.674185775910647,3,4.0,original
9117.471,26219.251,2167.713,14.61,-0.4278565050223814,3,4.0,original
9112.708,26219.06,2160.98,12.86,-0.8231716109385887,3,4.0,original
8738.68,24527.729,2141.32,21.15,0.70159991634493,1,1.0,original
8808.355,24349.409,2228.053,14.97,-0.3421046837786077,1,1.0,original
8819.578,24349.295,2199.424,12.74,-0.8510780040759653,1,1.0,original
8825.554,24349.182,2184.045,11.05,-1.356630060116488,1,1.0,original
8743.038,24527.952,2120.778,14.06,-0.5466177705887929,1,1.0,original
8754.888,24399.37,2251.861,14.02,-0.552009895985837,1,1.0,original
8758.15,24399.384,2245.107,12.09,-1.050559626466727,1,1.0,original
8756.499,24470.456,2122.499,25.33,1.196301439146879,1,1.0,original
9042.106,26150.457,2129.796,8.78,-2.109384386454083,3,4.0,original
8810.847,24399.098,2134.801,12.16,-1.021849141190017,1,1.0,original
8828.957,24398.71,2096.079,22.17,0.8183984487109307,1,1.0,original
8834.62,24398.57,2083.825,16.97,0.0696993058956093,1,1.0,original
8854.6,24397.757,2041.016,15.2,-0.2926760607617537,1,1.0,original
9120.671,26200.272,2180.037,10.19,-1.597698422091424,3,4.0,original
9123.513,26200.208,2174.753,15.13,-0.3125276602418971,3,4.0,original
9126.709,26200.151,2168.807,7.92,-2.353612300517151,3,4.0,original
9134.083,26199.942,2154.892,11.16,-1.301190684205984,3,4.0,original
9143.913,26199.631,2136.338,11.76,-1.14008337607808,3,4.0,original
9146.723,26199.54,2131.037,9.31,-1.955313210795025,3,4.0,original
9152.688,26199.355,2119.77,9.1,-2.015980242085111,3,4.0,original
9085.744,25800.899,2001.315,15.69,-0.17782697898639,3,4.0,original
9062.417,25800.966,1969.132,11.62,-1.19300110187273,3,4.0,original
9057.59,25800.959,1962.442,12.83,-0.8302341575863219,3,4.0,original
9051.026,25800.985,1953.305,12.77,-0.8446521467252647,3,4.0,original
9040.992,25801.118,1939.275,12.93,-0.8056920745819013,3,4.0,original
9035.344,25801.119,1931.328,18.16,0.2549019905594725,3,4.0,original
9031.002,25801.095,1925.212,16.51,-0.0163101162853242,3,4.0,original
8858.895,24200.86,2251.95,20.85,0.6640627185696378,1,1.0,original
8860.841,24200.912,2245.487,18.11,0.2506699162844028,1,1.0,original
8881.875,24201.6,2175.848,21.54,0.739266723065256,1,1.0,original
8839.121,24250.801,2236.701,17.17,0.0966381076526333,1,1.0,original
8858.179,24251.034,2197.599,20.02,0.5464658402252025,1,1.0,original
8902.909,24252.135,2107.611,16.21,-0.0826788846086522,1,1.0,original
8936.753,24299.085,2263.215,24.23,1.093703826048489,2,1.0,original
8957.863,24298.274,2196.741,20.59,0.6286859839889694,2,1.0,original
8930.563,24627.445,2054.387,13.68,-0.6271963576001219,4,2.0,original
8924.209,24627.843,2031.246,14.94,-0.3467988625921065,1,2.0,original
9152.766,24355.446,2230.672,19.37,0.4562130136404116,2,3.0,original
9155.745,24355.58,2224.617,15.19,-0.2992297324571836,2,3.0,original
9180.714,24356.306,2174.219,24.99,1.156976704104171,2,3.0,original
9197.462,24356.766,2140.671,15.33,-0.2576216475998694,4,3.0,original
8807.414,24174.927,2217.905,27.23,1.398967295176265,1,1.0,original
8958.077,26002.033,2029.32,13.68,-0.6271963576001219,3,4.0,original
8960.428,26002.092,2023.8,14.71,-0.3979179193672613,3,4.0,original
8963.652,26002.106,2016.206,14.27,-0.4921368228083809,3,4.0,original
8992.698,26002.844,1947.064,14.91,-0.3554303616901199,3,4.0,original
8996.123,26002.921,1938.742,14.15,-0.5206614945725153,3,4.0,original
8997.83,26002.977,1934.578,19.72,0.4977982284659025,3,4.0,original
8942.652,26001.84,2065.139,13.29,-0.73973721941389,3,4.0,original
8984.644,26002.644,1966.457,11.93,-1.10770288396291,3,4.0,original
8990.693,26002.803,1951.916,13.43,-0.6927148969290063,3,4.0,original
9103.688,24222.969,2214.163,16.7,0.0125460161815425,2,3.0,original
8838.705,24444.829,2030.691,21.79,0.757945958793571,1,1.0,original
8757.821,24449.131,2211.362,13.1,-0.7630300992592184,1,1.0,original
8782.826,24447.944,2155.188,25.94,1.252840088418682,1,1.0,original
8786.526,24447.726,2146.987,22.35,0.8477117372734889,1,1.0,original
8792.371,24447.333,2133.997,19.33,0.4456218212231421,1,1.0,original
8822.176,24445.702,2067.654,25.07,1.172598790606963,1,1.0,original
8825.859,24445.511,2059.444,25.03,1.166079530234547,1,1.0,original
8822.704,24427.306,2028.489,23.01,0.9495472701112364,1,1.0,original
8825.491,24427.396,2019.932,22.85,0.9165019029489972,1,1.0,original
8964.817,25925.505,2046.141,13.96,-0.5727682497348803,3,4.0,original
8987.92,25925.161,2021.542,21.83,0.7713257447086419,3,4.0,original
9022.445,25924.554,1985.037,17.51,0.1460475087974106,3,4.0,original
9027.628,25924.428,1979.617,15.63,-0.1969791629904471,3,4.0,original
9033.841,25924.226,1973.109,16.45,-0.0288590856043919,3,4.0,original
9039.528,25923.95,1967.139,12.14,-1.027246718790668,3,4.0,original
9047.278,25923.622,1958.991,9.94,-1.732204721988833,3,4.0,original
9053.483,25923.502,1952.474,13.7,-0.6239212923963902,3,4.0,original
9058.647,25923.456,1947.035,11.55,-1.201847393639443,3,4.0,original
8757.574,24425.382,2228.123,12.15,-1.023536850869958,1,1.0,original
8760.629,24425.475,2218.864,17.14,0.0910750990284728,1,1.0,original
8804.128,24426.629,2085.536,17.75,0.1808335345839269,1,1.0,original
8818.528,24427.158,2041.326,22.21,0.832975938559765,1,1.0,original
9047.407,24676.31,1915.064,22.15,0.8156787628391501,2,2.0,original
9051.023,24676.315,1908.493,17.51,0.1460475087974106,4,2.0,original
9067.671,24676.056,1878.277,17.9,0.2136361188311631,4,2.0,original
8920.06,24628.057,2016.055,15.49,-0.2360099352012977,1,2.0,original
8779.563,23925.581,2200.132,21.81,0.7683814440495111,1,1.0,original
8797.831,23925.162,2157.374,19.43,0.4638588033395399,1,1.0,original
8815.164,23924.184,2118.308,13.74,-0.6211508796517266,1,1.0,original
8920.069,23901.01,2191.71,23.21,0.9734327827708784,1,1.0,original
8923.008,23901.075,2185.634,15.12,-0.3150117233426268,1,1.0,original
8731.821,24527.272,2173.596,27.03,1.377652781182792,1,1.0,original
9008.518,24074.246,2105.212,19.21,0.4095976530033049,2,2.0,original
9219.154,24357.531,2097.86,18.98,0.3655314769729693,2,3.0,original
8869.958,24349.629,2066.131,14.89,-0.3619238899135164,1,1.0,original
8667.035,24313.092,2076.635,27.58,1.441897452229983,1,1.0,original
9037.145,26200.538,2099.925,24.84,1.140137760511694,3,4.0,original
9102.987,26028.135,2062.038,16.93,0.0639732745720652,3,4.0,original
9005.364,26082.263,2029.09,15.98,-0.1245233660830673,3,4.0,original
9032.859,26082.279,1939.464,20.66,0.6399522270860472,3,4.0,original
9035.226,26082.284,1931.561,15.94,-0.1312891700230893,3,4.0,original
8955.128,26001.97,2036.216,14.82,-0.3735908953653471,3,4.0,original
8956.311,26001.992,2033.459,12.03,-1.061962180539471,3,4.0,original
9108.044,26028.052,2069.483,8.35,-2.230135515389549,3,4.0,original
8959.98,23997.936,2180.261,23.04,0.9569113671111468,2,2.0,original
8965.303,25651.467,1930.548,19.28,0.4279758970525155,3,4.0,original
9149.375,26219.78,2212.197,22.38,0.853247139315341,3,4.0,original
9120.927,26219.433,2172.615,18.04,0.2342191939146195,3,4.0,original
9073.354,26218.06,2105.232,14.11,-0.5302315237698679,3,4.0,original
9078.095,26200.116,2197.422,15.03,-0.3335240495476219,3,4.0,original
9069.376,26200.23,2176.681,17.5,0.1359106806464805,3,4.0,original
9062.98,26200.327,2161.471,23.86,1.058198970205178,3,4.0,original
8977.582,26082.385,2116.27,22.61,0.8883093448377878,3,4.0,original
9011.49,24775.918,1951.248,17.67,0.1686074125000132,4,2.0,original
9153.816,26026.939,2136.298,14.88,-0.3634489127499445,3,4.0,original
8877.757,24201.427,2189.489,18.07,0.2419630314331279,1,1.0,original
9136.188,26199.911,2150.915,13.25,-0.7442926555938577,3,4.0,original
9138.644,26199.808,2146.276,10.01,-1.716692818509272,3,4.0,original
9142.156,26199.681,2139.65,12.89,-0.8178049227354095,3,4.0,original
9149.529,26199.436,2125.735,13.53,-0.6590572416786886,3,4.0,original
8852.399,24349.463,2113.214,17.99,0.2228668714683448,1,1.0,original
8933.049,24319.965,2060.843,20.97,0.6768541480424047,1,2.0,original
9190.092,24356.682,2155.433,20.25,0.5642667997585257,2,3.0,original
8912.167,24321.388,2124.226,17.61,0.1625523959526249,1,1.0,original
8999.07,26082.345,2049.125,23.01,0.9495472701112364,3,4.0,original
9112.676,26027.976,2076.309,11.14,-1.316978184327039,3,4.0,original
9038.108,25825.168,2061.252,14.21,-0.5095348632933987,3,4.0,original
9032.537,25825.339,2050.625,13.66,-0.6336400007797011,3,4.0,original
8989.616,25665.766,2006.477,15.67,-0.1847293867592549,3,4.0,original
8987.36,25664.471,1999.443,12.37,-0.9876515644974216,3,4.0,original
9076.056,25801.077,1987.96,14.92,-0.3532691919629601,3,4.0,original
9068.134,25800.968,1977.03,14.35,-0.4710213304677233,3,4.0,original
8995.104,25925.052,2013.885,14.64,-0.4233159244055488,3,4.0,original
9006.418,25924.882,2001.877,16.44,-0.0314081223582449,3,4.0,original
9011.581,25924.772,1996.438,17.65,0.1666151184275132,3,4.0,original
8655.017,24198.726,2239.37,21.28,0.7249732056113145,1,1.0,original
8734.473,24527.444,2161.126,29.8,1.617122302282449,1,1.0,original
8912.954,26001.397,2132.369,11.86,-1.116368890290763,3,4.0,original
9140.399,26199.735,2142.963,14.01,-0.5569266030950196,3,4.0,original
9098.779,26028.216,2055.83,12.71,-0.8589096039503576,3,4.0,original
8741.088,23874.012,2208.138,9.79,-1.781244407675155,1,1.0,original
8988.968,23972.391,2137.085,24.47,1.120004453210245,2,2.0,original
8992.765,23972.262,2129.762,28.65,1.529558186142137,2,2.0,original
8765.762,24075.798,2166.192,16.04,-0.1108429440910947,1,1.0,original
8997.172,24074.803,2136.993,18.42,0.280910849646044,2,2.0,original
8836.214,24101.833,2127.515,18.4,0.2783016875657953,1,1.0,original
8841.025,24101.627,2114.103,16.87,0.0489477179816034,1,1.0,original
8641.06,24123.929,2077.261,25.85,1.245510272321043,1,1.0,original
9013.939,24775.825,1944.16,20.99,0.6831778069051377,2,2.0,original
9035.75,24775.16,1880.285,12.49,-0.9377977680303105,4,2.0,original
9159.127,24129.376,2182.39,17.79,0.1909477397681947,2,3.0,original
9179.264,24130.655,2139.665,14.65,-0.4210970569909634,4,3.0,original
9183.725,24130.856,2130.162,12.49,-0.9377977680303105,4,3.0,original
9156.556,24129.259,2187.81,17.58,0.1540855008259132,2,3.0,original
9162.016,24129.48,2176.29,30.12,1.643760292346086,2,3.0,original
9170.338,24130.014,2158.663,34.46,1.929990825498907,2,3.0,original
9175.761,24130.412,2147.131,20.0,0.5395988872028699,2,3.0,original
8847.425,24101.442,2096.481,12.62,-0.8888400117499843,1,1.0,original
8785.346,24047.143,2021.302,12.42,-0.9608536026483904,1,1.0,original
8793.115,24318.93,2002.252,14.24,-0.5049220111265829,1,1.0,original
8913.725,24031.087,2052.756,20.39,0.5964907108195574,1,2.0,original
8786.483,24319.368,2019.785,20.27,0.5731153914071752,1,1.0,original
8884.988,24247.746,2036.514,13.55,-0.6549304836891207,1,1.0,original
8879.561,24247.899,2048.874,14.82,-0.3735908953653471,1,1.0,original
8774.803,24047.272,2041.178,11.04,-1.361741902615114,1,1.0,original
8779.363,24047.205,2032.561,14.42,-0.4595270492604179,1,1.0,original
8775.509,24114.231,1989.418,13.8,-0.6059551370107433,1,1.0,original
8777.709,24114.029,1983.84,32.82,1.813721856298947,1,1.0,original
9108.006,24519.509,1893.974,19.94,0.5323863484115576,4,2.0,original
8771.303,24047.357,2047.811,15.29,-0.268045926378199,1,1.0,original
8918.981,24025.773,2037.209,28.5,1.505527186038919,1,2.0,original
9047.871,24559.356,1867.693,36.18,2.008286366191264,2,2.0,original
9050.986,24556.85,1862.254,17.51,0.1460475087974106,4,2.0,original
9061.528,24624.24,1860.012,19.81,0.5067241682416694,4,2.0,original
8742.645,24117.233,2073.149,25.01,1.159948931201987,1,1.0,original
8743.736,24117.138,2070.357,18.04,0.2342191939146195,1,1.0,original
8934.987,24174.008,2144.122,26.47,1.312811604276078,2,1.0,original
8944.375,24173.446,2116.425,40.76,2.357327370554604,2,2.0,original
8719.181,24438.453,2057.206,16.24,-0.0766035447506464,1,1.0,original
9007.721,24662.656,1909.961,12.37,-0.9876515644974216,4,2.0,original
9023.477,24624.826,1930.664,24.45,1.113282675644864,2,2.0,original
9051.551,24624.478,1878.49,14.69,-0.4129002748790691,4,2.0,original
9015.873,24662.68,1896.485,19.9,0.5163562651199474,4,2.0,original
9025.192,24662.58,1881.086,16.91,0.0617486632711631,4,2.0,original
8871.098,24248.095,2068.092,19.27,0.4224827724521058,1,1.0,original
8875.938,24247.998,2057.112,26.26,1.283861891254575,1,1.0,original
8957.948,24172.72,2076.685,23.22,0.9774865599420672,2,2.0,original
8960.373,24172.572,2069.59,18.96,0.3614736186713427,1,2.0,original
9031.987,24572.199,1895.496,16.76,0.0250940075263083,4,2.0,original
9038.882,24566.607,1883.405,18.79,0.3403363592967935,4,2.0,original
8785.958,24113.324,1962.919,17.09,0.0843306773530369,1,1.0,original
8779.911,24113.862,1978.261,34.08,1.885863637981925,1,1.0,original
8803.01,24111.722,1919.688,20.89,0.6683961330453326,1,1.0,original
8792.419,24046.976,2008.075,14.79,-0.3870776830245226,1,1.0,original
8817.962,24046.19,1960.505,19.2,0.4060788237506919,1,1.0,original
9035.434,24569.402,1889.45,18.64,0.3104890692962018,4,2.0,original
8859.372,24044.437,1884.014,16.35,-0.0574481215887422,1,2.0,original
8805.478,24111.481,1913.41,24.12,1.083297854725801,1,1.0,original
8809.588,24111.111,1902.944,17.85,0.2078718633474536,1,1.0,original
8826.565,24109.496,1859.684,19.46,0.4696030591824158,1,2.0,original
8829.296,24109.23,1852.705,19.0,0.3686175836502739,1,2.0,original
8832.567,24108.902,1844.326,20.75,0.6485861905890503,1,2.0,original
9016.357,24168.312,1905.692,17.49,0.1293173159991616,4,2.0,original
9111.965,24515.728,1884.145,17.37,0.114414892630001,4,2.0,original
9114.617,24513.223,1877.592,19.02,0.3735908953653471,4,2.0,original
9116.205,24511.717,1873.66,30.15,1.650110063477416,2,2.0,original
8561.307,24497.839,2198.747,23.17,0.9704029168589454,1,1.0,original
8564.355,24497.695,2192.726,18.75,0.3335240495476219,1,1.0,original
8577.169,24497.232,2167.275,27.4,1.425010540789546,1,1.0,original
8627.913,24550.637,2142.35,29.77,1.612970112659074,1,1.0,original
9146.751,24123.578,2068.482,29.95,1.628406122054108,2,3.0,original
9149.672,24123.491,2062.397,25.72,1.236323864639264,2,3.0,original
8951.397,23901.904,2126.89,24.43,1.110485433749452,1,2.0,original
8961.127,23902.129,2106.604,22.64,0.8918945678483157,1,2.0,original
8970.856,23902.343,2086.318,20.97,0.6768541480424047,1,2.0,original
8989.084,23902.842,2048.483,16.28,-0.0663359331717214,4,2.0,original
8991.695,23902.881,2043.081,21.2,0.708751856519529,1,2.0,original
8840.499,23824.705,2137.124,18.7,0.320289675857082,1,1.0,original
8873.375,23825.73,2080.773,20.94,0.6716367605587211,1,1.0,original
8880.876,23825.9,2067.785,31.82,1.764081702747083,1,1.0,original
8819.19,23923.969,2109.431,21.64,0.7496902259544069,1,1.0,original
8840.582,23922.26,2063.168,12.25,-1.010127256959188,1,1.0,original
8845.687,23921.781,2052.319,19.28,0.4279758970525155,1,1.0,original
8852.094,23921.115,2038.772,26.81,1.352622764219689,1,1.0,original
9253.864,24358.185,2031.381,23.04,0.9569113671111468,2,3.0,original
9072.375,24675.936,1869.738,15.53,-0.2260343584838856,4,2.0,original
8836.671,23824.68,2143.574,17.6,0.1574694601346144,1,1.0,original
8824.275,24236.745,2024.601,23.05,0.9598238702141552,1,1.0,original
9251.887,24316.11,2048.904,19.36,0.4546060068018569,2,3.0,original
9257.55,24315.604,2029.469,21.45,0.7362201492726325,2,3.0,original
8860.117,24230.231,1942.308,17.78,0.1888601474323065,1,2.0,original
8904.556,24349.538,1977.39,15.19,-0.2992297324571836,1,2.0,original
8914.723,24349.393,1952.378,23.31,0.9950861809585092,1,2.0,original
8925.125,24349.269,1927.463,13.63,-0.6429968728276972,4,2.0,original
8877.078,24442.152,1943.555,14.51,-0.441521639120589,1,2.0,original
8880.378,24441.928,1935.997,20.01,0.541948112739518,1,2.0,original
8885.185,24441.573,1925.008,15.84,-0.1473156467698586,1,2.0,original
8843.73,24074.045,2027.635,14.26,-0.4977729726019548,1,1.0,original
8846.318,24074.012,2023.067,17.6,0.1574694601346144,1,1.0,original
8877.449,24100.683,2017.235,21.06,0.6893489967754678,1,1.0,original
8888.9,24100.268,1988.7,21.65,0.7514662173492839,1,2.0,original
8890.531,24148.209,1975.815,15.61,-0.2032832600460793,1,2.0,original
8734.442,24193.776,2019.323,15.1,-0.3216105535126583,1,1.0,original
8745.786,24193.135,1988.341,19.93,0.5293010943086739,1,1.0,original
8858.563,23920.401,2025.258,13.07,-0.768656186168192,1,1.0,original
8879.322,24072.778,1965.062,19.92,0.5235370133423165,1,2.0,original
8881.932,24072.704,1960.507,18.44,0.2887499011570309,1,2.0,original
8887.524,24072.484,1950.748,17.48,0.1277227319334971,1,2.0,original
8900.55,24071.818,1927.968,20.47,0.6183253383497413,1,2.0,original
8913.843,24099.523,1929.225,16.16,-0.0924811219053352,1,2.0,original
9173.8,24122.804,2012.421,13.45,-0.6872684123311904,4,3.0,original
9178.382,24122.704,2002.974,22.69,0.8995338605921871,2,3.0,original
8668.529,24121.847,2008.312,38.45,2.132347304323361,1,1.0,original
8685.462,24120.51,1965.833,17.76,0.1829275640059214,1,1.0,original
8687.948,24120.308,1959.56,18.19,0.2659426197205386,1,1.0,original
9054.136,23970.673,2009.533,20.02,0.5464658402252025,2,2.0,original
9042.363,24071.609,2009.029,13.79,-0.6150245032050715,4,2.0,original
9002.121,23903.192,2021.466,15.5,-0.2316410556979774,4,2.0,original
8920.624,24130.129,1952.606,19.92,0.5235370133423165,1,2.0,original
8934.285,24130.209,1925.898,16.88,0.053131518670547,1,2.0,original
8859.099,24170.392,2054.195,14.5,-0.4473052807811119,1,1.0,original
8937.74,24130.177,1919.241,24.75,1.135844046865829,1,2.0,original
9011.236,23903.526,2002.55,17.8,0.195700178301204,4,2.0,original
8873.481,24168.283,2010.025,15.72,-0.1702462597226658,1,1.0,original
8886.69,24165.944,1969.435,15.09,-0.3265865358155304,1,2.0,original
9078.23,24258.816,1982.143,15.26,-0.275694418715956,4,2.0,original
9096.501,24257.215,1959.358,15.21,-0.2891623900104311,4,2.0,original
9102.178,24256.756,1952.39,17.18,0.0982078699129972,4,2.0,original
9107.69,24256.239,1945.614,11.01,-1.382554138712363,4,2.0,original
8838.963,24221.679,1981.696,14.74,-0.3939915513275801,1,1.0,original
8842.885,24221.474,1975.307,15.56,-0.2187730686115843,1,1.0,original
8856.31,24220.955,1953.633,14.69,-0.4129002748790691,1,2.0,original
8960.924,24252.39,1996.617,14.54,-0.4388180848338031,4,2.0,original
8734.521,24300.761,2042.405,17.73,0.17782697898639,1,1.0,original
8748.858,24300.327,2009.387,16.15,-0.094465719018935,1,1.0,original
8804.2,24365.009,2012.1,11.99,-1.087257383536235,1,1.0,original
8807.668,24364.744,2005.456,10.04,-1.694922676668298,1,1.0,original
8836.935,24362.464,1949.713,17.82,0.2032832600460802,1,1.0,original
8893.539,24395.664,1958.242,13.97,-0.5703784351909373,1,2.0,original
8897.046,24395.417,1950.778,16.23,-0.0798548863546803,1,2.0,original
8966.49,24317.477,1958.97,8.99,-2.041320817984724,4,2.0,original
9003.374,24252.242,1921.542,25.48,1.214058006766454,2,2.0,original
9134.86,24296.995,2013.845,20.37,0.5900692211395774,2,2.0,original
8952.012,24318.582,2003.145,13.85,-0.5879638515001888,4,2.0,original
8956.229,24318.294,1990.324,15.73,-0.1663673486153114,4,2.0,original
8959.972,24317.988,1978.927,15.28,-0.2701504195141978,4,2.0,original
8916.173,24070.966,1900.628,12.41,-0.9636475233995438,4,2.0,original
8918.775,24070.815,1896.071,18.43,0.2849159942080873,1,2.0,original
8921.746,24070.609,1890.862,17.23,0.1066256435029915,1,2.0,original
8923.597,24070.474,1887.604,18.02,0.226489376607492,1,2.0,original
8953.526,24348.31,1862.128,19.01,0.3706279518353717,1,2.0,original
9023.616,23903.9,1976.882,19.32,0.4417658421101638,4,2.0,original
8501.429,24547.319,2167.918,14.93,-0.3494830060346986,1,1.0,original
9263.755,24358.377,2012.857,12.83,-0.8302341575863219,4,3.0,original
9185.224,24122.453,1988.79,10.5,-1.521525057392547,4,3.0,original
8915.114,23826.561,2007.883,15.22,-0.2861349357549179,1,2.0,original
8922.179,24099.365,1909.951,12.02,-1.066303901815332,4,2.0,original
8924.589,24099.355,1904.456,9.63,-1.826356297943905,4,2.0,original
8907.185,24219.151,1872.245,15.33,-0.2576216475998694,1,2.0,original
8878.257,24226.568,1902.942,15.36,-0.2510159186832716,1,2.0,original
9006.772,24252.234,1915.71,14.14,-0.5232079452607712,4,2.0,original
8470.681,24548.674,2216.781,13.52,-0.6612147922013155,1,1.0,original
8939.214,24392.789,1861.248,16.4,-0.0426682793205222,1,2.0,original
9152.833,24174.47,1958.964,17.15,0.0942319252397101,4,2.0,original
9155.836,24216.659,1940.159,19.28,0.4279758970525155,4,2.0,original
8896.255,24222.602,1865.202,13.95,-0.5760748876486936,1,2.0,original
8899.503,24221.889,1858.479,12.92,-0.8097875035197967,4,2.0,original
9381.413,24277.62,2051.869,22.96,0.9379922536086248,2,3.0,original
8949.715,23993.993,1945.289,16.96,0.0680460358748412,1,2.0,original
8780.821,24002.892,2071.277,8.94,-2.06149551619391,1,1.0,original
8782.457,24001.439,2063.323,10.64,-1.485020901649663,1,1.0,original
8789.914,23994.595,2026.436,16.5,-0.0213292851438357,1,1.0,original
8796.043,23988.864,1996.075,13.81,-0.5995663617741764,1,1.0,original
9000.266,24091.429,2032.723,14.15,-0.5206614945725153,4,2.0,original
9012.104,24089.928,1994.807,18.28,0.2724674655474523,4,2.0,original
9014.337,24089.653,1987.652,18.98,0.3655314769729693,4,2.0,original
9071.058,24122.195,1986.204,14.17,-0.5162668924323016,4,2.0,original
9018.14,24089.179,1975.492,14.09,-0.5394308637341484,4,2.0,original
9020.374,24088.89,1968.338,10.68,-1.476468783574247,4,2.0,original
9023.708,24088.436,1957.603,16.0,-0.1182041448033766,4,2.0,original
9025.481,24088.188,1951.876,13.31,-0.7257106128473522,4,2.0,original
9069.221,24122.256,1991.916,21.8,0.7630300992592185,2,2.0,original
9074.273,24122.088,1976.209,15.55,-0.223915797965116,4,2.0,original
8438.375,24571.334,2246.066,11.94,-1.105770397499153,1,1.0,original
8490.368,24568.164,2158.372,23.42,1.004362137503492,1,1.0,original
8494.531,24567.853,2151.256,16.69,0.0075274833238294,1,1.0,original
8485.449,24568.569,2166.781,19.32,0.4417658421101638,1,1.0,original
8473.656,24569.378,2186.801,15.25,-0.2784633268784,1,1.0,original
9254.922,24134.759,1977.219,16.37,-0.053972647052413,4,3.0,original
8845.744,24167.205,1912.729,12.54,-0.9224239549564494,1,2.0,original
8967.604,24088.525,1989.915,15.57,-0.2159723028370965,4,2.0,original
8817.248,23969.413,2057.557,12.77,-0.8446521467252647,1,1.0,original
8974.29,24017.673,2066.891,21.37,0.7335555393663501,1,2.0,original
9096.281,24138.756,2022.517,15.02,-0.3357442993563017,4,2.0,original
8978.692,24087.405,1962.061,12.01,-1.075206508188439,4,2.0,original
8978.659,24016.451,2055.782,13.4,-0.7039217888285133,4,2.0,original
8980.577,24015.943,2050.922,11.29,-1.259733350500093,4,2.0,original
8916.527,23921.421,2099.665,7.67,-2.498541388891496,4,1.0,original
8943.819,23875.383,2120.34,11.7,-1.147894435191546,4,2.0,original
8957.02,23875.251,2087.656,12.0,-1.081081151414826,4,2.0,original
8946.499,23919.774,2033.397,11.22,-1.270157069914079,4,2.0,original
8770.119,24028.886,2027.963,13.56,-0.6514164127457129,1,1.0,original
8686.214,24023.728,2025.475,10.99,-1.397836528971104,1,1.0,original
9217.543,24286.36,2043.329,19.29,0.4334819661117883,2,3.0,original
9154.38,24072.652,2140.141,9.0,-2.033035998565145,4,3.0,original
9156.298,24072.587,2136.07,10.92,-1.419549387150267,4,3.0,original
9158.217,24072.496,2132.001,11.06,-1.347576438724951,4,3.0,original
8954.578,23919.209,2015.659,16.95,0.0662453693080666,1,2.0,original
8940.445,23875.363,2128.684,10.49,-1.526984757713756,4,2.0,original
9056.484,24610.344,1870.814,12.58,-0.91087286903535,4,2.0,original
9060.01,24610.204,1862.535,13.29,-0.73973721941389,4,2.0,original
8636.434,24052.389,2019.525,13.88,-0.5823737829194032,1,1.0,original
8731.587,24083.914,1976.15,18.73,0.329155505701297,1,1.0,original
8727.382,24087.657,1990.859,15.14,-0.3107633630346601,1,1.0,original
8739.743,24076.627,1947.411,12.55,-0.9193840350404712,1,1.0,original
8743.29,24073.451,1934.778,10.13,-1.627439798589889,1,1.0,original
8688.517,24023.68,2019.13,12.46,-0.9449317538612508,1,1.0,original
8714.082,24022.434,1948.633,13.02,-0.7799242980174863,1,1.0,original
8718.166,24022.232,1937.351,10.69,-1.47248228151676,1,1.0,original
8722.241,24022.013,1926.066,14.63,-0.4253986285380989,1,1.0,original
8786.477,23934.932,1944.028,15.18,-0.3018675465413707,1,1.0,original
8915.496,23950.1,2020.819,18.44,0.2887499011570309,1,2.0,original
8919.536,23950.073,2011.946,20.17,0.5584184075867601,1,2.0,original
8938.494,23950.251,1970.309,18.69,0.3146863274612085,1,2.0,original
8947.112,23950.233,1951.434,15.77,-0.160007869819929,1,2.0,original
8781.823,23935.904,1952.54,15.23,-0.280910849646044,1,1.0,original
9161.416,24072.359,2125.219,12.6,-0.8995338605921868,4,3.0,original
9163.016,24072.298,2121.828,10.09,-1.658750930414516,4,3.0,original
9165.9,24072.186,2115.726,9.18,-1.989544102139403,4,3.0,original
9168.466,24072.085,2110.304,13.85,-0.5879638515001888,4,3.0,original
9173.623,24071.924,2099.469,14.05,-0.548337400615995,4,3.0,original
9176.841,24071.794,2092.696,12.11,-1.044254200622883,4,3.0,original
9180.068,24071.678,2085.927,15.56,-0.2187730686115843,4,3.0,original
8774.455,24024.665,1998.579,14.85,-0.3682152867198257,1,1.0,original
8775.724,24023.401,1989.759,11.83,-1.120978413278392,1,1.0,original
8772.405,24026.661,2012.539,7.4,-2.646086805484946,4,1.0,original
8773.274,24025.824,2006.662,12.07,-1.054438857783395,1,1.0,original
8779.214,24020.024,1965.491,12.4,-0.9734487290930868,1,1.0,original
8781.53,24017.787,1949.308,9.57,-1.849567710374566,1,1.0,original
9215.861,24070.657,2011.603,13.86,-0.5848712899084626,4,3.0,original
9220.123,24070.532,2002.835,12.9,-0.81522107427356,4,3.0,original
9230.665,24070.33,1981.277,9.95,-1.727325905272592,4,3.0,original
9028.363,24087.778,1942.571,16.25,-0.0740872744613857,4,2.0,original
9236.176,24268.846,1986.575,17.08,0.0829318869988283,4,3.0,original
8543.622,24503.872,2175.539,14.69,-0.4129002748790691,1,1.0,original
9062.647,23829.304,2038.628,10.5,-1.521525057392547,4,2.0,original
9073.204,23829.765,2020.481,14.09,-0.5394308637341484,4,2.0,original
9076.994,23829.874,2014.01,10.89,-1.431970891035266,4,2.0,original
8973.732,23899.347,1979.303,15.73,-0.1663673486153114,4,2.0,original
8541.258,24506.154,2187.081,12.37,-0.9876515644974216,1,1.0,original
8506.298,24607.488,2208.563,11.82,-1.124670362998224,1,1.0,original
9305.318,24450.593,2026.895,14.41,-0.4640071225613518,4,3.0,original
9293.23,24451.022,1999.443,11.97,-1.097844783708499,4,3.0,original
9287.816,24451.222,1987.077,10.23,-1.579968353041125,4,3.0,original
9279.395,24451.613,1967.844,14.0,-0.5627963389464197,4,3.0,original
9272.49,24451.766,1952.037,19.34,0.4478644695355213,2,3.0,original
9302.892,24450.605,2021.408,10.71,-1.460584310173107,4,3.0,original
9299.866,24450.734,2014.547,11.64,-1.184446818906046,4,3.0,original
8831.345,23913.908,1921.888,18.18,0.2613873726778878,1,1.0,original
8832.565,23913.803,1919.149,16.09,-0.1043180970251652,1,1.0,original
9057.372,23829.119,2047.705,22.66,0.8945772913748138,2,2.0,original
9043.083,23870.764,2053.425,14.59,-0.4338067047871358,4,2.0,original
9047.573,23870.611,2042.298,8.69,-2.14866935108045,4,2.0,original
8725.293,24021.845,1917.601,12.63,-0.8864505912695493,1,1.0,original
9198.513,24071.155,2047.364,12.48,-0.9408879068214812,4,3.0,original
8811.311,24128.952,1917.594,10.12,-1.635118104912348,1,1.0,original
8816.785,24128.346,1904.452,15.69,-0.17782697898639,1,1.0,original
8828.403,24127.12,1876.82,11.86,-1.116368890290763,1,2.0,original
8838.937,24126.07,1851.982,14.55,-0.4373666958585916,1,2.0,original
8841.273,24125.82,1846.461,16.58,-0.0120667669486266,1,2.0,original
8970.574,24132.092,1904.999,12.93,-0.8056920745819013,4,2.0,original
8855.097,24166.407,1888.215,10.04,-1.694922676668298,4,2.0,original
8857.495,24166.156,1881.911,16.14,-0.0961223214667627,1,2.0,original
8947.253,24214.686,1905.708,15.17,-0.3039925024087464,4,2.0,original
8954.556,24213.976,1890.929,13.29,-0.73973721941389,4,2.0,original
9316.469,24319.931,2043.573,10.07,-1.681512147602227,4,3.0,original
9195.265,24071.264,2054.124,9.87,-1.754457029413592,4,3.0,original
8866.477,24270.471,1884.994,13.39,-0.7099537882250979,1,2.0,original
8885.621,24219.902,1906.517,15.44,-0.2388082722750247,1,2.0,original
8941.211,24130.146,1912.592,11.44,-1.22064034884735,4,2.0,original
8830.285,23869.538,1919.39,14.41,-0.4640071225613518,1,1.0,original
8833.455,23869.214,1909.385,16.71,0.017252953330179,1,1.0,original
8905.095,23646.929,1975.309,15.9,-0.13826321114163,1,2.0,original
8910.914,23641.085,1954.375,15.64,-0.1923633137225106,1,2.0,original
9052.065,23870.476,2031.171,8.54,-2.185692148598918,4,2.0,original
9056.009,23870.267,2021.442,10.79,-1.446700094316373,4,2.0,original
9209.19,24087.969,2030.146,13.98,-0.5684457327778691,4,3.0,original
9060.226,23870.151,2011.014,12.86,-0.8231716109385887,4,2.0,original
9203.414,24071.012,2037.239,15.69,-0.17782697898639,4,3.0,original
9219.9,24078.087,1982.84,14.41,-0.4640071225613518,4,3.0,original
9321.064,24317.342,2033.641,11.09,-1.334066137964626,4,3.0,original
8518.357,24535.207,2191.82,15.69,-0.17782697898639,1,1.0,original
9031.208,23853.79,2037.9,13.02,-0.7799242980174863,4,2.0,original
9033.523,23853.765,2034.042,17.05,0.0791203001584284,4,2.0,original
9036.97,23853.724,2028.238,12.27,-1.006671422188016,4,2.0,original
9040.417,23853.68,2022.435,14.26,-0.4977729726019548,4,2.0,original
9045.014,23853.615,2014.698,11.45,-1.213900562537791,4,2.0,original
9048.08,23853.566,2009.541,11.36,-1.247505479842008,4,2.0,original
9051.927,23853.501,2003.102,11.18,-1.29287144505782,4,2.0,original
9054.236,23853.461,1999.241,10.14,-1.622874460482299,4,2.0,original
9056.929,23853.411,1994.734,9.9,-1.745875770478831,4,2.0,original
8961.726,23981.918,1910.205,10.32,-1.561323846635303,4,2.0,original
8969.57,23973.922,1887.297,13.36,-0.71518316991643,4,2.0,original
8876.077,24164.252,1832.846,18.48,0.2913351297361597,1,2.0,original
8646.497,24158.956,1988.626,15.31,-0.2621072164095287,1,1.0,original
9022.204,24167.736,1888.677,10.61,-1.491288667808458,4,2.0,original
9024.878,24167.457,1880.878,13.5,-0.670557440622858,4,2.0,original
8693.004,24223.079,1995.765,14.32,-0.4767855618562307,1,1.0,original
8699.736,24222.669,1978.27,14.0,-0.5627963389464197,1,1.0,original
8661.207,24271.382,2017.558,15.97,-0.127178817712896,1,1.0,original
8771.917,24341.388,1983.746,13.49,-0.6800125783688008,1,1.0,original
9117.012,24344.766,1883.519,12.4,-0.9734487290930868,4,2.0,original
8677.358,24270.935,1983.718,13.64,-0.6394618524871729,1,1.0,original
8670.902,24271.122,1997.256,16.72,0.0190748537747449,1,1.0,original
8673.808,24271.037,1991.164,10.8,-1.445573326263456,1,1.0,original
8663.793,24271.303,2012.145,11.06,-1.347576438724951,1,1.0,original
8708.051,24371.266,2038.544,12.04,-1.059405687690775,1,1.0,original
8735.31,24370.994,1985.937,12.99,-0.7918838091374322,1,1.0,original
8614.124,24379.01,1992.622,18.88,0.3454185934212669,1,1.0,original
9194.897,24406.244,1926.593,11.67,-1.166918601135317,4,2.0,original
8752.847,24425.28,2002.721,11.36,-1.247505479842008,1,1.0,original
8762.858,24425.181,1982.572,19.35,0.4502330983925351,1,1.0,original
9011.326,24430.291,1851.785,11.02,-1.373839467377086,4,2.0,original
8732.738,24437.315,2033.885,14.06,-0.5466177705887929,1,1.0,original
8736.876,24437.016,2026.754,18.16,0.2549019905594725,1,1.0,original
9117.538,24510.469,1870.385,20.35,0.5867185389321475,4,2.0,original
9118.606,24509.471,1867.765,11.34,-1.251742727748928,4,2.0,original
9121.002,24507.214,1861.872,9.63,-1.826356297943905,4,2.0,original
9122.859,24375.877,1883.094,14.19,-0.5134698032229739,4,2.0,original
9134.893,24363.279,1849.887,12.95,-0.7993760514669784,4,2.0,original
9136.585,24361.521,1845.239,10.24,-1.570956894214939,4,2.0,original
9139.233,24358.71,1837.948,14.79,-0.3870776830245226,4,2.0,original
9141.639,24356.146,1831.323,20.27,0.5731153914071752,4,2.0,original
8808.773,24729.575,2029.593,18.03,0.2303577805968853,1,1.0,original
8810.76,24727.791,2025.073,7.66,-2.513729282408581,4,1.0,original
8813.026,24725.759,2019.902,11.19,-1.288503215653324,1,1.0,original
8817.882,24721.479,2008.917,9.2,-1.975843324328311,4,1.0,original
8819.033,24720.48,2006.333,13.8,-0.6059551370107433,1,1.0,original
9061.054,24563.968,2009.049,15.81,-0.152050274614092,4,2.0,original
9067.508,24557.872,1993.39,38.9,2.201265857132476,2,2.0,original
9070.154,24555.289,1986.865,12.02,-1.066303901815332,4,2.0,original
9075.78,24549.959,1973.154,13.79,-0.6150245032050715,4,2.0,original
9079.791,24546.163,1963.353,13.43,-0.6927148969290063,4,2.0,original
9081.41,24544.66,1959.432,30.78,1.709008404355569,2,2.0,original
9083.831,24542.408,1953.547,12.8,-0.8409063506463136,4,2.0,original
9086.529,24539.921,1947.007,11.13,-1.321945840856701,4,2.0,original
9016.245,24708.013,1982.281,9.7,-1.808023650260289,4,2.0,original
9021.702,24702.388,1971.289,11.68,-1.154614690162658,4,2.0,original
9025.951,24698.041,1962.728,11.31,-1.25705061449762,4,2.0,original
9048.174,24676.017,1918.718,11.66,-1.179401750967482,4,2.0,original
9051.265,24672.93,1912.621,12.22,-1.015617367319406,4,2.0,original
9060.057,24664.395,1895.567,9.74,-1.794270820978284,4,2.0,original
9075.951,24423.354,2011.529,7.89,-2.366519530608992,4,2.0,original
9077.702,24421.717,2006.858,11.13,-1.321945840856701,4,2.0,original
8865.737,24629.864,2019.274,14.13,-0.5255652830602849,1,1.0,original
8875.921,24619.887,1987.036,11.68,-1.154614690162658,4,2.0,original
9112.566,24619.757,1968.018,12.37,-0.9876515644974216,4,2.0,original
9115.829,24616.684,1959.36,13.8,-0.6059551370107433,4,2.0,original
9118.809,24613.853,1951.353,14.66,-0.419230387017389,4,2.0,original
9121.999,24610.754,1942.677,13.83,-0.5939395388892443,4,2.0,original
8962.819,24662.835,1984.476,10.1,-1.650770602142698,4,2.0,original
8968.225,24662.813,1975.474,11.09,-1.334066137964626,4,2.0,original
8974.406,24662.809,1965.188,13.32,-0.7230720375879416,4,2.0,original
8889.461,24763.972,2009.553,12.51,-0.9312154494371612,4,2.0,original
8902.971,24763.923,1986.177,9.84,-1.764007974113077,4,2.0,original
8920.921,24763.773,1954.972,11.23,-1.267914003042705,4,2.0,original
8938.76,24763.653,1923.703,11.42,-1.225942748902993,4,2.0,original
8825.364,24714.987,1992.121,10.96,-1.404313792976215,1,1.0,original
8841.403,24700.765,1956.003,9.81,-1.773770693841677,4,1.0,original
9030.198,24610.982,1932.982,13.15,-0.7568286227057104,4,2.0,original
9033.402,24610.952,1925.379,13.58,-0.6486054536084518,4,2.0,original
9038.347,24610.842,1913.628,10.93,-1.416049976571499,4,2.0,original
9042.71,24610.727,1903.259,13.21,-0.7476843639529372,4,2.0,original
9047.672,24610.612,1891.515,11.61,-1.195011121066053,4,2.0,original
9031.17,24775.329,1893.778,12.99,-0.7918838091374322,4,2.0,original
8919.965,24898.479,1913.068,10.54,-1.509488119671935,4,2.0,original
8924.477,24898.492,1907.077,15.79,-0.1574694601346144,1,2.0,original
8933.065,24898.483,1895.706,12.67,-0.8757667054130063,4,2.0,original
8861.711,25025.261,1986.844,14.85,-0.3682152867198257,1,2.0,original
9002.93,24676.782,1995.881,16.31,-0.0615126365524982,4,2.0,original
9054.275,24676.26,1902.578,11.08,-1.340928593403281,4,2.0,original
9058.611,24676.207,1894.692,14.93,-0.3494830060346986,4,2.0,original
8958.668,23853.98,2158.807,14.47,-0.4526659543455351,4,2.0,original
8964.426,23854.005,2149.143,12.24,-1.012585672830608,4,2.0,original
8969.034,23854.026,2141.412,10.34,-1.555724492877507,4,2.0,original
8971.719,23854.041,2136.9,8.77,-2.119727080888516,4,2.0,original
8847.905,23879.948,2186.562,12.59,-0.9070613893606344,1,1.0,original
8849.716,23879.989,2181.634,15.27,-0.2722561097990284,1,1.0,original
8851.529,23880.029,2176.707,9.47,-1.881948078397961,4,1.0,original
8853.603,23880.074,2171.077,8.1,-2.306527464376411,4,1.0,original
8858.792,23880.171,2157.003,10.38,-1.544972827274865,1,1.0,original
8862.169,23880.222,2147.857,16.09,-0.1043180970251652,1,1.0,original
8863.994,23880.246,2142.935,12.12,-1.040089549800798,1,1.0,original
8865.826,23880.268,2138.015,11.44,-1.22064034884735,1,1.0,original
8871.337,23880.334,2123.261,16.4,-0.0426682793205222,1,1.0,original
8873.95,23880.354,2116.23,14.29,-0.4863253889226354,1,1.0,original
8877.882,23880.378,2105.69,13.04,-0.7714496755296383,1,1.0,original
8879.989,23880.389,2100.072,15.75,-0.1620645009469155,1,1.0,original
9291.938,24379.4,2155.181,13.65,-0.6361228453999478,4,3.0,original
9294.915,24376.584,2143.903,13.49,-0.6800125783688008,4,3.0,original
9299.854,24371.764,2124.865,13.38,-0.7123035744316678,4,3.0,original
9057.842,24440.585,2060.239,9.44,-1.905769159117517,4,2.0,original
9009.193,24300.667,2149.88,22.46,0.8649895318407892,2,2.0,original
9243.957,24363.5,2202.451,11.03,-1.366889578519292,4,3.0,original
9247.84,24361.067,2193.845,10.18,-1.609341572910533,4,3.0,original
9249.977,24359.829,2189.212,26.76,1.341823661995527,2,3.0,original
9254.505,24357.074,2179.289,25.19,1.180323539781963,2,3.0,original
9285.306,24366.618,2145.205,12.3,-1.002056477837372,4,3.0,original
9287.55,24364.498,2138.37,11.79,-1.135636575874639,4,3.0,original
8694.422,24347.557,2216.346,7.22,-2.743851148942137,1,1.0,original
8696.823,24347.366,2209.244,8.71,-2.142309278308116,1,1.0,original
9158.636,24341.304,2215.953,22.6,0.8808881195869303,2,3.0,original
9162.641,24337.538,2204.449,8.46,-2.202361705672925,4,3.0,original
9164.294,24335.979,2199.716,11.67,-1.166918601135317,4,3.0,original
9180.982,24320.411,2151.606,12.52,-0.9261763243026124,4,3.0,original
8711.615,24323.878,2216.735,10.37,-1.547106325723979,1,1.0,original
8980.373,24344.277,2215.812,16.51,-0.0163101162853242,2,3.0,original
8997.988,24344.242,2173.589,18.09,0.2471336338581233,2,3.0,original
9005.987,24344.169,2154.172,12.4,-0.9734487290930868,4,2.0,original
8692.703,24425.796,2125.253,15.66,-0.1867943686820364,1,1.0,original
9140.58,24459.439,2104.53,13.67,-0.6311610561155468,4,3.0,original
9142.913,24457.177,2096.947,9.35,-1.939059176375789,4,3.0,original
9153.77,24446.729,2061.79,14.27,-0.4921368228083809,4,3.0,original
9157.78,24442.812,2048.688,13.64,-0.6394618524871729,4,3.0,original
9274.985,24344.448,2134.321,11.16,-1.301190684205984,4,3.0,original
9277.718,24342.803,2128.372,13.02,-0.7799242980174863,4,3.0,original
9280.146,24341.342,2123.084,12.73,-0.8526797904714596,4,3.0,original
9282.871,24339.699,2117.131,17.9,0.2136361188311631,2,3.0,original
9368.543,24449.264,2168.679,14.3,-0.4822482148379231,4,3.0,original
9365.747,24449.329,2162.535,12.52,-0.9261763243026124,4,3.0,original
9362.958,24449.408,2156.389,15.65,-0.1888601474323067,2,3.0,original
9354.964,24449.71,2138.606,9.5,-1.871188480525935,4,3.0,original
9332.63,24276.319,2178.81,28.68,1.538286089058888,2,3.0,original
9098.067,24298.964,2181.594,15.34,-0.255797918612133,4,3.0,original
8890.077,24322.617,2191.164,15.85,-0.1439962694993337,1,1.0,original
8624.5,24575.835,2215.167,14.84,-0.3703266106761892,1,1.0,original
8681.934,24577.886,2108.973,23.68,1.038027309221355,1,1.0,original
8708.183,24578.686,2060.08,13.41,-0.6991080877832274,1,1.0,original
8927.776,24627.605,2044.265,12.45,-0.9515182841460368,4,2.0,original
9162.051,24355.755,2211.839,13.49,-0.6800125783688008,4,3.0,original
9168.711,24355.912,2198.4,10.72,-1.457868275033493,4,3.0,original
9172.038,24356.017,2191.679,11.02,-1.373839467377086,4,3.0,original
9205.956,24320.812,2201.051,19.23,0.4142668635342554,2,3.0,original
9207.503,24320.669,2196.036,21.88,0.7790850983123341,2,3.0,original
8880.615,24322.973,2219.631,11.97,-1.097844783708499,1,1.0,original
8718.327,24370.195,2177.004,13.75,-0.6198025550576048,1,1.0,original
8724.865,24369.827,2164.347,12.31,-0.9975733229149146,1,1.0,original
8714.106,24472.251,2192.373,10.89,-1.431970891035266,1,1.0,original
8721.882,24471.851,2179.553,14.25,-0.5001008771029269,1,1.0,original
8726.587,24471.714,2171.882,14.98,-0.3403363592967935,1,1.0,original
8938.475539278323,25421.06328462131,1448.4243249652643,,,0,,relleno
8964.980893838387,25323.59287788649,1511.1833440141306,,,0,,relleno
8975.658717918594,24705.61354744542,1734.8206241397393,,,0,,relleno
8828.562483353788,25284.814255714857,1639.202490680223,,,0,,relleno
8842.004983633738,26027.769988681866,1456.5617558466495,,,0,,relleno
9084.967591729337,25128.988050459448,1490.201318034558,,,0,,relleno
8945.819483307936,24647.834382989964,1712.1583740812205,,,0,,relleno
8856.814859936614,24689.03621363057,1526.009024764297,,,0,,relleno
8860.03640131395,25642.31010032952,1513.3962555747696,,,0,,relleno
9086.978693512365,24504.749902286705,1599.8530592320365,,,0,,relleno
9022.522473498248,25389.609407951964,1798.1379702692147,,,0,,relleno
8840.95595314169,26226.068926267882,1463.2907567962134,,,0,,relleno
8779.791373832508,25262.453554198102,1384.000084850375,,,0,,relleno
8980.797810515402,26231.09643570766,1534.3155266497847,,,0,,relleno
8858.489234116789,25231.072328818245,1689.5581887397511,,,0,,relleno
9103.845119140586,24283.18555876656,1388.0060190002507,,,0,,relleno
8719.282140317804,25463.25136181295,1320.8140515894577,,,0,,relleno
8849.319176913308,25315.88572495253,1677.720130052572,,,0,,relleno
8948.309850070618,24279.142264216975,1647.5069211006978,,,0,,relleno
8969.743768165048,24826.77489364904,1502.0029712328214,,,0,,relleno
9037.704569970569,25994.151007154895,1600.1009427597342,,,0,,relleno
9037.047541427908,24843.77042698435,1511.2847902770134,,,0,,relleno
9027.297913852475,25290.57176300079,1450.2314734306385,,,0,,relleno
9067.296320709467,24437.673085824943,1332.3500018714342,,,0,,relleno
9018.351380789674,24470.864187062154,1707.4136449655662,,,0,,relleno
8721.427131147522,25561.980908500416,1258.3711397620566,,,0,,relleno
9034.955637961542,25716.54891550628,1727.3794334708846,,,0,,relleno
8826.68091113108,25554.653801723,1542.3017572632052,,,0,,relleno
8676.853626273873,25822.275273630778,1241.0961739181905,,,0,,relleno
9010.49731922418,25788.08851501942,1682.4623913688333,,,0,,relleno
9003.288388613404,25755.175805323248,1679.2762457665908,,,0,,relleno
8770.748342031045,25292.72880723938,1469.019632124404,,,0,,relleno
8847.532670374565,26031.687563778498,1526.5819889741301,,,0,,relleno
8827.855897771078,25707.932324530604,1369.6469013992191,,,0,,relleno
9075.051090214822,25190.796289748458,1753.0768920623943,,,0,,relleno
8833.539672898078,25243.99470024397,1415.5510725046756,,,0,,relleno
9130.44613250689,25041.976844584464,1724.834438941413,,,0,,relleno
8794.36475523976,25451.79914879761,1491.895075960219,,,0,,relleno
9202.939732357754,24586.64806950342,1557.9640933878468,,,0,,relleno
8947.532867989614,26247.04004324506,1582.678959438539,,,0,,relleno
8843.238403820744,25996.78853239765,1433.464537811787,,,0,,relleno
8949.162847657704,24977.23060425428,1720.251358977876,,,0,,relleno
8896.835361846843,24766.964985687828,1484.6574300512232,,,0,,relleno
8972.743115281384,24758.593052445376,1502.1774142719928,,,0,,relleno
8987.13561100375,25233.261266563382,1627.4074214788839,,,0,,relleno
9069.997832490166,24626.83968889594,1495.8415234873364,,,0,,relleno
8984.379996512063,25477.27104798203,1695.1053129172633,,,0,,relleno
9108.749002470844,25272.266513194052,1550.7456519796353,,,0,,relleno
9065.6019922131,25470.50649442743,1543.2588305459024,,,0,,relleno
8971.863251641795,25250.002666845096,1692.3854109706313,,,0,,relleno
8957.010183937515,24754.326325013477,1343.304407913952,,,0,,relleno
9003.115439017718,25892.339957951557,1513.1960274699336,,,0,,relleno
8884.295199406431,24898.642834775448,1632.978231265973,,,0,,relleno
9191.30613562983,24567.858881602402,1552.0395095115498,,,0,,relleno
8824.55251689972,25368.599818670606,1490.065297905235,,,0,,relleno
9014.878609791067,24981.598900103134,1508.182843944859,,,0,,relleno
8818.798871272194,24980.07829770643,1493.983077955296,,,0,,relleno
8951.888176186276,25739.736802411524,1568.0375615890796,,,0,,relleno
9017.169050238337,25150.664868547876,1662.9808811185674,,,0,,relleno
9027.084932270232,26615.010186564123,1666.1219501733517,,,0,,relleno
9095.299753809864,25362.381622329212,1707.4930591397633,,,0,,relleno
8889.597855608554,25797.94065505657,1606.0299516402295,,,0,,relleno
9013.86056225715,24755.975617636144,1756.4734784292914,,,0,,relleno
8925.871325570832,24816.669602826638,1271.1569089532056,,,0,,relleno
8956.088804162398,24601.76444659894,1504.8856003845717,,,0,,relleno
8928.088547739439,25458.04167465976,1411.6027731186603,,,0,,relleno
8945.975385188603,26260.152600606583,1651.643904634466,,,0,,relleno
8878.876245226149,24835.831773388712,1330.625032115562,,,0,,relleno
8804.786944007128,25774.227236518564,1531.7269251295304,,,0,,relleno
8785.821484362146,25493.436732636917,1374.7869389135005,,,0,,relleno
8941.5927567809,24435.797024179265,1516.0655085231197,,,0,,relleno
9027.443157927137,24526.6338676651,1430.166036985217,,,0,,relleno
9021.934406567018,25065.008807258648,1500.1195245877718,,,0,,relleno
9095.238254509319,24342.603462477975,1531.0188741548704,,,0,,relleno
9040.295304023126,24356.701843545186,1672.3915355886475,,,0,,relleno
8807.322106040034,25066.931321519263,1490.6769359076548,,,0,,relleno
8961.466656269797,24466.33406509921,1715.3603082543625,,,0,,relleno
8857.295989057926,25791.185933132343,1374.3926148164553,,,0,,relleno
9103.109722320058,25344.191744923988,1728.3539418743876,,,0,,relleno
8829.817362119484,25325.38645873231,1547.852956065458,,,0,,relleno
8932.762559590003,24741.467989914894,1705.7445450629384,,,0,,relleno
8917.567020357506,25959.630038501997,1691.763388997051,,,0,,relleno
8782.034401382547,25851.55610848683,1336.5913825525156,,,0,,relleno
9082.082867589921,25210.016021017243,1557.4628134935992,,,0,,relleno
8968.815237529838,25552.945404021375,1503.389735172227,,,0,,relleno
8928.130922265704,24962.27833834769,1553.415307163866,,,0,,relleno
8884.986997845599,25767.913878648655,1384.7873396418336,,,0,,relleno
8941.254021428398,24312.599704737968,1586.7928103899055,,,0,,relleno
8739.364872096585,25507.756183332218,1357.851046907703,,,0,,relleno
8897.925047170647,24631.748386290954,1470.7162188520213,,,0,,relleno
8966.25027619647,24533.77455907671,1329.8809919256182,,,0,,relleno
9098.011428154565,25478.513430741117,1689.346516176212,,,0,,relleno
8875.414148261292,25644.85312067126,1665.3261996205747,,,0,,relleno
8810.489245504703,24998.61042755437,1542.3726238494344,,,0,,relleno
8994.131210627742,25606.575287542943,1585.0667849224715,,,0,,relleno
8900.203726605738,26280.039200103027,1520.5312678220419,,,0,,relleno
9038.633029696608,24943.498735368845,1646.4154873901675,,,0,,relleno
9082.451033329673,25599.81760229262,1574.881679049033,,,0,,relleno
8902.302084970775,24649.915352854834,1538.0321927941204,,,0,,relleno
8855.482809241317,25225.805848952306,1581.6332368161327,,,0,,relleno
8807.601540253812,25387.519214331263,1469.241373677914,,,0,,relleno
8911.976470763066,24895.065161604158,1630.4107962507715,,,0,,relleno
9000.985921544978,24231.853001612955,1519.103637263538,,,0,,relleno
8907.842459851114,25376.49361694959,1568.8059609978488,,,0,,relleno
9092.867325450767,24430.381412428076,1417.9746876891156,,,0,,relleno
9223.08053645036,24488.04296945582,1599.4503069371794,,,0,,relleno
9060.141117785026,24861.95655711916,1519.4584484394115,,,0,,relleno
9035.260800518858,24554.67871260979,1463.2074703969638,,,0,,relleno
8856.922758182594,25271.793566263226,1674.6800028177693,,,0,,relleno
8937.63976552524,24349.052976881158,1573.684321084133,,,0,,relleno
9071.833797851863,25838.479102872214,1640.1984701753904,,,0,,relleno
8839.586697790373,25653.279159829443,1346.7968055753743,,,0,,relleno
9026.246429892242,25092.47568245703,1548.8161741223032,,,0,,relleno
8882.344064467403,25207.758734902884,1469.1667993413469,,,0,,relleno
8872.907556390139,24728.549240546756,1537.4707860937717,,,0,,relleno
9108.8640197192,25603.474771222332,1665.4978501410255,,,0,,relleno
9077.208841199425,24658.263960860004,1434.6010458953385,,,0,,relleno
8868.624910877868,25729.86917406574,1668.864959812717,,,0,,relleno
8988.15248899234,24834.939602234383,1536.9662644146113,,,0,,relleno
8909.64779885205,24371.805345727145,1644.0838376975182,,,0,,relleno
9037.225036298516,25808.349591275062,1547.293531792166,,,0,,relleno
9032.81749888488,24366.93382653597,1682.1580924173563,,,0,,relleno
8890.704953109598,26235.19125855721,1493.3851361961172,,,0,,relleno
9051.2382290599,26049.470518871058,1708.7777867997092,,,0,,relleno
9017.39960310478,25479.448265455423,1438.6979375790188,,,0,,relleno
9007.811446123556,25568.009744711817,1743.9405032232507,,,0,,relleno
8981.898760607532,25226.778924960698,1689.5738351955902,,,0,,relleno
8975.60582387155,25813.374315300392,1470.5082486301058,,,0,,relleno
8923.850881104318,25976.530870206225,1433.6866434765693,,,0,,relleno
8954.577279002942,24929.60145117864,1682.5214180903536,,,0,,relleno
9064.6931880455,24722.65055885331,1492.3294639219412,,,0,,relleno
8955.891052528603,25382.662855862545,1613.8861069067395,,,0,,relleno
8961.964404631306,25769.81745032418,1706.0838740446065,,,0,,relleno
8982.245076993036,24840.619895766362,1475.468926631318,,,0,,relleno
8806.885327358437,25398.640173096916,1397.4143667374885,,,0,,relleno
9025.70563262706,25439.288347904123,1725.9417041373863,,,0,,relleno
8958.353977846904,25005.149797874856,1799.1880198068866,,,0,,relleno
8932.942795675188,25678.85408140429,1506.4736919282523,,,0,,relleno
8959.373538340815,25835.827608612086,1454.3411368997702,,,0,,relleno
9125.891087652695,24935.632081704633,1733.7127417946606,,,0,,relleno
8940.311668771796,25663.21042454232,1729.6290169065892,,,0,,relleno
8779.320609838844,25738.29888669818,1349.6981598556813,,,0,,relleno
9131.070555153454,25237.724196966654,1651.2569291676696,,,0,,relleno
9001.195357304652,24922.583300210437,1396.3945525983547,,,0,,relleno
9052.065827997709,24593.84471700244,1346.5369521482544,,,0,,relleno
9048.302199602971,25133.440690764677,1763.3595049626426,,,0,,relleno
8817.261534313915,25444.293995528104,1432.4400246085788,,,0,,relleno
8857.314873009771,24953.68182805213,1411.1549537518802,,,0,,relleno
8851.485231940074,25658.975988055376,1648.270571616898,,,0,,relleno
9098.820568026294,24423.882852989176,1417.2779102651743,,,0,,relleno
8974.425291163521,25691.103782300677,1466.6211079082661,,,0,,relleno
8831.323063719725,25867.29698912244,1414.5083306158692,,,0,,relleno
9057.887028822755,24393.44175568452,1393.108558275733,,,0,,relleno
9042.50128972264,24713.881299912922,1769.5362457061683,,,0,,relleno
9046.655274812347,25327.05489355408,1734.4253717219165,,,0,,relleno
8990.839316604965,24899.556295570754,1564.7904489473392,,,0,,relleno
9024.834047047842,24757.493932611607,1794.0966388990291,,,0,,relleno
9073.543448121933,24454.034510583737,1719.1118180282676,,,0,,relleno
8994.138422290469,25689.436722941584,1519.0684641074924,,,0,,relleno
9081.128922709415,25493.509524342215,1726.553251168069,,,0,,relleno
9116.625880821475,24329.74784487699,1582.1651107921775,,,0,,relleno
9153.936332907884,25143.458382821053,1630.7957809650923,,,0,,relleno
9005.535786938197,25035.347272696778,1712.4336511617134,,,0,,relleno
8943.74230262755,26352.30795527451,1631.6802560735334,,,0,,relleno
9004.033054786265,24352.980327760764,1683.1947639172297,,,0,,relleno
9096.962208834737,24542.663474763936,1663.3934724230098,,,0,,relleno
8848.676736863765,25882.698280480075,1442.2478761295613,,,0,,relleno
8859.194182796708,24963.620042888884,1279.3168114674365,,,0,,relleno
8950.380302657579,24485.530190645924,1490.3596370733092,,,0,,relleno
8726.862074712068,25975.821370865495,1303.1561805787228,,,0,,relleno
8897.098136758248,25083.72087701305,1486.2826218235334,,,0,,relleno
8855.929968288237,26044.308650695413,1510.0996635761726,,,0,,relleno
8875.936220511012,24759.493707406036,1655.2460320497023,,,0,,relleno
9041.041454363036,25251.65410011273,1648.721829588252,,,0,,relleno
8972.296631274172,25710.69810637846,1537.447861603091,,,0,,relleno
8953.175900509092,25502.44007134993,1420.0835775748224,,,0,,relleno
8969.004269514113,25464.14935933258,1744.9374187589376,,,0,,relleno
8974.428647380926,25679.78562102725,1568.4932534115244,,,0,,relleno
8893.848887694745,25952.337517063785,1415.2483544680904,,,0,,relleno
9041.182206804151,26088.274107135738,1636.9573843827768,,,0,,relleno
8960.753945362321,26051.755965279055,1610.7768459635604,,,0,,relleno
9130.252320426966,25121.18652083284,1642.0749818360905,,,0,,relleno
8841.336108239218,25653.768220281832,1630.8098481092934,,,0,,relleno
8957.88196404352,24543.039281394926,1705.4155360673988,,,0,,relleno
9213.123669262728,24552.172747395067,1639.647972233835,,,0,,relleno
8758.382100262492,25239.02273566527,1405.3946477312718,,,0,,relleno
8727.191438734051,25612.170097301463,1253.5876036020818,,,0,,relleno
8996.261192529668,25987.180592017867,1617.7359209936606,,,0,,relleno
9069.55797565778,25524.77374914378,1697.0543828053062,,,0,,relleno
9135.196430134349,25287.362705748383,1607.2925656608572,,,0,,relleno
9135.767168332615,24966.945347666406,1514.3014569858137,,,0,,relleno
9047.295229590163,25179.02482854591,1561.4195629763824,,,0,,relleno
8966.096148571045,25803.164036368617,1703.9592125763256,,,0,,relleno
8886.564930692124,26414.202737548407,1507.4460363034425,,,0,,relleno
8964.741644173653,25219.22672034561,1415.7606501647406,,,0,,relleno
9053.725331952037,24942.40967148279,1673.5634705649245,,,0,,relleno
9038.292439069499,26330.42327692742,1633.2134212810283,,,0,,relleno
8819.64793120829,24858.55480006923,1524.6757953844888,,,0,,relleno
8824.865073840616,24945.96015799689,1411.559593557163,,,0,,relleno
9079.54422358491,24787.205477134994,1619.0249459951206,,,0,,relleno
8964.67530094321,26303.13299291954,1642.1262563121975,,,0,,relleno
9145.60027561789,24933.031375836894,1535.6712971373724,,,0,,relleno
9056.167781955603,26242.7355205368,1636.1691132970518,,,0,,relleno
8937.434323324447,25074.86883998095,1755.9282451331371,,,0,,relleno
8954.161615304707,25179.777893544495,1711.9748084165496,,,0,,relleno
9059.03730157133,25324.149715231986,1768.626674411372,,,0,,relleno
8862.595141380632,25416.26756058147,1309.97540395223,,,0,,relleno
8949.620673787666,25202.887814191952,1332.8818160044016,,,0,,relleno
9195.200958548156,24882.69937264014,1629.185808906842,,,0,,relleno
8895.628531684186,25642.97636317169,1685.4900341754185,,,0,,relleno
8908.02400708863,25971.477949662498,1662.51929986155,,,0,,relleno
8749.345823921789,25589.928977261137,1313.2152813098694,,,0,,relleno
9129.892051381268,25261.126597829596,1655.8234835931992,,,0,,relleno
8746.868665169357,25400.87162845277,1391.356526708979,,,0,,relleno
9046.215599015582,25206.24076767227,1505.4733798073762,,,0,,relleno
8903.741193358353,25239.185407319128,1744.4981303679394,,,0,,relleno
9043.765041703522,26147.87303105499,1661.613396064915,,,0,,relleno
8995.252655312432,25024.863886075913,1528.1266381281846,,,0,,relleno
8927.673201522708,25312.911051612013,1619.6948128287324,,,0,,relleno
8931.150741196248,24519.31572402171,1672.8386763680708,,,0,,relleno
8890.2800128619,25089.088887171907,1721.702101342651,,,0,,relleno
9047.646582017209,24463.140492546292,1677.6856629627002,,,0,,relleno
9069.093237445328,26089.008646446913,1682.416736205611,,,0,,relleno
8730.984659966487,25713.095819046885,1370.816651704208,,,0,,relleno
9065.804265901845,25040.307418472814,1775.221529032966,,,0,,relleno
8927.236653811606,25061.267564027028,1447.4483975754692,,,0,,relleno
8829.019484457982,25527.20173902097,1515.8898781353512,,,0,,relleno
8829.161437639315,25383.562448742658,1487.4027116669567,,,0,,relleno
9150.611099098878,24882.447372533123,1528.6396375581987,,,0,,relleno
8953.010380365904,24471.289914262823,1391.6214937728203,,,0,,relleno
8949.699453377982,26331.821813799863,1541.4744718241925,,,0,,relleno
8967.01323812725,25119.56211784925,1756.9849823754191,,,0,,relleno
8879.338114160715,25749.318648597506,1534.378117556404,,,0,,relleno
8815.908806947078,25626.990055048933,1394.2358740656261,,,0,,relleno
8997.746569196823,25266.562547361827,1442.7554371588296,,,0,,relleno
9042.288576378667,25152.916575986248,1729.9113725118511,,,0,,relleno
8989.652542819127,25667.664008101954,1518.5328906439017,,,0,,relleno
8893.497554552154,25307.45667577768,1372.2009360368152,,,0,,relleno
8799.497891721645,26062.895383853604,1395.6983312086804,,,0,,relleno
8973.79513319912,25516.966927069614,1434.1986894196243,,,0,,relleno
8888.228700451511,26340.57540417553,1534.1567051383731,,,0,,relleno
9047.900070111142,25223.785476937803,1680.9149654387554,,,0,,relleno
8960.721126393224,25984.34213944097,1640.2364639334787,,,0,,relleno
8996.686176654184,24342.568267822688,1709.8302106132332,,,0,,relleno
8807.364582307615,25137.035683966293,1530.9583662740856,,,0,,relleno
9139.221501996755,24863.702372983957,1634.1904202129529,,,0,,relleno
8797.716948514142,25491.907192158575,1355.6658763993664,,,0,,relleno
8856.33528731842,25140.40443831245,1603.1079166946727,,,0,,relleno
9015.279958127718,26195.236599418076,1706.1326150709633,,,0,,relleno
9015.254675094773,25372.010533097,1784.8650212808814,,,0,,relleno
9053.419809149167,24555.670055380197,1348.6188907686171,,,0,,relleno
9036.766072579554,24882.90448217078,1456.9232004376292,,,0,,relleno
8899.535283994323,25908.74155667208,1523.178660727005,,,0,,relleno
8947.306608258115,24886.06972743619,1289.9786699282672,,,0,,relleno
9074.125752742055,25245.696251133886,1718.3859047806668,,,0,,relleno
8997.603935372166,25989.103075475618,1680.9046506683608,,,0,,relleno
9003.131679717475,25686.282426433092,1472.6782429853488,,,0,,relleno
8969.42641743226,25193.333361324643,1628.4411131574122,,,0,,relleno
9061.835064653638,25063.442500902143,1754.0733377688232,,,0,,relleno
8790.521087462632,25992.41018106548,1379.5827246104059,,,0,,relleno
8800.496946377896,25063.000906099915,1428.6936343602672,,,0,,relleno
9021.902989145396,25975.12304937101,1732.1641154706595,,,0,,relleno
8854.187949063431,25221.43935167863,1470.3882440329385,,,0,,relleno
8775.124623606613,25435.839108946537,1307.218001113334,,,0,,relleno
8832.244511937572,25680.841887998897,1589.6303398033433,,,0,,relleno
9018.334792616957,26168.94207227916,1628.1971265108034,,,0,,relleno
9069.837488079884,24965.257669037463,1654.484785588599,,,0,,relleno
8930.017868970252,24430.710338631856,1757.6984942904014,,,1,,relleno
9115.99222595777,24756.797809716463,1444.077008001547,,,0,,relleno
9041.330096715117,25739.654545610163,1578.1544345490854,,,0,,relleno
8703.081654816868,25714.18590612636,1321.1268287465718,,,0,,relleno
8863.791161911337,25974.600966755817,1400.8804452512745,,,0,,relleno
9059.482681724967,24450.37841669693,1525.4155634853023,,,0,,relleno
8987.40686485645,25344.058674272594,1781.080087769156,,,0,,relleno
8853.377494230326,25704.627929686943,1424.8811375481873,,,0,,relleno
8905.519130362809,25145.539623350192,1514.8478969614441,,,0,,relleno
8920.176405139207,25336.562008602403,1628.9356317494937,,,0,,relleno
9123.621585562872,24601.54632786648,1450.6190999847586,,,0,,relleno
8915.575967564399,24807.74985496568,1584.2448055423908,,,0,,relleno
9068.960229395641,24840.475663945166,1478.546897844809,,,0,,relleno
8964.029532362554,24718.408979387783,1384.696105523083,,,0,,relleno
8974.285311398095,24638.82104478421,1632.6777393824464,,,0,,relleno
9066.765292723736,24441.170234327365,1379.587086635691,,,0,,relleno
8937.412137524845,24797.136582835763,1585.1315386581405,,,0,,relleno
8985.465449497035,25617.25140649046,1709.6551853284304,,,0,,relleno
9011.083905135407,25265.312270991904,1779.9930151991134,,,0,,relleno
8834.99414981958,26083.665105308814,1489.8332589272038,,,0,,relleno
9011.401085488902,25094.54478481916,1409.5578228475624,,,0,,relleno
8870.102952816322,25929.123270297838,1431.9591271282218,,,0,,relleno
9097.691352340751,25358.460281019525,1682.337339757528,,,0,,relleno
8901.733914556344,25275.463864525846,1658.6214367090197,,,0,,relleno
8786.748730198844,25513.256750681787,1517.3391491572725,,,0,,relleno
9022.895886562872,24900.48262946309,1671.3855610848511,,,0,,relleno
9077.552780143356,24655.74927145245,1401.9391189701164,,,0,,relleno
9037.075725776902,24887.463785974036,1451.813833929052,,,0,,relleno
8999.879712137672,25809.29676901904,1623.6283453123506,,,0,,relleno
9062.7444519606,24986.603635861396,1752.0528524426318,,,0,,relleno
9055.228668476815,24400.525838295533,1332.0575317616724,,,0,,relleno
9078.156526013687,25216.507377477064,1681.459632537952,,,0,,relleno
8934.194750060602,25130.717292585083,1553.7170491410625,,,0,,relleno
9075.657637868788,25371.67802542999,1670.7170477351551,,,0,,relleno
8824.049084692333,25509.917366019414,1581.203939516106,,,0,,relleno
9015.657908949504,25528.414541308546,1662.2824533375117,,,0,,relleno
8902.521908133902,25382.082213892285,1502.999791701521,,,0,,relleno
9138.896658935033,24732.80578354631,1511.4661006612798,,,0,,relleno
9114.439762887414,25292.979256203067,1593.0204261670638,,,0,,relleno
8857.196400365481,25332.75492407337,1504.202793033815,,,0,,relleno
8953.979985391454,24273.746506070725,1560.495490778816,,,0,,relleno
8893.46148496109,24840.323908217524,1408.946868122967,,,0,,relleno
9008.15423340047,25700.827483680303,1553.343287029541,,,0,,relleno
9001.81406740109,24457.688966959067,1535.9635411849906,,,0,,relleno
8871.755765099366,25177.846911473825,1479.9261002519086,,,0,,relleno
8941.8231735676,26463.37289939672,1547.6665244166004,,,0,,relleno
8851.634387274395,25033.3188945041,1406.1363104936536,,,0,,relleno
8909.473861544302,24474.0044678767,1657.0365674281527,,,0,,relleno
8987.588141177974,24374.723770934197,1507.4501353727217,,,0,,relleno
8897.32819253873,24989.253922739186,1542.1692500332265,,,0,,relleno
8939.657997988292,24693.697693190265,1538.116336442827,,,0,,relleno
9024.374198970345,24417.359491126106,1496.175947492766,,,0,,relleno
8905.648841559456,25574.70877428057,1649.468114023168,,,0,,relleno
9016.460983978586,25158.93502902191,1465.43844011224,,,0,,relleno
9060.546423764392,25485.20154812418,1773.664953671683,,,0,,relleno
8883.468784989569,25356.992778558426,1371.3271266812508,,,0,,relleno
8843.66183750307,25068.989379415198,1362.4906337948732,,,0,,relleno
8748.43554050782,25456.774193607365,1311.9238199457825,,,0,,relleno
8933.924529945753,24602.661342371346,1386.962552774476,,,0,,relleno
8962.295650780074,24493.97569389366,1739.5918109514491,,,0,,relleno
8949.2063379844,24612.975742292638,1293.5302467065446,,,0,,relleno
8992.84170955417,25818.833008942853,1523.797025151497,,,0,,relleno
8931.636565069335,25269.332811067074,1539.8322510536173,,,0,,relleno
9067.649762193774,24287.440473279214,1513.3843834330662,,,0,,relleno
9070.547939703667,24640.37088513691,1380.8064259321277,,,0,,relleno
8870.738113194828,24937.067845247526,1275.1028652071814,,,0,,relleno
9136.923350961113,24523.162230108275,1551.197960881218,,,0,,relleno
8993.296861961086,25845.003732131983,1675.2593533666623,,,0,,relleno
8996.383246820098,25016.713783166317,1485.6104484778432,,,0,,relleno
8920.460137697355,25448.843210076404,1741.9263577232027,,,0,,relleno
9006.105472641986,25190.685441416146,1715.8512955123222,,,0,,relleno
8927.399111549055,25683.138817826977,1601.5529241097681,,,0,,relleno
9159.760328849272,24800.287116416854,1647.032193772603,,,0,,relleno
8963.574234975142,24642.12302711604,1594.0485382368033,,,0,,relleno
8943.418232448306,25575.220325590857,1503.3769609178196,,,0,,relleno
9148.24539728196,24370.970092025473,1548.9996178838007,,,0,,relleno
8992.55475616597,24453.16024950832,1459.136472550203,,,0,,relleno
8953.088952998216,25004.607629158123,1314.4115413861814,,,0,,relleno
8962.573308835692,25333.480571206197,1553.6020720406298,,,0,,relleno
9140.20363643156,24651.636419982155,1542.8256166846313,,,0,,relleno
8923.513260048217,24558.840713917278,1644.6767286381983,,,0,,relleno
9043.911228392875,26269.848446189826,1690.572133357074,,,0,,relleno
9174.100226072122,24656.652700103037,1699.2017121165106,,,4,,relleno
8956.423953232319,24870.454933786747,1680.8983999296706,,,0,,relleno
9078.027999660824,24760.34091980733,1540.2212584765791,,,0,,relleno
8972.044380272306,25255.974586201606,1388.7968509007483,,,0,,relleno
8936.211487442166,25140.03054102844,1742.903506897432,,,0,,relleno
8984.635203043921,25262.79167372098,1704.877471641902,,,0,,relleno
9027.392275690509,26215.28825262944,1661.9819263019501,,,0,,relleno
8817.034050177579,25489.76924256737,1603.4447730480479,,,0,,relleno
8766.767120131848,25431.435693322997,1428.1521828796083,,,0,,relleno
8979.389725451138,25831.88530190442,1629.2279391138375,,,0,,relleno
8857.110384634821,25884.581122157593,1487.3764532859343,,,0,,relleno
8964.407839355841,24589.62140961443,1750.9204279930777,,,0,,relleno
9039.710181651264,25725.92438625864,1584.0706328041838,,,0,,relleno
8977.91198118143,24447.20339054963,1489.0157353726438,,,0,,relleno
8790.872625989534,25444.479783672767,1317.4643420216796,,,0,,relleno
8921.598759950586,25301.271646636185,1450.8354628408958,,,0,,relleno
9009.517198364876,24765.48037832072,1463.815672032387,,,0,,relleno
8958.069742933754,24585.09217240506,1766.5590654710318,,,0,,relleno
9003.564304162986,24724.39854209297,1502.3836138323556,,,0,,relleno
9014.391478800397,25235.50628087334,1708.1320947169158,,,0,,relleno
8971.117311915297,24390.33080849475,1580.9299718838454,,,0,,relleno
8824.222903344798,25624.915618380808,1492.4976421170538,,,0,,relleno
9022.726933896058,24951.953015939547,1552.7412665728352,,,0,,relleno
9002.315729871407,25419.333467205463,1720.6668926958773,,,0,,relleno
9126.231013413288,24986.789482279593,1598.8241355448183,,,0,,relleno
8825.067933368324,25353.01925435535,1599.1989241802714,,,0,,relleno
8980.158810915236,24436.541551886035,1562.2936768560642,,,0,,relleno
8926.50296012855,25387.66124270117,1349.6261573838785,,,0,,relleno
8976.882990796717,25674.580459669007,1463.761567967808,,,0,,relleno
8846.143088274664,26303.47355786197,1459.5762325625078,,,0,,relleno
9003.873716944974,24691.92378266114,1373.9595378254064,,,0,,relleno
8968.80253396039,26263.93737950347,1561.5111703295236,,,0,,relleno
9029.945553618963,25157.213220082413,1505.2517809217468,,,0,,relleno
9129.971975404693,24421.0643799679,1433.1744865146468,,,0,,relleno
9044.43156133034,24527.710916208052,1580.0329848658544,,,0,,relleno
9018.017514209683,24297.606971401543,1559.9768684313856,,,0,,relleno
9052.910974861878,25092.71908462224,1613.796593288672,,,0,,relleno
9031.71025281425,25354.63714097003,1733.8254436840455,,,0,,relleno
9098.41578456594,25627.930374696276,1637.9881368898011,,,0,,relleno
9075.978412225166,24622.25817090736,1606.39308835385,,,0,,relleno
9091.54080867032,25106.20056261259,1627.6031631807925,,,0,,relleno
9132.974142998026,24503.002290173998,1673.1860081671825,,,0,,relleno
8811.654221300694,25803.00690095172,1524.1140531858002,,,0,,relleno
9055.769002359595,25378.80542739163,1575.6524977121303,,,0,,relleno
8934.030614017009,24771.04896771466,1341.3798698988223,,,0,,relleno
9066.057814829588,25262.225235407288,1763.811600530485,,,0,,relleno
9118.176920434937,24353.46943231046,1471.0393659825568,,,0,,relleno
9088.006441178706,24403.23544101299,1504.2233078491238,,,0,,relleno
9031.571730489308,24701.45888256797,1492.840388216377,,,0,,relleno
8918.481754660575,24976.33994746294,1340.5362970647836,,,0,,relleno
9126.894545991669,24612.81332169855,1691.1330528700364,,,0,,relleno
8972.08986304266,25185.21216288631,1534.6610272056614,,,0,,relleno
9231.371519621482,24503.979362983868,1611.8775427422966,,,0,,relleno
8828.087332013249,26074.32022655339,1469.6379993781202,,,0,,relleno
8893.7261839609,25515.15243846705,1339.4944751184792,,,0,,relleno
9120.766914738919,24543.363120274415,1426.7241623905454,,,0,,relleno
9159.807490215184,25163.066589958667,1598.9620686134965,,,0,,relleno
9043.05132319774,24939.42777989985,1687.9741325791817,,,0,,relleno
9141.217924135986,24475.789388001434,1552.719402855855,,,0,,relleno
9037.062097067277,25240.950059321316,1513.9484642321759,,,0,,relleno
9041.229844103791,25206.019682536087,1575.7099038819897,,,0,,relleno
8943.609488813538,25124.53962500049,1712.277480314426,,,0,,relleno
9031.219652130778,25355.334318348818,1774.1212399617173,,,0,,relleno
8985.135681985086,25113.746983525503,1538.6081536746688,,,0,,relleno
9044.413562360105,24399.107655468848,1513.4930623426878,,,0,,relleno
8904.026933939493,25577.961242543075,1365.4872533166738,,,0,,relleno
9027.224857035893,25162.79060245837,1403.9257875242224,,,0,,relleno
8922.56642887494,25183.96257702533,1681.611436759643,,,0,,relleno
9028.2440768248,25925.607195199358,1558.0238783085658,,,0,,relleno
8894.22760322129,25177.672298437177,1632.9943223990808,,,0,,relleno
8935.794564010834,25356.718601211753,1393.298218159059,,,0,,relleno
9012.843052744249,24315.740278324356,1642.5600413860386,,,0,,relleno
8881.672806470297,24966.366387593032,1278.2526135053363,,,0,,relleno
9049.788008877349,25155.920960911295,1504.225907106462,,,0,,relleno
9005.766321872623,26653.999822329024,1645.9410959666195,,,0,,relleno
8989.832576138113,25458.168008045872,1640.3200257876729,,,0,,relleno
9087.427192123025,24820.08277790887,1721.5859826399292,,,0,,relleno
8954.038440208296,24714.170274008873,1599.479321551768,,,0,,relleno
9090.224081163236,25407.53907510836,1596.0423088692935,,,0,,relleno
9006.062288826239,24545.481936723263,1737.4873939691793,,,0,,relleno
8819.740750998337,25516.475026051885,1325.0585570019925,,,0,,relleno
8801.857676051142,25090.274141928767,1397.0514638871787,,,0,,relleno
8826.768415427618,25840.14162507001,1538.5419057133256,,,0,,relleno
8944.762519665834,24727.326767460465,1547.253148822685,,,0,,relleno
8848.542204519666,24916.83911870423,1434.0695924773108,,,0,,relleno
9039.334738097292,25237.028725356067,1639.5735883742454,,,0,,relleno
8721.54839761763,25534.55864527148,1247.086381764254,,,0,,relleno
9016.683137571248,24949.8717417089,1807.0850277381085,,,0,,relleno
8903.653585628379,24741.62878963495,1354.738821100119,,,0,,relleno
8932.170111155665,25237.099189021388,1352.797541266398,,,0,,relleno
9085.228630084119,24695.91839339128,1709.8258024050515,,,0,,relleno
9030.211909087906,24832.221430172336,1551.334834077443,,,0,,relleno
8918.156532351417,26075.152092724198,1669.8864334484542,,,0,,relleno
9016.645851114512,24694.68111650869,1521.2975230910722,,,0,,relleno
8967.135663082405,24997.840517854933,1649.0647647707276,,,0,,relleno
9141.417238182345,24730.385983730986,1711.4746273318065,,,4,,relleno
8937.180446287097,24241.811784216614,1728.4236983280632,,,1,,relleno
9065.191043275632,24457.292718646844,1695.7294427648571,,,0,,relleno
8863.979121173135,25487.36501236595,1476.0710033360535,,,0,,relleno
8958.290509879374,25823.410238841367,1621.1790572367831,,,0,,relleno
8777.913771973987,25473.27628221414,1476.9595823503967,,,0,,relleno
8945.99958575334,24627.737951446383,1674.674226805625,,,0,,relleno
8880.537699183229,25123.149486492763,1497.2551835206425,,,0,,relleno
8846.735104604653,25481.266385299914,1423.2155755052258,,,0,,relleno
8891.00351195095,24709.42857584417,1443.76105805024,,,0,,relleno
9027.09446082493,24582.570502139082,1537.923442246648,,,0,,relleno
9018.628234113537,25506.20808384947,1604.9728499341195,,,0,,relleno
9005.97999013307,25670.63322663623,1752.86638461142,,,0,,relleno
8779.001979986493,25556.553062556628,1530.86701802596,,,0,,relleno
9083.134955820646,25243.986097869223,1689.1187720201885,,,0,,relleno
8996.50745128295,24716.698497723828,1664.4333349975177,,,0,,relleno
8954.595531650708,25426.425075602663,1511.4041432062022,,,0,,relleno
8821.591346743257,25793.253349806513,1413.608413753555,,,0,,relleno
8900.574127860358,26332.486730650602,1509.4677169322615,,,0,,relleno
8926.232419155232,26338.277108114566,1498.89267310123,,,0,,relleno
8837.65311200848,25394.073828865436,1478.6295888700179,,,0,,relleno
9060.299068806658,24691.674272597487,1732.7434816906268,,,0,,relleno
9044.888940065011,25001.292993981682,1614.62529204922,,,0,,relleno
9064.29714661733,24705.92442226863,1559.4710153428452,,,0,,relleno
9008.669090993999,24529.163073077667,1755.4147749063975,,,0,,relleno
8802.954278719566,25789.62837089563,1419.181765788231,,,0,,relleno
8999.947185764697,24665.036140438886,1758.5226272590148,,,0,,relleno
9057.244197910617,24475.82064469631,1670.0681832763219,,,0,,relleno
9064.581805075495,24639.321172611657,1598.7733446871732,,,0,,relleno
8963.525346143486,24373.42143436756,1727.7637776392053,,,0,,relleno
9015.161253190558,24865.372592034877,1598.125653645114,,,0,,relleno
8900.492911006246,25468.688772286856,1596.34152168333,,,0,,relleno
8947.737114460488,25947.158428690927,1471.8258236181794,,,0,,relleno
8953.978651581569,24698.36542580796,1318.1007172426039,,,0,,relleno
8901.877813658273,24585.145124291943,1604.078084496408,,,0,,relleno
9004.481451064683,25439.35138084302,1725.3529766709612,,,0,,relleno
9014.465288201049,25679.86513431611,1776.1233001841229,,,0,,relleno
8899.654203260983,25015.05950312454,1484.9698189423384,,,0,,relleno
8974.057342226522,24413.658907252102,1725.6159873646627,,,0,,relleno
8950.311157225604,25924.61378680751,1651.7454900060939,,,0,,relleno
9054.515617114892,26167.920630621215,1608.4972994391549,,,0,,relleno
8989.061963643651,25602.37005733791,1663.318314050773,,,0,,relleno
9076.445957189606,25747.713245568757,1594.4490426347581,,,0,,relleno
8916.49566209852,25923.232143050394,1515.7842773883144,,,0,,relleno
9176.532721111917,24569.667769534324,1580.2956026463075,,,0,,relleno
8904.712792265525,26250.10225025446,1525.7759097670069,,,0,,relleno
8942.236888818285,26241.11256595117,1627.11439929091,,,0,,relleno
8923.887664238755,24990.596209592328,1649.631331747756,,,0,,relleno
8872.361642459296,25544.308354008765,1380.050342193445,,,0,,relleno
9035.673334224843,24503.306329489737,1756.8275266509906,,,0,,relleno
8931.09659009627,25463.810856998763,1623.8826495658118,,,0,,relleno
8891.252676804928,25629.11006124694,1647.6345895912661,,,0,,relleno
8958.022304910988,26073.95368938844,1679.8827411693815,,,0,,relleno
8941.832829097079,24471.448392105733,1527.2951594984938,,,0,,relleno
8981.066740676,25177.919100322877,1577.5230607473434,,,0,,relleno
8859.56376782475,26234.333227164,1455.9988691322167,,,0,,relleno
8846.285599477473,24980.326791351537,1503.1618072596727,,,0,,relleno
8740.265413016617,25501.070987896986,1249.743360340961,,,0,,relleno
8961.780980337735,24813.265069422632,1789.5833783913693,,,0,,relleno
8944.475099889481,24961.308974971394,1614.8694288176227,,,0,,relleno
8906.84950244525,24897.348992545933,1591.204106417668,,,0,,relleno
8842.904255257683,24976.470529898117,1474.0153524555342,,,0,,relleno
8911.103684546793,25951.30504258417,1486.4436493166136,,,0,,relleno
8918.061031421594,24695.861752539127,1401.225801320943,,,0,,relleno
8849.285835056402,25801.10200099365,1402.138990149947,,,0,,relleno
8725.876397859689,25462.730499463858,1347.5149732587015,,,0,,relleno
8776.839658741399,25844.97122962529,1351.5501968731567,,,0,,relleno
9050.402532258799,25288.28231081095,1641.090690160233,,,0,,relleno
8875.253741068507,25161.952386374527,1647.163938926965,,,0,,relleno
8872.021488519838,25048.497203587176,1345.5897923337113,,,0,,relleno
8914.48432167546,26186.927984853217,1611.912707546499,,,0,,relleno
8874.366660877211,25477.66468753085,1490.925480909519,,,0,,relleno
8798.608088442652,25264.57279822034,1356.9795175392885,,,0,,relleno
9025.204312259202,24909.228249331543,1624.2427673095895,,,0,,relleno
9052.015471194945,24241.171652701738,1398.1520760023925,,,0,,relleno
8969.018320338952,24422.757148715737,1487.658312558422,,,0,,relleno
9053.839563041838,25078.7306513507,1537.4335530242781,,,0,,relleno
8920.535743690085,24721.610236861303,1314.7398737186695,,,0,,relleno
9049.740922876377,24347.50343426212,1367.3666976066338,,,0,,relleno
8941.994329099864,24330.49599198405,1645.191691814936,,,0,,relleno
8894.491921481078,25705.07162771631,1400.4622675701032,,,0,,relleno
9029.689563399972,26313.686462423033,1621.490058183205,,,0,,relleno
8814.460686728347,25202.147311607983,1568.0274616469264,,,0,,relleno
9020.511302512878,24828.053186772504,1783.0447254654027,,,0,,relleno
8968.697412312424,25312.73463815327,1725.1483584653504,,,0,,relleno
8966.674492454971,24524.395369972222,1553.1466069799867,,,0,,relleno
9009.781425272035,26094.608505713524,1723.6457633122923,,,0,,relleno
8925.072465883792,25310.15289784693,1451.9521182333854,,,0,,relleno
9026.968794105742,25306.818104637627,1760.863228893786,,,0,,relleno
8932.76353712438,24413.673001205632,1506.1188562413925,,,0,,relleno
9003.429969354047,25314.632246707,1624.6211671880048,,,0,,relleno
8956.330965702373,25868.465119632507,1604.1893519130142,,,0,,relleno
9063.994938617827,25365.129832200746,1761.2364973413655,,,0,,relleno
9023.289972067607,24602.48705411705,1401.454372720077,,,0,,relleno
8815.535782320405,25992.12178405645,1385.7350695985524,,,0,,relleno
9004.458448990083,24576.75480607587,1734.3365389208545,,,0,,relleno
8987.008202849858,24882.952072903732,1821.8971525501745,,,4,,relleno
8777.846158433238,25226.519440473436,1421.7763495970512,,,0,,relleno
8796.259632408513,25651.411788694735,1294.5303754967993,,,0,,relleno
8858.752107237897,25316.24548655731,1670.747188375835,,,0,,relleno
9023.25784895741,24785.653807962983,1488.7318464306582,,,0,,relleno
8953.5768862875,25695.468405003132,1439.4651183825777,,,0,,relleno
8941.167517060449,25720.787606265836,1672.6196696693476,,,0,,relleno
8996.113832173947,24977.906197783588,1801.9207293752843,,,0,,relleno
8908.044647139943,24761.1213773325,1299.3678867287654,,,0,,relleno
9017.365177887408,25819.86217044942,1740.6878376258062,,,0,,relleno
8857.727088627887,25809.83724124636,1379.8364465674624,,,0,,relleno
8871.099654570578,25679.88792286525,1560.2170105451396,,,0,,relleno
9113.773540057646,24810.77635686524,1490.4075133185745,,,0,,relleno
9042.547571797997,25790.273259862748,1660.760671511308,,,0,,relleno
8778.631578647484,25806.5412436542,1301.0256647098884,,,0,,relleno
9068.49186056333,25378.450590961154,1637.37158836251,,,0,,relleno
9064.129931650434,25763.352313573196,1691.8106678284562,,,0,,relleno
9150.673479526953,24660.608308534538,1495.9374256802603,,,0,,relleno
8821.290684483525,25436.17292762253,1506.0205079794516,,,0,,relleno
8879.853000360195,24614.975997630227,1682.29411671594,,,0,,relleno
8956.843803982423,25606.91959130383,1596.435815167958,,,0,,relleno
8947.988619391568,24813.292295813662,1509.3762316366533,,,0,,relleno
8792.110120987543,25431.586574724963,1358.6390717779702,,,0,,relleno
9024.448667771403,25470.218682137503,1739.0762937772179,,,0,,relleno
9049.74737075571,24455.320594439556,1505.2398975711396,,,0,,relleno
8750.15907323089,25624.244381118675,1471.2661022705952,,,0,,relleno
8999.776218587627,25195.411613008353,1610.765949594266,,,0,,relleno
9011.730144811012,24452.572961320962,1711.2271914743555,,,0,,relleno
8992.583572454085,24384.937491792,1517.1979741454704,,,0,,relleno
8943.809280417978,24504.489729690533,1750.1946850828635,,,1,,relleno
8849.097877162934,25244.75255503,1600.661410128576,,,0,,relleno
9088.068717724293,24768.728676888943,1754.937749783899,,,0,,relleno
8909.14873605229,24890.08603225825,1733.949778930922,,,0,,relleno
8958.213188664007,25533.98733497076,1514.660097947349,,,0,,relleno
8887.172190914858,24876.873597628826,1492.056515184162,,,0,,relleno
8907.150297924456,25176.699018309115,1399.024891905864,,,0,,relleno
9072.17821682146,24580.156847210885,1589.1259971732838,,,0,,relleno
9093.130210680016,25579.385512544388,1628.7793359034963,,,0,,relleno
9073.005980874175,24826.94250821504,1454.3856364228702,,,0,,relleno
8979.020837688584,25315.764327057255,1793.1099357759363,,,0,,relleno
9054.488376449572,25004.414708442793,1402.3930922539726,,,0,,relleno
8946.01682404573,25036.75328453018,1782.6641531903092,,,0,,relleno
8827.189579005038,25733.61262424245,1378.0268764766463,,,0,,relleno
8995.614341448701,24448.496287958842,1734.5084624481187,,,0,,relleno
8708.54157758981,25736.468149255496,1327.7756382648731,,,0,,relleno
8838.262402680919,25476.924467996298,1503.1095326795844,,,0,,relleno
8831.450313445046,24911.73213480984,1513.573784304765,,,0,,relleno
9014.959167682135,25799.28011350536,1541.8163898579517,,,0,,relleno
8973.133288071229,25239.505111885643,1477.78415072016,,,0,,relleno
8984.66322780084,24857.51388470899,1337.8487605163587,,,0,,relleno
8842.80789613724,24930.412477777303,1631.7077895444672,,,0,,relleno
8893.939895037383,24734.453129797468,1515.0254874857692,,,0,,relleno
8945.622394119873,25844.616129425092,1491.2847324540458,,,0,,relleno
8882.13533147246,24999.231067882014,1320.5509584919723,,,0,,relleno
8987.76275070599,24242.095921391774,1506.998258980382,,,0,,relleno
8969.53780273489,25286.598921334233,1360.4132589207454,,,0,,relleno
8856.938359816664,25827.90223084159,1629.4005714017005,,,0,,relleno
9013.974823630417,24317.287706742056,1549.3336323780388,,,0,,relleno
8903.788368560907,25995.54105638242,1611.7331820299626,,,0,,relleno
8873.68152768993,25631.804846081883,1500.2100622547393,,,0,,relleno
8892.928559745314,25272.23096572661,1559.6076581085179,,,0,,relleno
9015.069318435577,24268.71520174491,1424.042739666042,,,0,,relleno
9045.96070407159,25743.91332720008,1711.088117099852,,,0,,relleno
8832.355436672322,25023.798775108182,1356.6425041012476,,,0,,relleno
9105.063235250627,24591.883839632785,1705.0868628261853,,,0,,relleno
8939.427152799559,24688.32844755725,1462.657581443886,,,0,,relleno
9034.14181325409,25498.939232652858,1581.0942214427323,,,0,,relleno
8921.876440251028,24662.0530185901,1739.0889846552695,,,0,,relleno
9039.689049136172,25158.12554896618,1676.3169066342655,,,0,,relleno
8856.219599101829,24751.65119197488,1504.6440313932624,,,0,,relleno
9154.692128132087,24785.258711222694,1562.478771524313,,,0,,relleno
9025.388445738323,24377.508211012657,1572.8577701022118,,,0,,relleno
8998.193534570823,26412.633393144108,1679.652313120308,,,0,,relleno
8979.337358976072,24296.97793275826,1674.927813027995,,,0,,relleno
8940.12301592542,24378.30851388301,1700.3579994145405,,,1,,relleno
8912.018910059709,25886.167026104216,1584.6784886271255,,,0,,relleno
9003.864633603147,25171.44110889566,1537.0699093809199,,,0,,relleno
8970.335016295789,24568.22633505816,1475.7153573260214,,,0,,relleno
9042.5204072911,26106.830312878035,1695.125466824835,,,0,,relleno
9115.695742633721,25530.38765876774,1674.3516280350975,,,0,,relleno
8984.946987534666,24945.02523554325,1688.1996974075196,,,0,,relleno
8912.677743820183,26104.663630200594,1496.7081347107492,,,0,,relleno
9036.430496141475,25882.88409832434,1742.345724281546,,,0,,relleno
9011.378595424916,24717.1356436436,1587.2969833421046,,,0,,relleno
9097.431151560253,24668.616388489278,1616.142366239013,,,0,,relleno
9191.045577509838,24765.571109884426,1633.6607248325392,,,0,,relleno
8828.738116549215,26213.454896935265,1444.9330514709675,,,0,,relleno
8871.356083475057,25586.1503888163,1329.482427421248,,,0,,relleno
8808.464407844844,25809.5689651219,1353.2115853730484,,,0,,relleno
8832.363954993716,25313.93122142849,1602.213208990117,,,0,,relleno
8741.669494718955,25966.18863930593,1316.8328941320926,,,0,,relleno
9066.936613694781,24906.25602516815,1536.6955036763848,,,0,,relleno
8989.144055804225,25545.758650915785,1487.8625277800268,,,0,,relleno
9017.671751574919,25129.953331286608,1596.6935390543106,,,0,,relleno
9144.21929649958,25110.34857408654,1620.3668386002573,,,0,,relleno
8985.712299157845,25114.55830392039,1488.4258609838434,,,0,,relleno
9152.194050985923,25025.08697863538,1693.269346395957,,,0,,relleno
8888.325506793975,25289.3834940223,1297.1149580956635,,,0,,relleno
8896.434233396865,24953.248230215268,1374.3692647825799,,,0,,relleno
8793.852415584179,25251.907860757994,1293.5688443699403,,,0,,relleno
8955.004708544817,25725.78222742213,1719.675656408615,,,0,,relleno
9029.851028628516,24886.17728297732,1426.3723010688032,,,0,,relleno
8921.64939048466,26144.615379027244,1595.6339588029155,,,0,,relleno
8881.462641637427,24935.214397982665,1415.4138461835134,,,0,,relleno
8918.928130397017,24387.128763611894,1655.7628056346418,,,0,,relleno
8841.979643483563,25190.10749926558,1434.8777498785898,,,0,,relleno
8966.7708526002,25069.68536404511,1578.287004807852,,,0,,relleno
9146.920110006686,24462.635163979154,1507.9771460758764,,,0,,relleno
8737.752191454116,25524.076799395898,1383.5000179178512,,,0,,relleno
8775.654726674768,25284.460934276278,1319.1643939109595,,,0,,relleno
8904.5963846482,24668.544221684617,1747.176374432108,,,0,,relleno
9142.661506268943,24387.66889548063,1625.1265985847167,,,0,,relleno
9048.77127056648,25490.99641506237,1574.8012687467613,,,0,,relleno
8848.736468042369,24855.157862433975,1579.8468141145988,,,0,,relleno
8822.754421055504,25994.576176980467,1484.2771384737996,,,0,,relleno
8922.829711437975,24918.548122060427,1541.9837873175177,,,0,,relleno
8895.37914476364,25410.09156766527,1396.1854917174853,,,0,,relleno
8799.198565790646,25636.826045349044,1317.2092063787413,,,0,,relleno
8893.18004214826,26234.18875231699,1450.4645828068149,,,0,,relleno
8777.70926945709,25658.599269182858,1362.177544783452,,,0,,relleno
9073.9748673153,24633.48506268649,1426.3706335723068,,,0,,relleno
8955.72821691176,25774.050834045018,1571.4013029900416,,,0,,relleno
8990.918288536788,25930.25666504122,1636.1707919292423,,,0,,relleno
9004.642091884414,24665.44516983546,1652.7730864906423,,,0,,relleno
9058.79815121435,26019.28881240521,1592.4934275562896,,,0,,relleno
8970.66287381196,24778.357978442367,1409.7424235488054,,,0,,relleno
9036.407425340642,26238.649144596475,1665.350165579652,,,0,,relleno
9072.939469922725,24809.94870418938,1550.8558105293982,,,0,,relleno
9019.830735877262,25480.865015088966,1464.9384381025159,,,0,,relleno
8917.171243229328,25171.677734834,1717.2651521414546,,,0,,relleno
8953.219707422058,25599.08127863786,1637.9566156044705,,,0,,relleno
8989.291689016181,25479.693516203977,1610.3367116745292,,,0,,relleno
8880.695402433355,25912.572621741212,1565.7703456206796,,,0,,relleno
8906.15779852309,25147.62245237641,1549.6810949812418,,,0,,relleno
8974.888230253951,25146.491381535587,1662.236904442839,,,0,,relleno
9007.697707366831,25173.693850027645,1425.5429071687797,,,0,,relleno
8988.061120614044,25254.16954588183,1483.7193922541237,,,0,,relleno
9088.67295426917,24427.475865456472,1341.0849495133002,,,0,,relleno
9076.898400283248,24679.884736602504,1557.0409607913411,,,0,,relleno
8851.719843542996,25772.40076029305,1482.2606106307271,,,0,,relleno
9061.673829012365,24683.077239957052,1484.8574736623516,,,0,,relleno
9058.729629351425,24652.65364955263,1731.47012389855,,,0,,relleno
9069.66170805885,24691.774917555093,1417.2923665718224,,,0,,relleno
8864.903132128815,25126.15591493778,1603.819450710011,,,0,,relleno
8935.783610707616,24862.695994874706,1285.9247594028316,,,0,,relleno
8953.00414658713,24792.495723821103,1482.9483380923461,,,0,,relleno
9126.54271097756,24481.005177481282,1456.095217190946,,,0,,relleno
9095.680228802063,24535.770760067397,1582.1858947905448,,,0,,relleno
9115.388318397254,24420.15966236179,1603.4523808541064,,,0,,relleno
8920.04238267116,25522.95844808094,1693.6877117236638,,,0,,relleno
9007.923547255754,24271.76190561012,1386.3526287518155,,,0,,relleno
9074.223969375658,24674.623795857882,1723.1152571793277,,,0,,relleno
9067.061775876296,24703.004965917324,1712.06318139665,,,0,,relleno
9012.152242708893,24412.6356250175,1433.4389299757506,,,0,,relleno
9219.917505022679,24546.259336779956,1583.302868763295,,,0,,relleno
9006.76455347114,25039.748941479404,1625.7988379706092,,,0,,relleno
8917.62595213985,24387.143600702264,1668.171500312013,,,0,,relleno
8987.955767134637,25846.046365296403,1540.7548192181637,,,0,,relleno
8879.391748607883,24956.5109652044,1320.4677937038048,,,0,,relleno
8806.941459364467,25369.125379547717,1405.0928196592597,,,0,,relleno
8882.46931306434,25196.99219944781,1603.6281675120067,,,0,,relleno
9009.39261505217,24564.643486290057,1399.46159709939,,,0,,relleno
9065.045878736724,25156.4143627851,1599.845921240483,,,0,,relleno
8844.75746706376,25225.88992360337,1464.1153790853543,,,0,,relleno
8790.492780907436,25489.552899069065,1324.9275041153571,,,0,,relleno
9036.736049214283,24764.205958100956,1684.64035379891,,,0,,relleno
8944.358556882573,25258.063964603214,1673.0458015773565,,,0,,relleno
8873.190210769852,24867.30714258433,1433.536019980692,,,0,,relleno
8813.066725485452,25509.727579791284,1608.7385115394356,,,0,,relleno
9025.352075597742,24943.748290098396,1614.1070479968146,,,0,,relleno
9083.102439658518,25005.012563250086,1788.4450463139754,,,0,,relleno
9068.242475420971,24698.371059247205,1608.8575356857189,,,0,,relleno
9041.142726044474,24225.901107237914,1363.3279797571697,,,0,,relleno
8910.075205498804,25916.450015336413,1540.477593729262,,,0,,relleno
8850.979438534741,24644.32517049331,1600.1873386276093,,,0,,relleno
9077.136369997315,25721.28198981038,1588.1943352543162,,,0,,relleno
8864.4438965101,25670.096298267243,1657.2017637815184,,,0,,relleno
9023.884194841634,24289.493195899806,1406.443774764036,,,0,,relleno
8970.347183968655,25343.071427925683,1691.2496599017095,,,0,,relleno
9011.400907896812,24900.34551410544,1748.7386094883575,,,0,,relleno
9080.03456059461,24662.276871366234,1647.0603663252805,,,0,,relleno
9120.558685320128,24873.506674335873,1651.9840172405682,,,0,,relleno
8929.595939796953,24554.71583604775,1439.2847724676642,,,0,,relleno
8927.38430639734,25332.745758049667,1359.2415912619122,,,0,,relleno
8782.6648433739,25536.49556151521,1271.0249473934073,,,0,,relleno
8908.365727649621,25913.26686607187,1429.0398505350258,,,0,,relleno
8813.416764152822,26137.053473626784,1436.6236413875133,,,0,,relleno
8980.94511354604,25221.946367880715,1380.308203821406,,,0,,relleno
9143.410585335067,24553.724120767933,1613.1636117357766,,,0,,relleno
8995.476054794975,25545.217603063084,1467.8679759847278,,,0,,relleno
8817.913787740245,25687.377861096807,1581.7707335067387,,,0,,relleno
8971.423516139568,25855.494246424532,1630.2118927334175,,,0,,relleno
8739.277848939893,25542.65801176006,1357.001386346071,,,0,,relleno
8922.852168644655,24820.164782980337,1603.2362067927586,,,0,,relleno
9015.89315936694,26209.578885604024,1609.971375323305,,,0,,relleno
9010.420130814078,24466.32592255792,1482.782287270948,,,0,,relleno
9017.580119765327,24453.524359752693,1614.3618319544755,,,0,,relleno
9053.505118772862,25278.39025126375,1548.5344430272667,,,0,,relleno
8909.117648110394,25480.834224338163,1662.8931104363512,,,0,,relleno
8959.793565042215,26067.332250732456,1539.6592579827334,,,0,,relleno
8959.711060023024,25144.917749398814,1534.8534765359777,,,0,,relleno
8928.211955834422,25506.373266919105,1649.5351682375183,,,0,,relleno
8912.625334287688,24501.491365986163,1728.3862016331943,,,1,,relleno
9020.265266717082,25419.625963069782,1635.717811043205,,,0,,relleno
8814.945283264986,25712.251467206468,1456.056921028322,,,0,,relleno
8901.541926835578,24877.924045584587,1394.4224053673327,,,0,,relleno
9085.4176581186,24454.236654728997,1665.5574199381451,,,0,,relleno
9085.029996013318,24395.69514005671,1339.8336929341488,,,0,,relleno
8926.942502595115,25750.396854137143,1537.2025764709242,,,0,,relleno
8797.961482004579,25605.493273834334,1303.5854081588968,,,0,,relleno
9134.891696467212,24453.887271956537,1637.7901930179066,,,0,,relleno
8935.418862139753,24777.3578391415,1607.0166760451941,,,0,,relleno
8963.355824207661,25865.32500957726,1536.148266416936,,,0,,relleno
9105.868537959275,24707.59274691856,1713.955805750369,,,0,,relleno
9152.46507333567,24619.314354388986,1515.3274042849607,,,0,,relleno
8942.453707194467,24715.959220826124,1590.297915653417,,,0,,relleno
8892.602188670859,25206.176811959842,1317.3521326471002,,,0,,relleno
8931.609586195042,25929.411254449224,1555.2867014258925,,,0,,relleno
8993.853208504479,25717.185672245105,1614.3693082703392,,,0,,relleno
9020.275648347748,25255.22570885873,1521.8081648675309,,,0,,relleno
8891.05001592885,25686.902523277444,1579.0323151650693,,,0,,relleno
8933.005553092436,24890.479320715775,1449.9861985085893,,,0,,relleno
8967.342086597397,24466.178328438516,1671.120309175084,,,0,,relleno
8958.351236461534,24622.16343225426,1352.767417075756,,,0,,relleno
9045.366050185392,24913.046614461713,1691.1456878145111,,,0,,relleno
8976.026210581122,25092.48076993034,1357.1504846922765,,,0,,relleno
8969.702461564864,24885.51260288739,1481.4659714132588,,,0,,relleno
9149.71798619857,24396.12102945481,1648.033512481142,,,0,,relleno
8979.081611401458,26476.810858012035,1614.2830371201871,,,0,,relleno
8906.690904730785,24816.81698102099,1637.1931286310985,,,0,,relleno
8815.678217876948,25223.482446539547,1298.5345324872885,,,0,,relleno
8814.857051898247,25538.069010268882,1400.6806069953145,,,0,,relleno
9210.259134188424,24511.37856264951,1628.53328454543,,,0,,relleno
8988.218207680426,26443.765291708023,1607.8113487793778,,,0,,relleno
9021.340031520262,24704.179128616186,1535.7849556100277,,,0,,relleno
8793.710105657055,25176.376428281008,1383.9786637550678,,,0,,relleno
8956.42886515492,25470.003729363943,1476.2908486259055,,,0,,relleno
8934.040443322578,24755.234614122586,1523.8073339835564,,,0,,relleno
8870.485532317001,25176.966440480915,1584.8516891560025,,,0,,relleno
8989.055224523,24406.349486608346,1316.9720314325402,,,0,,relleno
8885.416896696715,24623.529605567353,1524.8922922140234,,,0,,relleno
8950.670566535035,24441.04587664045,1657.3604983432776,,,0,,relleno
8854.19050026269,25083.609327675767,1479.886475955109,,,0,,relleno
8906.275727736996,26000.25745718511,1572.4133624371766,,,0,,relleno
8896.525417231935,25324.452958847458,1490.1283690584742,,,0,,relleno
8935.932909542096,25652.118434685122,1729.2860665864384,,,0,,relleno
9015.078642738816,24354.766602527692,1632.322554713589,,,0,,relleno
8976.454046855639,26082.63875596167,1533.6639561435857,,,0,,relleno
9074.440181734388,24787.02146555709,1651.7026494617544,,,0,,relleno
8856.336270876725,26030.83274511431,1481.7568394946336,,,0,,relleno
9028.247732052641,24885.016733739132,1638.6913016725614,,,0,,relleno
8864.197690677127,25850.17369332948,1437.8550668052026,,,0,,relleno
8956.696160399422,25878.960670862016,1676.2230687193758,,,0,,relleno
8758.447691403964,25845.668109670474,1297.5531235596054,,,0,,relleno
8853.794128447,25006.04202033563,1400.0861842820323,,,0,,relleno
9004.197308798033,24376.782664065122,1578.1508377750454,,,0,,relleno
9034.31444223922,24891.66243829803,1678.2160197482153,,,0,,relleno
8928.422079417984,25088.877241838538,1310.0988567877275,,,0,,relleno
9034.744666740102,25869.876278809345,1637.2172547062007,,,0,,relleno
9095.485715831499,25389.891578066978,1730.8118343549684,,,0,,relleno
8904.204392579231,24638.84898392919,1598.7039220912468,,,0,,relleno
9028.36618799053,25904.92507080085,1755.6596643946714,,,0,,relleno
8931.493518180512,25890.16146522928,1505.7880419478035,,,0,,relleno
8973.022094883834,26107.82840271177,1664.1428738898082,,,0,,relleno
8893.881366679336,25705.447607793354,1630.7961967940014,,,0,,relleno
9006.138634466732,25794.86973149387,1729.1933040335537,,,0,,relleno
8795.412896766167,25308.730593003173,1429.7352474218696,,,0,,relleno
8807.240257775067,25612.33517971883,1458.104832811491,,,0,,relleno
9123.260442789287,24517.8806575179,1630.8138142919513,,,0,,relleno
9086.064966053627,24840.093046633305,1654.763910210871,,,0,,relleno
8856.4014554597,25404.33914460014,1560.2029076903075,,,0,,relleno
9040.22758453242,25045.333327152595,1726.8125828531058,,,0,,relleno
9059.78920935019,24546.22412730699,1704.095147444073,,,0,,relleno
8894.142377218697,25124.952970768354,1638.723954128405,,,0,,relleno
8940.905873592608,25919.58378494946,1611.9351175705824,,,0,,relleno
8967.411679775985,24442.694592778156,1446.091745821129,,,0,,relleno
8862.282522540443,24917.06656309831,1572.4886398140843,,,0,,relleno
8825.981724340247,25328.406903866937,1388.359275602952,,,0,,relleno
9062.421679918334,24622.79788320156,1443.2152883511815,,,0,,relleno
9041.322886352098,24444.01772817113,1443.2982939028477,,,0,,relleno
8969.615837331758,24740.322936278808,1506.9934163514479,,,0,,relleno
9052.54378920384,25015.83027271533,1572.153418286137,,,0,,relleno
8855.294406056111,25500.012189386714,1511.502750195509,,,0,,relleno
8942.167102347968,25063.251139923046,1481.0646776771448,,,0,,relleno
9031.23260156372,24594.855034311906,1530.1449716842656,,,0,,relleno
8953.562413089276,25684.501950806403,1633.3543729584976,,,0,,relleno
8899.7001854214,25172.638376665313,1464.488649859704,,,0,,relleno
8962.966213874402,25630.22490843687,1572.7786414715981,,,0,,relleno
8848.284014439383,25512.67819134514,1465.4707888535204,,,0,,relleno
8974.756004579966,25376.64984748063,1426.9268256895261,,,0,,relleno
9056.73989900519,24595.32472875049,1579.0989206788431,,,0,,relleno
8949.644709366092,26433.925138246035,1601.0157725290521,,,0,,relleno
9067.246273570385,24903.748798022843,1707.9251539652075,,,0,,relleno
9094.567081514619,25000.495103376084,1471.938636752783,,,0,,relleno
8943.02006219611,25385.63158769706,1641.0832860528387,,,0,,relleno
8990.858351909717,24492.18660338815,1581.7490170565438,,,0,,relleno
9052.747006129739,25269.387112519544,1580.3837042726148,,,0,,relleno
8990.950640532032,24844.42384253801,1433.2659156099196,,,0,,relleno
8861.512310260017,25466.96759569119,1621.9461973127281,,,0,,relleno
8812.142870034082,25502.885901750244,1580.1916615384569,,,0,,relleno
8917.708784502976,25664.1153721432,1562.612556599873,,,0,,relleno
8767.676520811157,25419.395033407312,1400.0600159525475,,,0,,relleno
8988.711689231968,25022.86503332143,1827.051294690687,,,4,,relleno
9102.954641395612,25317.59947653046,1660.4689315465052,,,0,,relleno
9115.770546659685,24590.604224137067,1505.524892365337,,,0,,relleno
9169.346739547183,24632.84118707159,1687.380426557763,,,0,,relleno
8901.323902017877,24954.769929317445,1446.2404871538274,,,0,,relleno
9110.18932462432,25448.344995208903,1666.2683404327192,,,0,,relleno
8916.200987465589,25190.698681287326,1537.2232909241943,,,0,,relleno
8855.554978909111,25523.470907774077,1440.5826911629313,,,0,,relleno
8900.906908080051,24941.61726839718,1724.3435993988708,,,0,,relleno
9023.68173694578,25481.9441776915,1469.2130051707027,,,0,,relleno
8904.829060360298,25672.888062893155,1405.3196162936902,,,0,,relleno
8755.334961805742,25682.4495357559,1273.3592552806,,,0,,relleno
9100.07638630153,25004.61413335084,1462.6542714469244,,,0,,relleno
9127.45499647006,24732.56917577902,1558.3184568771812,,,0,,relleno
8914.78319713229,24859.44853240183,1461.4295972557172,,,0,,relleno
8767.711668217118,25833.687206646893,1409.7796620597544,,,0,,relleno
8949.493588517484,24870.37044360547,1709.3694007369866,,,0,,relleno
9008.424396399247,25884.57314186585,1717.8811393719834,,,0,,relleno
8750.576838235285,25394.209697456685,1395.0207824517158,,,0,,relleno
9034.753781349544,25135.67078528871,1779.2606387742542,,,0,,relleno
8915.908424733772,25665.834438584305,1699.6329003438539,,,0,,relleno
8967.036285394284,25731.98346824703,1658.375728801526,,,0,,relleno
9053.572832942808,24967.77984638631,1529.8617532675264,,,0,,relleno
8993.264931656664,25758.69813426177,1521.3860457220985,,,0,,relleno
9056.487027562749,24323.558985828273,1532.9925022172126,,,0,,relleno
8982.969844050687,25103.81709524473,1358.2168890265543,,,0,,relleno
9029.004366478075,24435.55894369839,1556.6058688308676,,,0,,relleno
9024.711144842122,24496.76306441402,1631.7647718537044,,,0,,relleno
9072.480317555282,24747.839487412428,1586.241184331607,,,0,,relleno
9130.463586936577,24645.613242573272,1648.0401471111863,,,0,,relleno
8958.875372503951,25166.621719133404,1454.0168709406867,,,0,,relleno
9121.629753397012,24476.39551189436,1659.5284696999367,,,0,,relleno
9009.141229544166,25734.298936050858,1654.907690039389,,,0,,relleno
8857.17216167765,25598.33188533153,1383.8389219413511,,,0,,relleno
8933.848888320355,24570.480706317627,1525.9616181784538,,,0,,relleno
9091.719562363833,24576.225577803143,1544.809844668135,,,0,,relleno
8910.814557047031,26355.465334898217,1503.3291066797576,,,0,,relleno
8881.41907644674,25830.057772507327,1516.8256373247798,,,0,,relleno
8996.569130695172,24371.023005560837,1437.2988015427193,,,0,,relleno
8978.496997062299,24990.23109589375,1819.4079074304227,,,4,,relleno
9154.114811788622,24658.276364236972,1706.267780531741,,,4,,relleno
8822.668857533816,25585.347245537178,1407.5583290303584,,,0,,relleno
8890.404294134989,24699.251680151832,1571.4276036919873,,,0,,relleno
8885.629334022611,25551.484353274594,1419.8404036303132,,,0,,relleno
8917.656511249914,25709.642826379048,1612.7512135837396,,,0,,relleno
9020.967526168364,25396.135161244514,1636.4067941339745,,,0,,relleno
8997.722554560645,25512.71157215142,1755.4439610371855,,,0,,relleno
8946.595517423904,26387.449426366635,1543.7926407234145,,,0,,relleno
9085.14758695092,24266.146766480004,1416.1345782348913,,,0,,relleno
8990.79026431795,24990.15282762982,1482.7206115434626,,,0,,relleno
8869.087959037108,24926.575858036624,1661.0904926862734,,,0,,relleno
9074.33225109957,25356.61957335907,1775.4613060457973,,,0,,relleno
9177.186349668984,24690.384737866152,1602.52197475061,,,0,,relleno
9100.901781146347,24373.740685196924,1673.576720220323,,,0,,relleno
8961.482911828318,24620.150246169844,1723.1700252362568,,,0,,relleno
9000.963604663382,25338.69954306963,1761.6325608387897,,,0,,relleno
9000.590619504299,24328.00598063493,1439.701331624351,,,0,,relleno
8995.177757623178,24441.70869112738,1280.2600769632982,,,0,,relleno
9033.165268383718,26051.223925324277,1581.9883676073825,,,0,,relleno
8888.732257405687,25404.353667083084,1669.1225381516024,,,0,,relleno
9075.35491294952,25256.994078223513,1745.398960966621,,,0,,relleno
9116.061431407417,24369.827203097335,1515.9405906155803,,,0,,relleno
8943.947938076566,26069.503070877254,1677.8894868315656,,,0,,relleno
9147.975090391388,25412.7424357476,1629.2215103526164,,,0,,relleno
8983.405049503097,25676.246282458385,1534.3148539612073,,,0,,relleno
8968.004211934061,25712.257825198663,1699.377703273979,,,0,,relleno
9024.764628589102,25094.56768367244,1593.261322120512,,,0,,relleno
8919.934528604452,24627.97312335064,1468.5476952007461,,,0,,relleno
8945.56249374861,25019.934116338467,1604.0332885426167,,,0,,relleno
9006.437789062986,24595.784160286887,1450.8950647241777,,,0,,relleno
8793.937708967042,25536.39948171841,1522.9567826565292,,,0,,relleno
8872.607677370781,25843.167340086704,1645.3461012594491,,,0,,relleno
9054.875100488702,25927.718080810813,1603.5013051342596,,,0,,relleno
8983.680477146538,25801.678893441032,1601.4302903921593,,,0,,relleno
8696.014052651059,25661.25703884633,1274.588802018114,,,0,,relleno
9053.300104947873,24425.185574545583,1680.834046716598,,,0,,relleno
8801.814361551622,25247.610941632825,1469.522494095922,,,0,,relleno
8849.175269111602,25543.134746203672,1382.9977214259939,,,0,,relleno
9048.182645779614,25300.75254033575,1603.7552402564852,,,0,,relleno
8933.299376454617,25441.19857807632,1437.1452608226114,,,0,,relleno
9016.944065500371,24964.30695517657,1527.3910339114293,,,0,,relleno
9112.64670872757,24765.83775782302,1493.780936413936,,,0,,relleno
8965.482351734468,25896.39585754706,1644.4994995690556,,,0,,relleno
9042.350865443876,24391.198365760563,1446.7186410580437,,,0,,relleno
9037.53843632582,26119.4080162714,1586.4115466539172,,,0,,relleno
9068.613179781163,24303.05037240425,1623.2032615718147,,,0,,relleno
9198.959573892476,24440.5403927739,1583.3908380735256,,,0,,relleno
8958.50207224472,26498.62764756803,1584.0371646586334,,,0,,relleno
8803.851839072542,25782.587268325115,1517.865018505309,,,0,,relleno
8796.143949677671,25459.21090847097,1472.8998452492986,,,0,,relleno
8827.573912910695,24980.262387625273,1543.5529161567197,,,0,,relleno
8924.650341481669,25273.209977722905,1470.1781452079633,,,0,,relleno
9108.332526882612,25091.929930516704,1567.000478820887,,,0,,relleno
9043.856341131615,24524.719530559938,1450.5225666265426,,,0,,relleno
8770.271591056167,25721.195161462067,1475.9529400170006,,,0,,relleno
8839.761198275995,25678.627681400976,1446.3403866417593,,,0,,relleno
8838.971447123648,25212.428010162246,1566.5299396139737,,,0,,relleno
9070.08396456411,25306.16312727965,1652.1067540150589,,,0,,relleno
9165.007541600644,24674.384757905365,1700.4954661265726,,,4,,relleno
9037.69203928356,25939.97057944791,1741.9677579095458,,,0,,relleno
8745.558089670385,25498.399462757672,1235.737058461041,,,0,,relleno
9004.002232746589,24731.615705132706,1438.428512543839,,,0,,relleno
9048.384041963938,25578.058014219547,1597.147979300405,,,0,,relleno
8977.644014914287,25947.589992419777,1593.5678841920112,,,0,,relleno
8913.902046903875,25466.45160842943,1438.944567464018,,,0,,relleno
8864.734459816429,26185.85481013899,1476.3402541672851,,,0,,relleno
8854.518178655595,25068.811838339276,1506.3973374371358,,,0,,relleno
8856.724586563518,25166.34269646395,1318.891465919413,,,0,,relleno
8746.690064732677,25542.925357215016,1399.4086235412576,,,0,,relleno
8904.549458897747,25595.276005282027,1541.2578622272156,,,0,,relleno
9139.6271127861,24659.594402157465,1689.2121156555802,,,0,,relleno
9052.338219237288,25085.604485452244,1414.8638815563666,,,0,,relleno
9142.088593910632,24508.418510104624,1674.8112944162478,,,0,,relleno
8937.982602634998,25372.001190348135,1548.6287973301708,,,0,,relleno
8843.744184086625,25118.403029760175,1442.8184940646302,,,0,,relleno
8949.499762789728,25623.085363174574,1564.0859018976864,,,0,,relleno
8726.112581271736,25914.829585272637,1322.6934827362809,,,0,,relleno
9001.085476340513,24924.54626912554,1390.6576708263967,,,0,,relleno
8970.309555723998,25134.3678944047,1576.2269224436527,,,0,,relleno
9050.897243137995,24382.147389608206,1677.1673208395625,,,0,,relleno
8801.831562742836,25925.875222317838,1483.8393948595597,,,0,,relleno
8920.697085058111,24832.891326381723,1530.5010062597146,,,0,,relleno
8843.231373730809,25746.659282061624,1441.0791623374487,,,0,,relleno
8890.37561734533,24513.11727836549,1572.4222226178013,,,0,,relleno
8942.125001328146,24445.438602369977,1644.2209876587888,,,0,,relleno
9023.44761505664,25049.52305372362,1705.55400361434,,,0,,relleno
8957.67764642617,25435.61894509236,1623.4915414229515,,,0,,relleno
9025.470511146923,24871.24319148342,1740.440084108338,,,0,,relleno
8863.755425770345,25668.990023187314,1462.8789400545068,,,0,,relleno
8872.374210064212,25699.298589631395,1386.617851692058,,,0,,relleno
9056.626038216244,25036.241321822392,1744.1601119215616,,,0,,relleno
8912.889539210717,25095.042645682584,1450.3280448061405,,,0,,relleno
8881.033097104424,25913.70098961098,1399.453770297268,,,0,,relleno
8981.787316741184,25015.456896306558,1629.3498668726095,,,0,,relleno
8949.133918514644,24718.501893284872,1557.3445915918248,,,0,,relleno
8874.613657205913,25474.47537836875,1333.7579645948695,,,0,,relleno
8934.148539076588,24804.024371480802,1655.7774547994638,,,0,,relleno
8769.890926787824,25534.76698416719,1418.9831648770394,,,0,,relleno
9021.344138150178,26504.748314703458,1653.010585555448,,,0,,relleno
9015.45748074938,24796.150836723635,1615.233894269628,,,0,,relleno
9065.751625876419,25767.88633726351,1736.7265461203417,,,0,,relleno
8917.073403111528,25016.620865026645,1690.2866064398636,,,0,,relleno
8910.395550699684,25554.072586482795,1618.7524064343079,,,0,,relleno
9092.318222813643,24528.868839217103,1507.4504928139015,,,0,,relleno
8898.573086818276,25492.492226144343,1599.7934204313192,,,0,,relleno
8792.057958251942,25256.111440258548,1349.958141726884,,,0,,relleno
8894.84751615036,25101.339698074946,1295.912409572742,,,0,,relleno
9209.815726458562,24595.74619285575,1582.992874719628,,,0,,relleno
9132.391529242866,25054.39283617773,1624.2583680152345,,,0,,relleno
9078.28327283276,25205.894703695838,1688.497536277687,,,0,,relleno
8949.549892713021,25712.817243075453,1589.9940438583826,,,0,,relleno
9018.687719819036,24403.0392701903,1622.893470918081,,,0,,relleno
8838.59111784023,24937.637752873583,1387.2532783978168,,,0,,relleno
9054.996883903588,25677.30930247313,1663.6034625303678,,,0,,relleno
9028.283438873264,25850.284074883235,1747.2855694291934,,,0,,relleno
9125.486232393892,24789.159329639544,1596.770911468233,,,0,,relleno
9014.074828728082,24579.49852819088,1290.9551676216024,,,0,,relleno
8805.30147337162,25611.328136243974,1415.5652066133057,,,0,,relleno
8778.308504782515,24436.29287481124,1994.0622648993794,,,1,,relleno
8825.746887828842,23762.74586918611,1898.963046545103,,,1,,relleno
8826.415604442096,24398.444484184496,2235.9896119736295,,,1,,relleno
8572.91382861398,24555.396539665348,2178.0549555002704,,,1,,relleno
8796.187573066702,24540.45857038703,1885.474395484427,,,1,,relleno
8890.637923439328,23998.542838053054,2096.3118881013306,,,1,,relleno
8638.275992441784,24471.570895454617,2151.4298342101756,,,1,,relleno
8675.989257617675,24145.67674409744,2201.7073056221707,,,1,,relleno
8735.155719581684,24354.46971270252,2010.0909051846731,,,1,,relleno
8617.295289247155,24411.569957724954,1955.5795742540797,,,1,,relleno
8687.182611320002,24580.14040346332,2093.944112174422,,,1,,relleno
8817.133527608443,24576.150824489046,1991.8876105484492,,,1,,relleno
8686.326620124044,23675.2351255236,2011.4381234199548,,,1,,relleno
8771.599903800803,23858.36439102749,2153.0768748963983,,,1,,relleno
8761.428578633586,24235.27080496411,2006.392469786108,,,1,,relleno
8729.558540280304,23899.002187960432,1948.7487626833004,,,1,,relleno
8734.633862283585,24685.071159232197,2006.245140301704,,,1,,relleno
8615.56534180734,24059.463347308392,2091.0590870717588,,,1,,relleno
8870.702822505165,24010.38358947807,2112.1164766662114,,,1,,relleno
8912.401142422328,24556.71262827531,2084.3150233164997,,,1,,relleno
8876.379735451132,23793.31481481328,1830.009310939951,,,1,,relleno
8714.266943655091,24125.764080950008,1959.1606163375568,,,1,,relleno
8526.063704528764,24317.681934570188,2140.273374222118,,,1,,relleno
8822.086119594738,24431.097202845973,2085.605687424617,,,1,,relleno
8568.498825182192,24387.410937443685,2025.7147527413213,,,1,,relleno
8817.023165446675,24648.427928497877,2127.089184475032,,,1,,relleno
8861.954935525253,23942.19866565743,1831.8929562639426,,,1,,relleno
8765.990975848175,23952.287422912643,1927.5981954671238,,,1,,relleno
8843.106423263524,23747.563226945178,1815.0335142804986,,,1,,relleno
8842.620574112236,24068.645563544105,1904.4806283200428,,,1,,relleno
8629.422690747326,24000.922666272498,1925.6372790217617,,,1,,relleno
8858.511839798482,23836.787725835653,1779.3077748936307,,,1,,relleno
8790.857375796564,24197.482742084296,2058.4075189060054,,,1,,relleno
8548.745665342565,24162.51493420002,2194.148974436819,,,1,,relleno
8908.35400242514,24594.933741893703,2159.4025318896706,,,2,,relleno
8640.589349290733,24678.176917593322,2063.679613057283,,,1,,relleno
8859.122639158273,24531.55404812817,2078.7953829638077,,,1,,relleno
8568.89164645475,24300.27389208386,2134.118487103519,,,1,,relleno
8543.235896243868,24492.14584243038,2157.990138037147,,,1,,relleno
8908.293162225695,23806.729242973666,2057.287089929178,,,1,,relleno
8824.273249899406,24538.715654662643,2223.1137903570493,,,1,,relleno
8873.668035757935,23814.438985873097,2075.1469834257177,,,1,,relleno
8816.6893958565,23899.391293711196,1825.3932327636203,,,1,,relleno
8610.915000295305,23939.791078417766,2183.544518153443,,,1,,relleno
8566.435798082875,24167.79040276646,2065.7934187349924,,,1,,relleno
8806.654775021236,24115.07223759119,1817.2643759390637,,,1,,relleno
8706.58691185412,24732.413426634077,2138.5172254656923,,,1,,relleno
8917.178031084153,23959.4440768798,1851.1090824510698,,,1,,relleno
8728.279030847318,23941.757540877785,1929.8293658144664,,,1,,relleno
8930.608817472721,24281.347188659627,1930.5804311837767,,,1,,relleno
8803.64357288419,23932.10871147508,2093.4042638438405,,,1,,relleno
8762.541907226961,24710.06510097532,2024.8369072839396,,,1,,relleno
8747.176260824503,24406.242982684067,2013.8561456051111,,,1,,relleno
8669.245368027468,24255.044935672424,1893.9570126994104,,,1,,relleno
8597.426015747578,24015.748507988945,2082.0050115227004,,,1,,relleno
8752.329052100167,24368.866911622168,2128.9176097445957,,,1,,relleno
8765.469951558487,24379.740772412035,2034.7211188382857,,,1,,relleno
8892.843662610681,24153.69159952302,1979.2876691033,,,1,,relleno
8718.485007258074,24215.184814423643,2132.9998041401673,,,1,,relleno
8818.90070232586,23954.771796989615,1869.3600555438793,,,1,,relleno
8693.384764451486,24298.862802556043,2055.385567219547,,,1,,relleno
8576.957177805363,24086.5816251667,2048.178264220277,,,1,,relleno
8810.251597252109,23888.688841484982,1984.3059699709881,,,1,,relleno
8890.81688985304,24662.7937162216,2003.2782035165133,,,4,,relleno
8803.98474716143,24861.77159776406,2002.3724038280118,,,1,,relleno
8852.045293602545,24125.45109770876,1812.6014227162216,,,1,,relleno
8787.482675894618,24133.71225020745,2012.5133261963429,,,1,,relleno
8877.092068780734,24326.509222898807,1876.466464495162,,,1,,relleno
8927.79901411698,23866.386314303203,1864.4882389275963,,,1,,relleno
8865.816430028537,24059.41911217504,2088.8714775161015,,,1,,relleno
8908.293678929938,24041.321162948283,1884.5698982848535,,,1,,relleno
8900.048179161728,24279.323233070056,2066.8225460576264,,,1,,relleno
8931.061439015533,24043.11317313009,1910.6674681352235,,,4,,relleno
8740.731006621656,24432.559129922338,1936.813412782433,,,1,,relleno
8771.065166093302,24703.070029829643,2011.4398203221926,,,1,,relleno
8878.01859331699,24290.655054530616,1951.6252783826938,,,1,,relleno
8756.67681986842,24412.423775330302,2127.705758428706,,,1,,relleno
8690.339492217594,23823.963124587033,2205.4476650073534,,,1,,relleno
8892.747845349679,24721.09194424867,2015.0920252560034,,,4,,relleno
8755.612670818677,23969.923723634507,2065.3884696410037,,,1,,relleno
8916.036570739452,24693.74520398357,1875.5688633013717,,,4,,relleno
8770.955576319018,24309.61874624799,1904.854187534794,,,1,,relleno
8816.420081722186,23791.819486776225,2069.3381840932166,,,1,,relleno
8735.443613676174,24369.63335778239,2231.9433463683267,,,1,,relleno
8798.149438930466,23786.753141201396,2080.8386906724695,,,1,,relleno
8613.098624300414,24052.34001571189,1965.9147054971509,,,1,,relleno
8788.160613240336,23855.538712733385,1845.5016408361696,,,1,,relleno
8658.599765505602,24102.65926708224,2228.2013718678318,,,1,,relleno
8806.727319855114,23666.079824876582,1994.3221851238197,,,1,,relleno
8703.909037677633,24454.867098788116,1918.986201063012,,,1,,relleno
8909.73540733863,24575.898303429887,1906.6807123133758,,,1,,relleno
8880.893284242842,23938.451223245927,2153.61367562792,,,1,,relleno
8779.497206175085,24463.013150407445,1926.0163203393465,,,1,,relleno
8664.176294318755,23795.222276325574,2032.3614566176573,,,1,,relleno
8645.598859884623,24298.77098469341,2015.626014418274,,,1,,relleno
8694.952346613292,23816.188686169866,2055.339693251424,,,1,,relleno
8824.215962739403,24539.168242056727,2225.5566411995105,,,1,,relleno
8733.069616484572,24035.978659985183,2026.8385019538505,,,1,,relleno
8859.17308689801,24521.161188662554,2178.870965781575,,,1,,relleno
8792.148699970583,24206.703997339995,1967.970996137805,,,1,,relleno
8619.570784085354,23889.85282702049,2146.7079311151797,,,1,,relleno
8963.195528267754,23953.583486143725,1947.918381097623,,,1,,relleno
8746.797935134486,24265.452585273848,2086.3312627094574,,,1,,relleno
8792.130109140404,24519.493353278256,1996.5574578365283,,,1,,relleno
8681.078710116473,24472.28483822952,2032.4472342610243,,,1,,relleno
8780.750863575016,24620.7357963714,2108.0023189465446,,,1,,relleno
8663.90354746751,23759.604820897534,2182.5526377937217,,,1,,relleno
8616.4465442592,24428.15590935494,2241.1111129024935,,,1,,relleno
8753.707590008775,23710.952055317088,2145.788861162187,,,1,,relleno
8710.037777542624,24365.318001349944,2044.773479464653,,,1,,relleno
8540.287979931585,24330.493194872237,2151.9248635566123,,,1,,relleno
8908.494069901013,24239.810432174112,2060.9925351513343,,,1,,relleno
8660.613814286273,24016.636310810947,2220.975305893331,,,1,,relleno
8564.258615924386,24401.6141162949,2204.340648036948,,,1,,relleno
8911.572824724504,23865.431293207093,2081.200556840202,,,1,,relleno
8725.00940946757,24210.568325331296,2238.4715570467047,,,1,,relleno
8484.180167741446,24457.02151418129,2214.8122258859776,,,1,,relleno
8831.241508374138,24443.261889580266,1986.817889163767,,,1,,relleno
8664.421146274544,24616.276933993973,2185.970306710101,,,1,,relleno
8760.29992717896,24311.388634917657,2055.3350942172483,,,1,,relleno
8753.689768810249,24389.080283861505,2091.148851613831,,,1,,relleno
8538.997070015048,24191.568441593736,2208.7845708498003,,,1,,relleno
8597.876161421573,24042.80874860891,2072.591389827737,,,1,,relleno
8849.813897589107,24134.075060315787,1996.6314995455652,,,1,,relleno
8688.895555542234,24152.619188158664,2221.6181055423394,,,1,,relleno
8791.064250387557,23716.446274035265,2108.167218474228,,,1,,relleno
8727.940251227426,24311.37122625872,1980.5222057011074,,,1,,relleno
8643.398685644317,24024.87814249266,2198.3403144432787,,,1,,relleno
8498.529364579372,24302.253828412682,2204.691789233734,,,1,,relleno
8877.751592641074,24008.12608975378,1855.7188072396455,,,1,,relleno
8783.268619159528,23799.166528203623,1954.0634524638392,,,1,,relleno
8676.147903760484,23747.108277629195,1906.6512625129105,,,1,,relleno
8757.885317666523,24822.518093864797,2048.633560244281,,,1,,relleno
8709.716678650506,24450.09855127694,2109.1123912944445,,,1,,relleno
8948.78864543901,24072.272920079624,2116.869897305067,,,1,,relleno
8515.837671083478,24403.194261234414,2238.319129789363,,,1,,relleno
8776.742369213094,23830.916111776107,1848.9224475993997,,,1,,relleno
8604.327325863145,24476.646160758755,2142.7886353908407,,,1,,relleno
8816.80489900797,24353.18966128967,1996.7321252983854,,,1,,relleno
8874.444643839197,24441.292771353408,2055.70300206433,,,1,,relleno
8775.301138545685,23797.699174123183,1878.7212209058546,,,1,,relleno
8861.548089217757,24275.029678486004,2200.9185089688044,,,1,,relleno
8661.841877986368,23838.90000284976,2166.80438491914,,,1,,relleno
8879.429291867436,24680.550242879275,1928.9083397792842,,,1,,relleno
8942.468364362414,24204.684558190776,1845.298736959136,,,1,,relleno
8847.032799842698,24691.64234985494,1952.9605090978657,,,1,,relleno
8870.087435747106,24344.03499881803,2234.112009655655,,,1,,relleno
8681.210031163657,24035.75527351,1978.8088812179183,,,1,,relleno
8573.554067970463,24604.475332221595,2210.1365488793267,,,1,,relleno
8847.929773438267,24066.089182700503,1842.6538820783098,,,1,,relleno
8775.131315107308,23972.435295243977,1927.3191972939057,,,1,,relleno
8463.321146620781,24516.820670978675,2225.829986214705,,,1,,relleno
8840.336179650685,24478.053394564035,2120.8492640304776,,,1,,relleno
8717.4545874976,24008.3500315721,1911.426009627002,,,1,,relleno
8542.958371013816,24434.53532140688,2144.5041880243202,,,1,,relleno
8801.452885759007,24569.691494968407,2014.5667161137262,,,1,,relleno
8935.62962538865,23795.71245981347,1862.2881360867048,,,1,,relleno
8679.025267873614,24261.376286449096,2046.612108733829,,,1,,relleno
8585.555432967529,24222.85858028123,2002.7452178382355,,,1,,relleno
8847.271410899242,24502.08078015894,1980.7170101712982,,,1,,relleno
8772.792515084919,23631.61632113871,1915.114545716487,,,1,,relleno
8665.92797347323,23860.36835451144,2114.453564896845,,,1,,relleno
8656.527866231563,24376.527980370854,1997.2048688696825,,,1,,relleno
8898.500504263584,24655.753138829,2097.3189635865338,,,1,,relleno
8809.67309878495,24252.572242882154,2025.098802567225,,,1,,relleno
8742.255440975694,24266.45890057557,2104.4623344535216,,,1,,relleno
8667.83561833934,23724.674058857097,1943.4510978897063,,,1,,relleno
8711.94052051781,24520.989065184724,2046.5159776505398,,,1,,relleno
8930.10013702885,24643.29953346364,1980.972682499704,,,4,,relleno
8747.98178589238,24069.247351337093,1977.6849181141285,,,1,,relleno
8929.730143314055,24707.056743058125,1891.051157653059,,,4,,relleno
8858.46350446253,24158.390267996147,1969.1242673628878,,,1,,relleno
8590.866689975795,24317.848009055582,2223.0716157787056,,,1,,relleno
8854.875920896411,24158.54825923141,1827.637803463037,,,1,,relleno
8930.102876601359,24372.732975959487,1936.860128317631,,,1,,relleno
8897.63898619277,24255.767550294582,2039.18614447518,,,1,,relleno
8678.772034729876,24585.52598027041,1992.5651150362203,,,1,,relleno
8844.851258739978,24720.8907298218,1986.4145347087626,,,4,,relleno
8832.174341040129,23664.709025584518,1898.6115717978116,,,1,,relleno
8644.923989764417,24296.212610588977,2193.6448607060693,,,1,,relleno
8651.023208087388,23976.47731420557,1915.970319134921,,,1,,relleno
8629.228611400476,24240.24759621817,1991.555513670926,,,1,,relleno
8689.818820470633,23910.612036074395,2042.5215822266284,,,1,,relleno
8898.445538214406,24695.956925691557,2031.3246242003509,,,1,,relleno
8690.194861840655,24682.387521209683,2100.941570650169,,,1,,relleno
8819.855172970108,24555.165233058244,2191.1921294731446,,,1,,relleno
8556.740562502699,24228.362042514418,2209.568870048916,,,1,,relleno
8835.585012558948,24735.44461624246,2135.554997348286,,,1,,relleno
8805.828496291324,23697.442779021036,2095.1990648734995,,,1,,relleno
8829.049239003163,24392.026805757356,2109.645873329189,,,1,,relleno
8690.39893962718,24402.3917745371,1944.2210408547521,,,1,,relleno
8914.441793722739,24520.862979327463,2001.0370608056287,,,1,,relleno
8869.061825268926,24595.799820358712,1877.2471950220975,,,1,,relleno
8795.245553941493,24438.78216971088,1976.0871533428,,,1,,relleno
8622.319983209647,23784.27902463869,2031.4551376620516,,,1,,relleno
8829.320485920456,24535.695320985044,2038.483571209318,,,1,,relleno
8725.65876495649,24129.62335805975,1890.809427262523,,,1,,relleno
8666.254824266354,24457.84697495408,1925.9806738433806,,,1,,relleno
8806.805420476641,24256.31149386973,1852.3606815691437,,,1,,relleno
8929.92883577734,24150.850785767212,2010.9140822804275,,,1,,relleno
8720.33199502758,23666.804376491804,2047.6741402477016,,,1,,relleno
8618.30403797294,24118.78971611216,2232.3604949680607,,,1,,relleno
8823.016120717302,24388.969403456522,1844.0311158321929,,,1,,relleno
8854.589317589156,24602.532419520194,2007.4817808523696,,,1,,relleno
8837.042019621249,24205.057282496342,2160.4032398086233,,,1,,relleno
8851.508251216896,24339.07168877407,1839.6630884430938,,,1,,relleno
8777.974731779721,23802.12712331516,2192.3891447216315,,,1,,relleno
8804.380314916989,24409.740056362105,2098.6764663981076,,,1,,relleno
8673.060506705408,24405.35757092388,1944.3042266106934,,,1,,relleno
8779.99445843792,23990.56656962985,2143.4176540991853,,,1,,relleno
8730.455070875392,23995.63283610014,2036.2699978949556,,,1,,relleno
8864.235628822738,24348.53312803615,2031.6498694868271,,,1,,relleno
8742.43832872896,24645.27682645748,2056.0509926447153,,,1,,relleno
8780.87342737472,23842.539015234648,1874.1521321070431,,,1,,relleno
8754.073950186748,23987.04626782811,1897.3699017609986,,,1,,relleno
8676.123818835767,24185.539493498625,2223.205839618312,,,1,,relleno
8682.537542765673,23860.964456920974,1967.5789891940265,,,1,,relleno
8720.191993406463,23892.15545470299,1941.1299026805477,,,1,,relleno
8956.221655096673,24018.696420987337,2111.8547276836453,,,1,,relleno
8870.027965425259,24434.699370651328,2240.820062015056,,,1,,relleno
8692.02496742046,23869.51786015517,2137.959656295243,,,1,,relleno
8866.565274080864,24469.189509399916,2024.3945900798283,,,1,,relleno
8708.695593749137,23710.436884220602,2100.418657862589,,,1,,relleno
8881.766448892322,24246.316969155243,1972.6230816161749,,,1,,relleno
8872.631063658946,24338.81044276607,2039.6652473697861,,,1,,relleno
8828.541628178893,23944.455570758983,2035.3308328618111,,,1,,relleno
8537.749267041594,24365.45906638524,2208.490481265936,,,1,,relleno
8799.790766111215,24231.174177886674,1963.0618424910297,,,1,,relleno
8851.646462760931,23841.48065628067,2157.606554859292,,,1,,relleno
8937.652057522433,23856.840139002452,1942.0146492674396,,,1,,relleno
8873.730228106731,24379.3942751727,2150.106207302886,,,1,,relleno
8821.771054273146,24164.485620465788,1869.6120478231214,,,1,,relleno
8843.659201971288,23653.911555580413,1917.6884206178602,,,1,,relleno
8530.090490908768,24326.817401625387,2099.2677944363145,,,1,,relleno
8831.967167755747,24574.131931733602,1955.8775435431546,,,1,,relleno
8672.783398043779,24164.61959268097,2112.865898469939,,,1,,relleno
8749.340478055547,23846.290535550408,2090.663539640248,,,1,,relleno
8669.322295478352,24081.55372017455,2025.1667829101743,,,1,,relleno
8871.169729517684,24502.757393675503,2075.343928594463,,,1,,relleno
8599.881559194779,24566.21558525384,2181.141553095501,,,1,,relleno
8911.692998607465,23867.46736275951,2104.232862508979,,,1,,relleno
8715.279594198708,24321.050671479014,2172.777455904267,,,1,,relleno
8498.997070663312,24416.794195832794,2240.5565382357777,,,1,,relleno
8940.74177453323,24412.87158689523,1931.2457899151184,,,4,,relleno
8910.741053682425,23784.566888837755,1842.7791644639585,,,1,,relleno
8852.27219924269,24096.409836533996,1978.678591212823,,,1,,relleno
8914.4610533159,24116.831497216528,2149.44109920868,,,2,,relleno
8787.244199237193,24724.377763937217,1968.9518199472907,,,1,,relleno
8530.19493968632,24564.401579714842,2232.895678432645,,,1,,relleno
8911.298017881025,23870.363318782423,2162.0196713841733,,,1,,relleno
8672.222514321862,24078.574696361902,1861.1516953902983,,,1,,relleno
8780.898485472104,24509.53934750983,2042.8103832229401,,,1,,relleno
8751.16771730675,24607.330377244758,2057.010338725854,,,1,,relleno
8586.683921861815,24403.974164271567,2193.392866402198,,,1,,relleno
8586.670049831702,24006.076715037125,2016.0613873642733,,,1,,relleno
8528.267400143299,24321.201789919935,2082.255683675128,,,1,,relleno
8824.715065104298,24382.679089089786,2220.8044868440797,,,1,,relleno
8803.563859312595,23872.50857866757,1819.9375905337693,,,1,,relleno
8826.800367560836,24487.766101645637,2027.8446362959119,,,1,,relleno
8834.964327910579,24027.576693787512,2149.035726014557,,,1,,relleno
8911.331032023696,23891.77511673944,1878.8651155247421,,,1,,relleno
8907.725256272683,24712.92333883301,2029.7206871545804,,,4,,relleno
8900.678028500364,24165.185288852197,2132.3750774354194,,,1,,relleno
8659.013632279042,24691.016449404124,2152.255761642638,,,1,,relleno
8855.168167904501,23959.91510469018,2093.4400274257055,,,1,,relleno
8878.48388280616,24361.048704558834,2127.2273304370397,,,1,,relleno
8602.621716253987,24376.078262521074,1999.849682888521,,,1,,relleno
8866.898224887964,23736.749295958798,1983.603646047274,,,1,,relleno
8742.230574614165,24210.759021526806,2008.9663426683483,,,1,,relleno
8890.14864600074,24120.042983705476,2097.6327039913554,,,1,,relleno
8861.668721390131,24018.07554845585,1840.6548666922658,,,1,,relleno
8762.751273169079,23921.188095204016,2080.325640083872,,,1,,relleno
8850.785370362411,24278.43169651197,1854.3511199398572,,,1,,relleno
8891.108815123924,24136.982831191322,1855.2000223066386,,,1,,relleno
8925.974997639034,24453.41698596944,1941.6705825040694,,,1,,relleno
8828.047775845944,23864.19014337085,1838.9726378899682,,,1,,relleno
8675.784310414643,24025.746456729372,2059.0961811424213,,,1,,relleno
8698.012443215031,24185.483156947063,1977.754779986037,,,1,,relleno
8765.928501657236,24426.989719102858,2157.0385792062434,,,1,,relleno
8834.493463491031,24572.116186803232,2202.435196779333,,,1,,relleno
8735.654075368402,24184.58255375809,1997.9938161983928,,,1,,relleno
8606.704537925074,24442.106706112245,2062.564275569969,,,1,,relleno
8741.55968576682,24219.488006813637,2159.716139771751,,,1,,relleno
8813.169494611484,24419.43874532482,2072.8016319117637,,,1,,relleno
8652.931396007605,24723.73007520736,2101.308241926648,,,1,,relleno
8858.975984209797,24172.742953064808,2064.3627146005015,,,1,,relleno
8804.911927159204,23651.523109194706,1928.2028917113394,,,1,,relleno
8812.28711074329,24018.291121698177,1897.7607113288925,,,1,,relleno
8778.46954803648,24163.94585761777,2015.8151448375315,,,1,,relleno
8888.679451347938,24487.437542248696,2051.568892052591,,,1,,relleno
8951.359803763185,23929.412687405045,2066.2258820953075,,,1,,relleno
8924.220443992002,24296.85981069875,1851.6435110604057,,,1,,relleno
8573.405770525367,24510.509449724977,2210.4622081216867,,,1,,relleno
8869.820380536774,23772.587841667755,2092.69564519638,,,1,,relleno
8617.794579052832,24478.194448423346,2097.7172075767307,,,1,,relleno
8742.989099460505,24407.872936535743,2200.766541569168,,,1,,relleno
8959.667181383751,24059.980864149165,1982.3893566301565,,,4,,relleno
8788.302653494413,24137.294906655778,2014.1009643690395,,,1,,relleno
8916.479527561492,23971.550685725735,1914.307935837512,,,4,,relleno
8692.127709127239,24680.866804014302,2160.1649812243954,,,1,,relleno
8544.877569059709,24313.428449601543,2140.527753353915,,,1,,relleno
8936.642895608404,23987.30542240788,1795.7528519920816,,,1,,relleno
8949.078547976838,24334.253126652457,2024.2268488452858,,,4,,relleno
8954.938836869089,24170.009768956115,1875.4505574196623,,,4,,relleno
8809.632558344047,24400.39441474766,2073.658508722847,,,1,,relleno
8636.551756986113,24403.02851169513,2060.1786660663897,,,1,,relleno
8766.897861237338,24510.389077867134,2245.336293927965,,,1,,relleno
8681.213008678842,24037.56732261671,2109.290668476109,,,1,,relleno
8733.647130376568,24402.348483853228,2091.7461481238474,,,1,,relleno
8737.84151411591,23856.88041866697,2001.3703849224662,,,1,,relleno
8648.091848063026,24610.69186580311,2119.453339535276,,,1,,relleno
8603.660638453199,23988.948417960906,2122.96204581096,,,1,,relleno
8833.973002585442,23942.00467844263,2020.9251294756498,,,1,,relleno
8657.59542146083,24154.07670817591,2115.8447330859003,,,1,,relleno
8929.840525541289,24583.17773816721,1887.136899699382,,,4,,relleno
8829.904173616567,23934.53996989777,2167.2951306296522,,,1,,relleno
8757.38768736096,23930.717074475495,1895.0899116414946,,,1,,relleno
8935.64398180156,24248.227214649025,1908.452889596072,,,4,,relleno
8769.815095493994,23753.778902876642,1933.3206938540757,,,1,,relleno
8545.316647299645,24235.65683482462,2077.3672749600455,,,1,,relleno
8720.218450031904,24211.73658438488,1962.7291381203936,,,1,,relleno
8592.156953807482,24171.976145864726,1956.274134807238,,,1,,relleno
8834.432290612904,24240.50095975523,2178.413106778737,,,1,,relleno
8809.95968621054,24067.235306562117,2085.7886143525525,,,1,,relleno
8762.857927049916,23747.29165750114,1915.033909294568,,,1,,relleno
8890.937909863087,23835.55677757782,1945.5437172613874,,,1,,relleno
8687.780550289235,24046.48668268261,2071.995628802668,,,1,,relleno
8701.994158586667,24124.359015390088,1973.8378839466477,,,1,,relleno
8830.386035872456,24580.81050788689,1895.6957545644332,,,1,,relleno
8846.654515019174,23793.70527721768,2138.779540315409,,,1,,relleno
8747.441123009232,23980.540357448805,1823.6023357072106,,,1,,relleno
8835.292627044792,24386.99700560029,2084.202421139201,,,1,,relleno
8914.54396847427,24470.26985387803,1967.301960525809,,,1,,relleno
8949.005173646201,24053.65159909501,2108.3808335882154,,,1,,relleno
8784.163669728328,24307.650965311226,2162.58864871823,,,1,,relleno
8969.678864209101,23958.163419495148,1943.6573023458095,,,4,,relleno
8945.385732570832,24079.899692735133,1877.8371628479726,,,1,,relleno
8893.039241062877,23888.13184877254,1837.513340165767,,,1,,relleno
8781.250911187683,24101.807646665813,1894.3530267156864,,,1,,relleno
8579.3334935817,24097.952939025556,2088.6585478315446,,,1,,relleno
8581.269354044962,24203.75115041323,2148.2796392620885,,,1,,relleno
8557.835226156381,24477.923520908782,2158.5040485335253,,,1,,relleno
8667.278094965617,24147.968366528017,2180.455904884217,,,1,,relleno
8631.055893248953,24565.38153861108,2132.4733776898997,,,1,,relleno
8497.715670576905,24448.740117153233,2234.550793937226,,,1,,relleno
8593.258553578313,23975.747890476174,2205.8072142854903,,,1,,relleno
8728.167561566814,23970.34259059814,2159.3200087100595,,,1,,relleno
8820.59210179902,23748.753883124948,2132.037638669379,,,1,,relleno
8709.445106043317,24425.066108534593,2122.427975522222,,,1,,relleno
8912.727015595461,24411.673490238656,1883.9372990386048,,,1,,relleno
8885.376861536486,23886.35590309031,2064.8466212634467,,,1,,relleno
8897.927177052696,24202.7335609871,1915.2785727610828,,,1,,relleno
8445.381449797074,24548.29457504985,2235.4596156335374,,,1,,relleno
8889.914314742333,24149.001355274948,1879.857258886226,,,1,,relleno
8769.845200638525,24372.75747744276,2033.7995885583887,,,1,,relleno
8925.677239830904,23817.253839039535,2044.7805108329883,,,1,,relleno
8792.49606141496,23963.462444454693,2088.158249352624,,,1,,relleno
8670.253578141866,24178.674119689334,2086.775702419825,,,1,,relleno
8879.619899075175,23875.840913701664,1769.3181085212289,,,1,,relleno
8851.062045130728,23979.59816025507,1971.0482384560137,,,1,,relleno
8685.645666923247,24701.1957802945,2018.4575150390706,,,1,,relleno
8906.944004949355,24403.31712583164,2127.93600732789,,,2,,relleno
8751.00324764166,24209.705955797377,1862.207723169836,,,1,,relleno
8825.213239424824,24449.408169077717,1959.151475384355,,,1,,relleno
8754.98944175478,23655.288716071478,1925.1280046691138,,,1,,relleno
8847.835764625217,23939.29710481553,2100.02513976184,,,1,,relleno
8686.593668832418,23904.430571928177,2208.786902210113,,,1,,relleno
8683.45484378375,24139.59966766446,2085.1896080415163,,,1,,relleno
8898.810976921295,24148.02166863644,1947.3592402380787,,,1,,relleno
8837.943198496407,24760.53374419037,1985.1388916623675,,,1,,relleno
8691.244937556652,23838.296531337113,2034.4486492345304,,,1,,relleno
8814.739218684537,24159.22539852651,2099.229102482921,,,1,,relleno
8809.915471909158,23856.72042204909,2048.186655236712,,,1,,relleno
8923.952260203387,23902.049781091977,2014.673150052369,,,1,,relleno
8850.254008981861,24021.997846045582,2039.4084275984303,,,1,,relleno
8656.647258118246,24477.057017103867,2031.750191345848,,,1,,relleno
8902.603585152581,24033.759107798203,1941.9478042598114,,,1,,relleno
8911.624702765203,24255.68964328916,1984.4260082689775,,,1,,relleno
8707.193482760877,23913.67023775561,2167.4262207500897,,,1,,relleno
8586.094056147305,24162.101606229586,1961.0574765792205,,,1,,relleno
8814.582944840186,24062.420891539918,1890.4338998148974,,,1,,relleno
8759.22725890728,24794.624582793975,2108.5887502143905,,,1,,relleno
8880.051802689573,24103.319751070765,2147.5306099512304,,,1,,relleno
8648.677427085262,23809.03855149547,1939.3156807028895,,,1,,relleno
8927.973901054398,24442.135635695686,1973.998427291613,,,1,,relleno
8523.951601785895,24347.458230013188,2217.237579582066,,,1,,relleno
8722.210461894578,23867.001125947874,1895.39837989433,,,1,,relleno
8893.035914748863,24215.565516603583,1949.133848390657,,,1,,relleno
8730.336508099044,24047.328552874413,1916.0096556284432,,,1,,relleno
8739.181299744701,24319.929179865427,2160.4692857997948,,,1,,relleno
8558.569177685527,24062.012127431834,2049.366583866668,,,1,,relleno
8581.58767200215,24335.386232854176,2134.7018130519364,,,1,,relleno
8781.098199937798,24539.01700598568,1986.2537365288035,,,1,,relleno
8647.679218183946,24152.536714289934,2070.7545295971972,,,1,,relleno
8823.819903347776,24509.0672091681,2138.086976412176,,,1,,relleno
8777.064349994755,24133.17016486823,1944.2412973038286,,,1,,relleno
8688.318330497945,23746.63463522232,2145.62479433329,,,1,,relleno
8921.550370135452,24258.58886930847,1789.8918272378576,,,0,,relleno
8698.927506286162,24497.613910666492,1915.88843986372,,,1,,relleno
8791.64802837507,23898.000025950434,1829.5381498437473,,,1,,relleno
8677.31323589565,23885.401762730537,1908.008727570564,,,1,,relleno
8908.525688752123,23967.29640598386,2052.9769889195513,,,1,,relleno
8959.696334210048,23970.55021043592,1907.007579914736,,,4,,relleno
8837.88303210866,24395.78006138714,2163.8939998667506,,,1,,relleno
8760.058822673967,24281.335638164932,1857.7487697611277,,,1,,relleno
8841.001850510604,23769.349638262152,1949.4313684101362,,,1,,relleno
8806.359905752495,24525.66768475734,1965.334281577268,,,1,,relleno
8805.709091301373,24453.90354054938,2224.646564720332,,,1,,relleno
8763.369949460694,23839.60707931041,2092.818999502698,,,1,,relleno
8610.747234223589,24318.773622648532,2118.7385334338437,,,1,,relleno
8686.624391217603,24649.69658540824,2169.03772761787,,,1,,relleno
8626.297909488067,24473.617007594927,2111.963747729426,,,1,,relleno
8884.801450008305,24116.366403068027,1986.1202739560506,,,1,,relleno
8733.590049503398,24075.008026971685,2028.7089902479859,,,1,,relleno
8908.215769950108,24340.95857891158,1956.0186650259398,,,1,,relleno
8736.425164011942,23924.92071435057,1919.587725026382,,,1,,relleno
8867.990413817362,24329.68880313694,2251.167569156102,,,1,,relleno
8587.646129073257,24035.20994787226,2182.5989348632493,,,1,,relleno
8755.60793601654,24533.853523010566,1997.2408860567773,,,1,,relleno
8746.665494329742,23775.518549409775,2015.4635706632637,,,1,,relleno
8748.276736048008,23905.24415986834,1970.010910137233,,,1,,relleno
8712.870742458783,24496.488069022864,1957.0570642665652,,,1,,relleno
8900.274337661158,23966.176238871187,1979.6059605289472,,,1,,relleno
8583.940427321177,23910.55022691955,2052.7763032176945,,,1,,relleno
8689.694269293243,24735.900328046475,2053.214159666887,,,1,,relleno
8579.33494129399,24104.510979724433,2160.5159674060974,,,1,,relleno
8664.20214357223,24406.572561816025,2239.819524037568,,,1,,relleno
8509.981633778101,24361.767831058347,2220.9170936237206,,,1,,relleno
8796.095508175615,24683.867955744307,1995.1297495056256,,,1,,relleno
8652.896707106125,24097.47687041499,2147.4945100603613,,,1,,relleno
8929.8285651443,24424.48501505209,1848.6326659135323,,,1,,relleno
8906.94983678469,24501.649729201657,1867.7730324060992,,,1,,relleno
8752.969320920545,23980.467964259136,2189.3101837106337,,,1,,relleno
8562.024366331338,24227.35342604217,2144.136140828261,,,1,,relleno
8718.238226751513,24128.98142826338,2225.4436027381835,,,1,,relleno
8855.689788493411,24558.92277791377,2003.8710879728724,,,1,,relleno
8922.361258515077,23886.132817723417,2165.989427323803,,,4,,relleno
8880.249420645661,24455.853741889783,2015.5329184080751,,,1,,relleno
8732.662764888331,23700.922583890504,2141.9426368620034,,,1,,relleno
8722.014881612875,24141.5970778692,2022.1364660894214,,,1,,relleno
8631.712497138858,23762.508153941075,1967.9506860838767,,,1,,relleno
8950.610435007953,24036.93063449118,2010.3306632543017,,,1,,relleno
8752.656886232324,23863.95793765709,1903.6527774730746,,,1,,relleno
8612.286762846768,24573.579225196663,2097.5936373575328,,,1,,relleno
8712.863653816425,24186.56254686737,1853.385517719642,,,1,,relleno
8905.983991780617,24267.868219918062,2057.70996580103,,,1,,relleno
8639.806450540289,23853.38226206652,2203.284580745227,,,1,,relleno
8653.699994871009,24249.14428010723,2220.4600261553624,,,1,,relleno
8757.712022302676,23742.239134114316,1917.705592244175,,,1,,relleno
8698.02182045013,24255.45266846548,1912.189988883715,,,1,,relleno
8956.016238568805,24295.405734182357,1997.102358630789,,,4,,relleno
8741.143385921687,23670.59010721335,1940.8288296807157,,,1,,relleno
8769.35094285091,24062.682818568934,2102.5754194086167,,,1,,relleno
8858.624557403991,24262.14537810768,2186.0102380881103,,,1,,relleno
8785.55783312579,23723.57411475829,2117.0703776754845,,,1,,relleno
8639.246012601017,23909.02395445722,2014.9457498083043,,,1,,relleno
8909.45596460347,24105.12824526895,1925.2322564540752,,,4,,relleno
8684.023463783236,24013.985254452324,1854.072683655244,,,1,,relleno
8803.908403337353,24271.150445893978,2173.7752807745437,,,1,,relleno
8869.866429238673,23986.86619861537,1791.485850824228,,,1,,relleno
8628.272061929832,24047.685319280976,2116.09971835342,,,1,,relleno
8662.482873869203,23806.437790761676,2014.4605392888684,,,1,,relleno
8678.329572080534,23975.537813754403,2055.784626297422,,,1,,relleno
8724.256160357432,24101.97894887826,2212.4334796089324,,,1,,relleno
8629.047686934302,24266.19804305661,2163.4808006408502,,,1,,relleno
8880.67578760884,24513.392270672713,2105.6392115106937,,,1,,relleno
8848.570481798599,24455.68072517339,2154.827811171972,,,1,,relleno
8745.24158010661,24044.04544502845,1878.468030206069,,,1,,relleno
8907.820459639677,23973.835854726116,1868.7450521326073,,,1,,relleno
8711.388381387356,24363.70745264921,2187.2976957735273,,,1,,relleno
8773.118138009942,23964.864616235358,1856.55534158398,,,1,,relleno
8623.253715006602,23766.60996270575,2145.7470435220366,,,1,,relleno
8770.997087998878,23996.613439661523,1905.267033298535,,,1,,relleno
8587.536836827478,24125.040624038113,2092.1610671138374,,,1,,relleno
8778.516285799049,24460.828979491067,2020.2487875140637,,,1,,relleno
8756.922096174156,24062.27806347119,2080.6815783626494,,,1,,relleno
8819.231742963028,24616.38247188154,2004.3478017807672,,,1,,relleno
8937.777722562689,24134.42816047061,1858.175340115349,,,1,,relleno
8849.674791711202,24194.404832366316,2212.6926527732467,,,1,,relleno
8739.503193089295,24245.986935140496,2241.4739434201324,,,1,,relleno
8669.796536403626,23730.475632522917,1923.4323535565554,,,1,,relleno
8743.739062790102,23921.631084472112,1936.4694748766403,,,1,,relleno
8759.476438332244,24333.545062698147,2045.7190431087313,,,1,,relleno
8620.477756968847,23758.173124379402,1993.9929525327855,,,1,,relleno
8969.157068191063,23899.821904047538,2006.6193029839665,,,4,,relleno
8856.646336786476,24260.421606263517,2031.4088730921233,,,1,,relleno
8775.761993941125,24849.157972897352,2039.772875951821,,,1,,relleno
8816.020271281885,23699.102882694686,1989.3459275945086,,,1,,relleno
8756.173295201921,23767.081348962598,1905.4272383592993,,,1,,relleno
8823.76740696629,24037.596332050172,2005.6197596134314,,,1,,relleno
8824.697882904284,24448.26297550152,2070.471713181933,,,1,,relleno
8792.924791482621,23651.686795261834,1962.1170823376697,,,1,,relleno
8699.352535922595,23967.615551321203,2070.848872256325,,,1,,relleno
8900.992718515388,24006.860209261522,2068.4193937207365,,,1,,relleno
8871.478356621725,23859.733279500873,2014.1608052341346,,,1,,relleno
8835.066754125695,24283.02499869927,1828.9441136450941,,,1,,relleno
8717.045246481297,24431.809815649794,2222.1747551205444,,,1,,relleno
8645.091646191777,23879.839881486114,2080.8171812192595,,,1,,relleno
8808.479629829984,24289.32204557439,2232.2063616926666,,,1,,relleno
8811.265532388996,23880.687820328945,1830.7517232076093,,,1,,relleno
8513.687711903247,24236.239593956518,2164.330356323439,,,1,,relleno
8611.461125410628,24224.67535776194,2149.3425676668453,,,1,,relleno
8754.617290123262,24371.643075852488,2245.5632921344363,,,1,,relleno
8845.819968085278,24349.51184991551,2150.4166244453704,,,1,,relleno
8642.485464364816,24140.24920475806,1961.550143477528,,,1,,relleno
8918.782883832113,23785.393181470972,1836.3183782053247,,,1,,relleno
8868.130043465177,24277.33441495181,2174.015534333713,,,1,,relleno
8847.313355128063,24896.020133962204,1983.1426741032788,,,1,,relleno
8909.003851951891,24476.611800920404,2113.5982593116896,,,1,,relleno
8686.702669447059,24253.397060120336,2088.887072113432,,,1,,relleno
8803.161181440493,23748.24633781509,1968.0880151843892,,,1,,relleno
8634.572707536252,24397.621461215786,2072.811747806266,,,1,,relleno
8927.480968228816,23980.352224000057,2111.6769542898564,,,4,,relleno
8532.812497988729,24165.048208687644,2173.3886137101786,,,1,,relleno
8844.355498925837,23837.617860390983,1937.4835219607182,,,1,,relleno
8607.336558560655,24593.941571748543,2093.1190054693943,,,1,,relleno
8685.647002552156,24120.292600630666,2075.7385492755893,,,1,,relleno
8735.024672054096,24305.31537141831,1954.7921400844941,,,1,,relleno
8917.159094395809,24396.709991051834,2100.2900285552555,,,1,,relleno
8634.902509965139,24677.93759965864,2070.9737545044454,,,1,,relleno
8863.317049610643,24049.96255926254,2187.2228048063525,,,1,,relleno
8846.446844972956,24499.86245510217,1883.6357331218794,,,1,,relleno
8840.67252924595,23855.563186828964,2177.8136196714336,,,1,,relleno
8679.80466763057,24011.443595004617,1874.8661066589607,,,1,,relleno
8838.821972133024,24530.862953155432,1903.993442379877,,,1,,relleno
8876.540635021243,24532.654361888675,2212.7700765706327,,,1,,relleno
8930.10194985248,24685.42593330386,1972.152482990317,,,4,,relleno
8618.00595978903,24398.23775237313,2107.982812965319,,,1,,relleno
8738.792597954533,23765.85746303447,2048.2795546115067,,,1,,relleno
8831.242578492664,24452.241730423568,2187.7617011066354,,,1,,relleno
8631.69315867457,24392.37252809414,1940.5440727694572,,,1,,relleno
8751.10171014878,24434.96912085172,1994.333550461476,,,1,,relleno
8802.74206340992,24808.112499207386,2088.590806929227,,,1,,relleno
8808.525013096854,23856.95287439757,1890.8382066608815,,,1,,relleno
8926.434884223234,24161.192040580667,1959.2192828992274,,,1,,relleno
8963.486601387327,24099.127657219156,2109.177363224452,,,2,,relleno
8904.757157918157,24815.938309425597,1990.6071455659755,,,4,,relleno
8855.17495728738,24176.367369397005,2152.1121288627373,,,1,,relleno
8898.896736123774,24309.591146282346,2214.656938139694,,,1,,relleno
8853.72808127047,24749.13931680016,2084.109327756812,,,1,,relleno
8693.68029901128,23986.110152272493,1956.9895233022676,,,1,,relleno
8785.218906087892,24622.76016205251,2122.943336986191,,,1,,relleno
8826.361806391702,23738.78445015352,2112.7347762017434,,,1,,relleno
8716.185890205279,24671.0619007663,2168.530892498443,,,1,,relleno
8707.478328696585,24301.238071648077,2063.3979714636603,,,1,,relleno
8889.337318852946,24405.930605670528,2070.7645781966467,,,1,,relleno
8715.906777790924,23849.17546013456,1999.3114124833432,,,1,,relleno
8723.670778186624,24452.861635062138,2101.69896972517,,,1,,relleno
8732.515981446888,24039.774125802283,2215.81876300795,,,1,,relleno
8742.03952265798,23817.96022607695,1901.5618878245168,,,1,,relleno
8844.308074656328,23978.619565610185,2055.176120104098,,,1,,relleno
8854.52076517182,24724.742408983526,2068.94113669638,,,1,,relleno
8881.879019848699,24249.861138184442,2128.8445850813882,,,1,,relleno
8788.656165373062,23966.632649247626,2097.188957243894,,,1,,relleno
8634.113884116816,23981.526071317727,2048.832145256057,,,1,,relleno
8790.29412172826,23829.8116393601,1896.1058399770407,,,1,,relleno
8499.680939806693,24328.449639578674,2212.6590488928678,,,1,,relleno
8725.205444888146,23841.49102935389,2147.7206084933173,,,1,,relleno
8583.385219891017,24549.874769970298,2100.756021453902,,,1,,relleno
8732.212637458771,23708.781045149673,2012.0506758367271,,,1,,relleno
8719.413347225252,23879.744660124292,2069.4191837834146,,,1,,relleno
8720.459927418404,24677.172788902102,2134.2156681408305,,,1,,relleno
8874.117275264105,24208.530544892215,2011.6113019761829,,,1,,relleno
8854.776127578236,24329.781814869275,2005.0360680959873,,,1,,relleno
8799.3066787725,24205.132632409957,2178.3134106381904,,,1,,relleno
8781.254723170152,24220.084140263556,1913.553770897344,,,1,,relleno
8761.288349578012,24372.91195903135,1969.7098211125215,,,1,,relleno
8652.897199887271,24005.69104801543,2146.973204811589,,,1,,relleno
8680.32832107751,23696.693173938853,2017.7437050797714,,,1,,relleno
8889.156949627995,23979.469345634665,1928.2820301050083,,,1,,relleno
8953.69078821537,24323.634851085004,1895.8672936502844,,,4,,relleno
8826.383965506222,23978.255948185368,2038.7264292141565,,,1,,relleno
8830.766664170142,23859.338187339064,1860.0970229835466,,,1,,relleno
8662.803204194646,23792.913675304088,1990.4261285389255,,,1,,relleno
8928.460365058818,24261.454888864744,1987.7394282370137,,,4,,relleno
8888.612368169477,24070.539354906465,2171.1209934374397,,,1,,relleno
8768.539784812054,24176.18588067936,1970.1048007052614,,,1,,relleno
8732.2018337726,24489.22679125653,2200.1627291011114,,,1,,relleno
8545.44183267494,24440.195816561343,2186.532220076318,,,1,,relleno
8663.480237858525,24134.939931804278,2179.205856516213,,,1,,relleno
8838.635855883656,23881.803238545992,1919.4902644415613,,,1,,relleno
8918.67223020021,24433.32646330234,2103.507194343249,,,1,,relleno
8649.40337646376,24445.576520131464,2129.278879744645,,,1,,relleno
8703.011054832206,24134.964983500155,1993.7591883431373,,,1,,relleno
8739.440666998624,24435.600675259695,2059.993017899774,,,1,,relleno
8723.163874812128,24079.507803216828,1937.6778514826149,,,1,,relleno
8810.632034429425,24224.824709329696,2070.269085271844,,,1,,relleno
8886.968299575687,24524.78946224578,2119.286200396988,,,1,,relleno
8955.976966983897,23881.37690165492,2027.0393043225597,,,1,,relleno
8714.838891251049,23876.554290809792,1984.0017665410628,,,1,,relleno
8687.61335000939,24813.333932314184,2095.9137575586633,,,1,,relleno
8502.518189338301,24471.177687963227,2243.989079748981,,,1,,relleno
8859.72136962914,24333.463583829245,1843.6963951552057,,,1,,relleno
8835.379868892462,24171.705931338427,2101.507178792849,,,1,,relleno
8865.132997312028,24167.97265898285,2204.1457763873464,,,1,,relleno
8711.764973364416,24074.575995120016,2151.3528567230605,,,1,,relleno
8964.051745008415,24099.646399333156,2004.1126546991345,,,4,,relleno
8948.906500791632,24324.96339075969,1846.9455584731668,,,1,,relleno
8790.345394080454,24161.216569284858,2019.634407214204,,,1,,relleno
8616.806808924382,23985.11693420444,1922.2433666533386,,,1,,relleno
8794.392181943624,23837.514563653505,2185.3851544474987,,,1,,relleno
8804.804137274545,24302.888516604344,2016.1307009159962,,,1,,relleno
8709.35925256508,24225.362894999093,1890.7256160404938,,,1,,relleno
8542.837215650374,24240.01199236859,2138.4984230756513,,,1,,relleno
8853.482999467527,23965.68135804347,1935.1629563067697,,,1,,relleno
8733.993142077436,24082.610972704566,2052.372898798071,,,1,,relleno
8816.445712054026,23873.88593684932,1880.1142130896817,,,1,,relleno
8923.767038330121,23881.68638747882,1758.4151201313916,,,1,,relleno
8511.119211207453,24352.287241821057,2238.9401391856413,,,1,,relleno
8866.764984519716,24728.698758964463,1981.539700079544,,,4,,relleno
8900.330757790769,24139.213798370438,1844.1291922790663,,,1,,relleno
8849.781874331706,24207.410832990823,2074.6502859842863,,,1,,relleno
8935.83585842689,23977.867343729522,1875.3338295524882,,,1,,relleno
8944.362935048906,24144.891450460458,2063.2468433525473,,,1,,relleno
8953.237372722231,23983.248063290608,2075.6194256593544,,,1,,relleno
8660.191191662527,23832.56542360531,1944.2556834588304,,,1,,relleno
8635.856187304504,23975.26741139114,2120.73505883673,,,1,,relleno
8858.724070118582,24367.890988021227,2150.036543183474,,,1,,relleno
8905.972720991185,24199.476994013756,2092.1730867779634,,,1,,relleno
8567.788912954806,24254.490790626805,2140.6833422945033,,,1,,relleno
8914.556303025905,24485.19219318142,2114.473353652861,,,1,,relleno
8701.767772146655,24515.20374427239,2074.000551047966,,,1,,relleno
8923.008069237601,24429.146137195945,2148.718359671713,,,2,,relleno
8873.207584698714,24526.04475407318,1914.6309871953774,,,1,,relleno
8786.150563518628,23764.210637359647,1927.7764754475577,,,1,,relleno
8929.679645493734,24171.03134638654,1929.8778650949466,,,1,,relleno
8669.834134650313,24314.07139334397,2192.3795129933687,,,1,,relleno
8759.74877407544,24086.262108187155,1951.264070978007,,,1,,relleno
8703.06313517365,24570.84745111914,1954.2948634602208,,,1,,relleno
8586.363265125608,23898.341365819284,2167.699246210747,,,1,,relleno
8746.509697010577,24331.45357323042,1905.470092284545,,,1,,relleno
8742.648986612627,24327.11759460929,2132.3164805360284,,,1,,relleno
8943.427229658093,24129.76046920084,2107.552895718168,,,2,,relleno
8681.505710397145,24223.420414469667,1976.8559393199748,,,1,,relleno
8804.210130529578,24252.380580128036,2146.4209344561523,,,1,,relleno
8718.517169022274,24300.887118606017,2126.264515904733,,,1,,relleno
8783.035906943654,24627.914400807862,1913.2279494350896,,,1,,relleno
8921.358600644555,24129.437407726517,2142.3636352588524,,,2,,relleno
8720.073721925146,23822.780166724726,1935.2773984154205,,,1,,relleno
8680.250566896084,23895.709441151943,2061.354680725535,,,1,,relleno
8733.976973832283,24578.391510928395,2089.0552980732677,,,1,,relleno
8767.67172299279,24005.841674697167,1862.343681206549,,,1,,relleno
8852.004721582445,24547.94168527137,1961.6520971870084,,,1,,relleno
8860.381757139296,24620.190283568096,1998.916684699443,,,1,,relleno
8723.628741537048,24239.415974255055,1948.1131987108422,,,1,,relleno
8828.509071132086,24500.02698438758,2038.4447168683694,,,1,,relleno
8577.138252393092,24005.02430643549,2110.2878015471665,,,1,,relleno
8605.302927476198,24488.77372257079,2228.2295629898076,,,1,,relleno
8919.091389795103,24250.926517672196,2027.9581682871892,,,1,,relleno
8588.250957052685,24519.92344001884,2204.4158821064816,,,1,,relleno
8633.479856750746,23998.492305176467,2072.185897531266,,,1,,relleno
8555.386991090907,24460.487346837846,2048.3531173151487,,,1,,relleno
8806.665675792952,24779.712367389722,1975.3513012548756,,,1,,relleno
8843.722463417758,23923.943448641305,1794.2001063441398,,,1,,relleno
8819.563686403797,23831.170446641117,1859.0647829775066,,,1,,relleno
8878.008733889636,24470.28053270453,1959.953420184134,,,1,,relleno
8809.95219763568,24327.599457093882,2238.6602392402724,,,1,,relleno
8638.816637946715,24015.36915895063,2035.7511450486884,,,1,,relleno
8882.18600900669,23931.509876169624,2157.5124397779796,,,1,,relleno
8684.092206843987,24004.390270197473,2157.8386851929913,,,1,,relleno
8690.366530930763,23787.919603986153,2178.9191877720837,,,1,,relleno
8929.38258469238,24173.707077266314,1823.238416456114,,,1,,relleno
8846.917385029605,23901.92665458562,1906.081413329709,,,1,,relleno
8773.59905791415,24542.580923782385,2231.0960780128194,,,1,,relleno
8665.09113794272,24583.32321779177,2139.1844149758645,,,1,,relleno
8876.445442343616,24540.285348716545,2142.6147194883656,,,2,,relleno
8728.040642019809,24310.61774509627,2200.0099218640526,,,1,,relleno
8892.715474051935,24632.91241620473,2105.0140207160125,,,1,,relleno
8907.001467520144,23943.15964322194,2015.296096420991,,,1,,relleno
8912.433744849586,23896.19232512082,1901.7227814465934,,,1,,relleno
8697.856994929565,24188.473128551886,1851.612713382157,,,1,,relleno
8862.16170776888,24444.048980961095,2020.0869017507514,,,1,,relleno
8901.065637918922,24747.720907456216,2083.8795022844747,,,4,,relleno
8646.309966901874,24440.956036613534,2230.653046438616,,,1,,relleno
8662.319682751377,24635.17453607774,2066.337079663356,,,1,,relleno
8627.526246640818,24341.163264249193,2146.124945226035,,,1,,relleno
8815.603994808114,23857.074169702984,1811.7832387758351,,,1,,relleno
8566.476444477312,24366.403939442487,2093.7905445155884,,,1,,relleno
8544.264237943897,24501.964616013764,2133.5053449359007,,,1,,relleno
8692.255933775763,24076.76621431798,1970.0589959800277,,,1,,relleno
8898.976810338372,24283.39736717195,2211.2982657209154,,,1,,relleno
8795.800793301923,24197.28804894027,2113.0512419254246,,,1,,relleno
8926.533314556444,23809.355688846004,1863.8791823610316,,,1,,relleno
8841.181974215644,24503.916908627554,2157.031615787382,,,1,,relleno
8724.688134744212,23970.889372396014,2051.1140152945723,,,1,,relleno
8883.84383791037,23951.22887457006,1935.1559116187375,,,1,,relleno
8608.407022490344,23872.33594715592,1982.5746214604974,,,1,,relleno
8703.51035243091,23978.668935727783,2181.719890185769,,,1,,relleno
8609.212193936608,24713.6578841331,2125.263659508577,,,1,,relleno
8941.512842719223,24229.557892231845,1967.8674063013084,,,4,,relleno
8868.795684649436,23850.88546386801,1842.5169885999576,,,1,,relleno
8828.226780993053,24763.67119538968,2113.512770569119,,,1,,relleno
8783.494708654795,23883.76534187448,2011.4739531539005,,,1,,relleno
8899.965806581873,24330.354420089472,2174.5978754939047,,,1,,relleno
8648.538200382853,24329.429435795395,2130.9713167366795,,,1,,relleno
8724.906141009911,24545.115529673683,2199.2167725012914,,,1,,relleno
8907.197462453134,24056.494864838653,1837.6325012846662,,,1,,relleno
8713.043136112916,23675.260585954966,1940.453106618861,,,1,,relleno
8534.72680876329,24508.857147445084,2230.1593551156852,,,1,,relleno
8603.79706171588,24014.544623085487,2033.132877876851,,,1,,relleno
8786.394392896516,23910.589616803547,2047.5933385001526,,,1,,relleno
8909.469018722346,23880.686400384067,1830.1496229580112,,,1,,relleno
8621.532416210319,24406.210482821745,2031.0380444256712,,,1,,relleno
8852.400728961264,24603.406192688322,2113.7248787959807,,,1,,relleno
8748.828327338219,24801.083380841832,2087.7948654496417,,,1,,relleno
8883.149324734959,24395.972350415705,1967.9532961750697,,,1,,relleno
8899.637719013912,24048.34246501343,2163.3479877571103,,,1,,relleno
8783.994001737632,23942.623132755285,1913.9782430015757,,,1,,relleno
8683.542561668415,24525.185987081364,2238.2233766379923,,,1,,relleno
8546.2401804554,24003.312207865496,2109.490933305454,,,1,,relleno
8644.76430633679,24076.143564772552,2169.8000786420403,,,1,,relleno
8560.444474678328,24103.850870143415,2059.2057447291127,,,1,,relleno
8852.419637370407,24096.26734379762,2057.5201503600038,,,1,,relleno
8944.726146831714,24298.65186958165,2003.1975838698352,,,4,,relleno
8741.710013968253,24607.52556236858,2185.3265764729035,,,1,,relleno
8587.768563061678,24425.61693817025,2163.648848532612,,,1,,relleno
8792.10255397401,24839.071764571523,1984.609296869164,,,1,,relleno
8783.629298735565,23818.715897667815,2097.7707658175264,,,1,,relleno
8939.553524327146,24513.289030824435,2009.621385650521,,,4,,relleno
8712.21621997177,24002.003988471228,2007.0835555137116,,,1,,relleno
8930.692070247303,24021.46197354922,2114.9113697435487,,,4,,relleno
8676.551225974827,24622.805237863373,2092.250665010277,,,1,,relleno
8741.414032801966,24223.65646418959,2082.6182865884175,,,1,,relleno
8795.668785559368,24034.07719583712,2095.001388258398,,,1,,relleno
8750.546316162046,23768.9758520434,1929.3089051658553,,,1,,relleno
8742.899812306601,23712.933219191233,1961.99423084717,,,1,,relleno
8659.354476073036,24140.76102564738,2178.7123104377038,,,1,,relleno
8618.318769334073,23740.670909488308,2025.1541800835118,,,1,,relleno
8744.775523440336,24290.476426278175,2036.1340703078472,,,1,,relleno
8849.755680025248,23695.376987833242,2022.0165884906403,,,1,,relleno
8932.278892833563,24067.562991124778,1967.0199948400707,,,1,,relleno
8894.04924315361,24456.485229195358,2123.906926479635,,,1,,relleno
8787.468514895048,23824.589599575615,1874.9292200136308,,,1,,relleno
8923.01538343386,24081.00757553022,2086.0342654219257,,,1,,relleno
8848.445342582872,24449.706024481387,2210.7317669353133,,,1,,relleno
8898.99252310094,24146.223240710475,2126.3250415910356,,,1,,relleno
8733.493486410787,24499.294123808024,2251.5972923088725,,,1,,relleno
8664.66982941438,24612.606313261058,2096.258129295406,,,1,,relleno
8853.667123793339,24221.97420443321,1955.163972573685,,,1,,relleno
8899.106951121985,24802.270830764548,1977.9132753603842,,,4,,relleno
8924.840137811383,23848.726530483877,1777.235696735021,,,1,,relleno
8840.498665471787,23856.38979156826,1903.5059282866246,,,1,,relleno
8555.758401900224,24418.46501274552,2035.0944025647448,,,1,,relleno
8720.615927690218,24564.263033411302,2047.8943994929539,,,1,,relleno
8920.921794424286,23967.39939018163,1973.382693984854,,,1,,relleno
8923.229976682886,24388.62272877826,1971.1885539762307,,,1,,relleno
8726.036270686618,24558.579185712813,2018.6610422374815,,,1,,relleno
8795.200506369143,24138.41237310644,2206.187784595815,,,1,,relleno
8808.859058600261,24364.92345674437,2048.0943524362915,,,1,,relleno
8923.757564954729,24195.024269586625,1884.8444396674538,,,1,,relleno
8843.8683152218,24100.131720947335,1962.6406041171324,,,1,,relleno
8789.346424225134,23950.29945905669,2081.309610290801,,,1,,relleno
8599.315111489188,24184.273868839373,2155.1095487274465,,,1,,relleno
8545.79473834796,24240.9187749484,2225.8942084851424,,,1,,relleno
8619.26208410419,24291.98241947959,2199.2768890365023,,,1,,relleno
8743.61424255534,23729.911040717223,2111.1295419461662,,,1,,relleno
8775.828615617864,24454.730044518514,2024.961582484504,,,1,,relleno
8597.416288442017,24110.427581400316,2196.339337229203,,,1,,relleno
8783.219392537496,23988.7887502457,2168.850440567494,,,1,,relleno
8650.647564831528,23784.05636434229,2134.265308815877,,,1,,relleno
8913.230277166127,24114.81607089816,2165.44879831742,,,1,,relleno
8839.992346343512,24644.97858281377,2081.842245571101,,,1,,relleno
8914.75698152063,24447.684833583364,1829.2283060588122,,,1,,relleno
8644.0868370587,24048.284616497214,2069.274076049125,,,1,,relleno
8905.503889784088,24526.189232602384,1966.68634200878,,,1,,relleno
8834.722244223098,24380.469539927555,2211.494147773713,,,1,,relleno
8904.033766838525,24309.52471999,1853.3837160099747,,,1,,relleno
8876.121601764773,24525.58253206248,1918.5422071065188,,,1,,relleno
8783.839190400806,24139.985513941345,1820.6383097555738,,,1,,relleno
8907.007247486368,23822.888341197613,2103.5529970700973,,,1,,relleno
8719.792285781707,24404.19198485228,1880.4087242545902,,,1,,relleno
8697.546915295965,24447.623921842576,2116.927428405361,,,1,,relleno
8668.514286283178,23709.293718573874,2058.187828571237,,,1,,relleno
8847.465494270356,24120.771875120165,2103.609575906777,,,1,,relleno
8729.58116987771,23952.213198848396,1896.1694246929287,,,1,,relleno
8777.351522341627,24171.158743653115,2181.4925069102046,,,1,,relleno
8860.633635189135,24566.716289428437,2116.7703618153423,,,1,,relleno
8747.789110139824,23786.75837467723,1847.7293384483874,,,1,,relleno
8845.237685149918,24469.10204932198,1876.827462588505,,,1,,relleno
8834.476738873598,24371.774281010865,2066.594390288779,,,1,,relleno
8622.96421455457,24046.39095898379,2032.6942413261147,,,1,,relleno
8775.271445435725,24246.311599979126,2227.4123797583356,,,1,,relleno
8837.877175603353,24087.86563113441,1874.733244073151,,,1,,relleno
8623.200033932711,24099.349177525262,1946.7954257619829,,,1,,relleno
8584.629381708544,24097.122621662802,1981.3092344003749,,,1,,relleno
8690.9534147724,23961.9686237415,1876.6721382856938,,,1,,relleno
8586.568082881344,24340.53410106543,1957.451541145876,,,1,,relleno
8810.489145049627,24326.508937998988,1843.467399397119,,,1,,relleno
8880.394227069191,24174.221086868463,2203.148134678059,,,1,,relleno
8602.911022884076,24073.289662041614,1939.4397974205226,,,1,,relleno
8894.155680851412,23916.239559850328,2031.9176997335915,,,1,,relleno
8787.569219724559,24418.206099634586,2101.52561614483,,,1,,relleno
8734.880262083461,24849.68868998225,2069.5477126022242,,,1,,relleno
8936.049241503288,23929.401628704254,2069.6037384306505,,,4,,relleno
8595.123278978703,24162.214169503754,1996.9670182832022,,,1,,relleno
8715.385520057305,24139.142660802827,1918.3374749597847,,,1,,relleno
8609.518657880733,23995.917112579573,2077.8910843111425,,,1,,relleno
8725.537951340444,24060.609529688096,2014.6097285874368,,,1,,relleno
8839.919289991702,24499.1719769403,2091.4787421982173,,,1,,relleno
8704.953791100572,24209.995996980313,1996.226411287608,,,1,,relleno
8769.683676984256,23907.187256479894,2126.6567194322142,,,1,,relleno
8808.080146595774,23796.6017791844,2100.1763174416487,,,1,,relleno
8714.380142283702,24165.61645480148,2070.6179393040356,,,1,,relleno
8884.30925159385,24463.009393302116,1876.3889252834124,,,1,,relleno
8778.803550584242,24760.315571915493,2011.7189592887105,,,1,,relleno
8926.46848071,24444.923286933186,1819.4237925881978,,,1,,relleno
8676.266678313152,24365.668823666783,1969.0905787093318,,,1,,relleno
8715.641405739349,24451.39354932819,1923.560478624619,,,1,,relleno
8936.912781232722,24222.941480026602,2027.9211942480508,,,4,,relleno
8767.322455370446,24627.867065718456,2111.262742014538,,,1,,relleno
8810.797451782855,24209.722043233443,1819.4914619128413,,,1,,relleno
8692.826421851758,23780.258405850513,1913.949393068702,,,1,,relleno
8659.791565320078,24063.53740835835,2036.523442529268,,,1,,relleno
8601.576330115315,24378.931919418887,1967.9284579716286,,,1,,relleno
8634.284287806357,24068.729290306,2230.9922774950287,,,1,,relleno
8798.08816419535,23951.149472776793,1806.1883670151578,,,1,,relleno
8864.384777727593,24621.79880327468,2064.9278283128797,,,1,,relleno
8538.864574456366,24656.929948018773,2175.3435322145374,,,1,,relleno
8872.392443808885,23781.08021550171,2047.3451424139628,,,1,,relleno
8644.322697488777,24181.332672734417,2234.4143927367704,,,1,,relleno
8685.500539967736,24330.69188194832,2045.6992165537279,,,1,,relleno
8611.90370584876,23911.395709839813,2147.775045809226,,,1,,relleno
8796.069410054524,24635.201932428026,1997.931958319188,,,1,,relleno
8796.324620258842,23687.259673466528,1949.7622258747322,,,1,,relleno
8805.77881370166,24014.43246032978,2022.1777713426372,,,1,,relleno
8883.582152535015,24725.08038373497,2072.64346718446,,,4,,relleno
8845.407815087034,24263.559097299472,2244.694363986402,,,1,,relleno
8803.622754440463,23800.642479432034,2132.272614408712,,,1,,relleno
8878.14179229335,24201.68695824027,1850.2310011290547,,,1,,relleno
8588.283717161496,24449.33435775526,2165.371742430692,,,1,,relleno
8904.023907343051,23899.675111362645,2157.2907178282335,,,1,,relleno
8725.330923511061,23760.1905955501,2210.650942593039,,,1,,relleno
8851.842522253453,23912.51694006084,2047.0974214022165,,,1,,relleno
8712.226788388849,24394.046606295036,2024.3833882169863,,,1,,relleno
8572.63117477418,24312.797195883464,2032.971638555013,,,1,,relleno
8918.596146374726,24017.898847347842,1793.8940949874172,,,1,,relleno
8778.763728618913,24392.520287615993,1908.1995757119262,,,1,,relleno
8844.827853946364,23918.38483208639,1935.1459316310895,,,1,,relleno
8513.77312585307,24278.232524920062,2162.873070676346,,,1,,relleno
8727.520064450064,23710.6687420208,2039.7721880796464,,,1,,relleno
8900.1700860516,24352.81520213917,2078.5900862436524,,,1,,relleno
8903.543627027937,23780.30338407339,1832.6354544320488,,,1,,relleno
8733.042493099403,24177.309282656614,1951.4370636378717,,,1,,relleno
8801.36268146893,23850.488011717753,2117.0630036179205,,,1,,relleno
8961.139308297665,24334.52662632302,1985.9246384093158,,,4,,relleno
8624.206204126696,23849.52763788381,2024.8855744425284,,,1,,relleno
8890.323708550426,24421.45310798995,1977.4101371305856,,,1,,relleno
8788.417741907544,24694.906966391693,1932.1500602051306,,,1,,relleno
8842.206664476664,24156.273997860688,1930.921258687877,,,1,,relleno
8905.426817723133,23680.20151822507,1928.748071799308,,,1,,relleno
8683.62989776487,23858.93785230822,2140.4247724089687,,,1,,relleno
8811.701340751502,24013.70888054802,1898.6308657040688,,,1,,relleno
8621.26621873537,24546.883612152506,2211.3351002026175,,,1,,relleno
8656.825901426006,24511.680594841237,1981.2222488820819,,,1,,relleno
8697.441086022221,24033.955357319224,1904.6613551916237,,,1,,relleno
8870.407779500236,24187.371945670988,2121.6098590512083,,,1,,relleno
8642.824609003457,23995.343792169748,2198.5388617636827,,,1,,relleno
8777.547643744283,24114.196694580532,2179.7908780138973,,,1,,relleno
8923.748847777682,24080.35886253419,2138.642706719737,,,2,,relleno
8802.915166709163,24690.603894201984,1948.3256490174017,,,1,,relleno
8760.101743760315,23978.502894187226,2141.141780097839,,,1,,relleno
8734.134870994487,24500.925531876834,2196.485082375897,,,1,,relleno
8677.935910515765,24005.55684359218,1932.7773062572555,,,1,,relleno
8791.996374063678,23770.706646497496,1965.489533696184,,,1,,relleno
8849.70882311506,24059.815727543744,1813.8305077270732,,,1,,relleno
8834.591851334259,23786.69417601736,1953.4777535005712,,,1,,relleno
8847.63725089143,23724.1808289085,1988.7506191321925,,,1,,relleno
8566.892340406906,24006.486429689758,2140.1195474243877,,,1,,relleno
8921.009926289367,24682.17038192007,1958.8634719996585,,,4,,relleno
8880.413915673746,24285.86652795687,1971.392346128425,,,1,,relleno
8797.102939472607,24005.95427663643,2113.209120728806,,,1,,relleno
8866.02660713279,25002.144087922,1981.814875486896,,,4,,relleno
8571.439081235412,24055.872981719844,2028.3576410890626,,,1,,relleno
8828.296919928871,23843.74102311152,2052.1495431456847,,,1,,relleno
8765.278468994227,24094.68096039601,2116.01288321635,,,1,,relleno
8790.748282212155,23848.334239079213,2195.992301907677,,,1,,relleno
8965.522685937925,24037.54112181493,1941.316987399675,,,1,,relleno
8830.310405381078,24203.242602396418,2124.6761466730172,,,1,,relleno
8726.034122805897,24270.13202463169,1913.9220870700424,,,1,,relleno
8694.688857214567,24259.233200219252,1946.0081516532528,,,1,,relleno
8678.955477391783,24271.42968620715,2078.408659316956,,,1,,relleno
8701.482190665882,24345.997302901695,2101.9697407101835,,,1,,relleno
8697.651160479276,23950.20054441828,2157.5285188361254,,,1,,relleno
8885.789475918946,24306.901205561306,2006.9249357862916,,,1,,relleno
8933.857645540938,24128.182854476265,1998.981997532588,,,4,,relleno
8761.676751650213,24375.162866730796,2248.9611057963252,,,1,,relleno
8752.198255847596,24401.033695525824,1993.6207640653058,,,1,,relleno
8698.297357839154,24494.89467909091,1968.1435305047587,,,1,,relleno
8581.74890163839,24001.819044703363,2036.0267943206304,,,1,,relleno
8842.570115913897,24694.253820307666,2052.212358780152,,,1,,relleno
8928.146565830843,24189.338436436476,2158.6928525622484,,,2,,relleno
8536.665598346455,24363.129098560214,2196.3584375113787,,,1,,relleno
8939.31279111517,24517.376674460393,1893.6586399556384,,,4,,relleno
8662.246148698758,24165.036039793165,2048.92891492239,,,1,,relleno
8886.254350927995,24385.345817117126,2242.5958724047046,,,1,,relleno
8786.23788016202,24197.668187966694,1933.95261185059,,,1,,relleno
8678.649913352345,23717.80985750131,2066.265851280875,,,1,,relleno
8616.292104069336,23990.431412823134,1955.6434947228006,,,1,,relleno
8898.815076570369,24695.961380247096,1899.0014371263364,,,4,,relleno
8642.217927514908,24496.741667637212,1982.8607362903151,,,1,,relleno
8728.444544980342,24545.749491907023,2216.2956539180454,,,1,,relleno
8890.767015300322,23779.303254608123,1967.5898546896526,,,1,,relleno
8837.958229923412,24004.948398069235,2064.4365490572295,,,1,,relleno
8677.925470942275,23680.14557126551,2025.6442275778286,,,1,,relleno
8707.866506475693,23979.208159959566,1992.169198593646,,,1,,relleno
8752.773097039768,24281.477799062257,2075.3055885786407,,,1,,relleno
8772.029000034616,24379.29254105212,2125.575539066893,,,1,,relleno
8858.427648852885,23855.391492089057,1771.8170977871362,,,1,,relleno
8683.791950726782,24520.429856595292,2157.3424110078213,,,1,,relleno
8764.54445948646,24870.555173490262,2052.794916414541,,,1,,relleno
8897.148567083217,24337.025250063547,1982.261516797648,,,1,,relleno
8591.814540422467,24303.34723607085,2009.4189143593092,,,1,,relleno
8693.85303057525,24459.870689521882,2198.989647648751,,,1,,relleno
8899.090782472258,24792.230913357005,2019.4047836853867,,,1,,relleno
8839.037184497305,24517.90341039384,1879.6548289974635,,,1,,relleno
8572.669512311702,24209.979224778268,2063.516257114174,,,1,,relleno
8892.243128363503,23974.435215363854,1807.3796842116224,,,1,,relleno
8579.823769150093,24453.380248795,2088.6183253992117,,,1,,relleno
8645.494225893093,24201.000699659136,1967.4419249225439,,,1,,relleno
8776.144934938024,24567.981972811383,1942.1277549136657,,,1,,relleno
8782.372565405261,24476.402143756393,1960.304657899496,,,1,,relleno
8790.006237114385,24156.609814861717,2141.643561383279,,,1,,relleno
8753.1800364298,24029.5792499824,1892.7251649667678,,,1,,relleno
8912.398434091307,24734.542755111463,1955.715320002234,,,4,,relleno
8724.953302495021,24730.19234635014,2092.8709782438395,,,1,,relleno
8687.484845175324,23751.484503944484,2219.3534659106294,,,1,,relleno
8704.898927935094,24451.042349009385,2213.3003023957453,,,1,,relleno
8736.86846649005,23863.821929195994,2067.54721527798,,,1,,relleno
8785.877967345183,24123.984613280194,2210.1716708363974,,,1,,relleno
8936.204501305341,24336.3924921772,2019.5607354895988,,,4,,relleno
8706.047245348629,24375.722317525626,1958.5176384256954,,,1,,relleno
8574.3194717462,24032.90802359754,2208.0057796010906,,,1,,relleno
8710.306371852224,24309.11998907356,2120.0814830039526,,,1,,relleno
8743.565255692281,24271.463758924496,2067.726243775492,,,1,,relleno
8846.812597506178,24658.641517412256,1941.5914871228645,,,1,,relleno
8888.719275690662,24486.685256650086,1978.1432862713393,,,1,,relleno
8683.921571913026,24307.636629373348,1946.3730290458686,,,1,,relleno
8659.693562922763,24042.34000953491,2208.2148430050174,,,1,,relleno
8853.59855040941,24056.516069687877,1869.8960908552108,,,1,,relleno
8905.918464046934,24501.1888144249,1908.1707528340294,,,1,,relleno
8767.010623224474,24647.573507640318,1955.5180413625772,,,1,,relleno
8582.825125095454,24586.92086955903,2134.923604327873,,,1,,relleno
8905.125860272803,24405.11918991116,2091.031551316276,,,1,,relleno
8606.3604992908,23880.291872226175,2085.5104563209193,,,1,,relleno
8629.117020289406,24409.6337120532,2166.8293845437015,,,1,,relleno
8729.07381442471,24152.299273365963,2034.5473786162274,,,1,,relleno
8782.901973578615,23996.818021745115,2031.4170637021161,,,1,,relleno
8959.736118952611,24025.67938066848,2098.202519232904,,,1,,relleno
8836.226622421987,24692.78842949771,1999.831527317371,,,1,,relleno
8637.024729076642,24393.298981768596,2138.980250868628,,,1,,relleno
8809.235547903363,24581.74283384668,1982.259488060352,,,1,,relleno
8863.802138643543,24112.945673126724,2032.94929509874,,,1,,relleno
8830.468044900857,24473.537247178334,1870.7317637710953,,,1,,relleno
8939.936249033113,24311.289944989338,2112.3212579595634,,,2,,relleno
8608.044319751281,24216.445409634096,2003.039694804976,,,1,,relleno
8638.82920194705,24673.156410157808,2139.7994597227134,,,1,,relleno
8636.107471204657,23946.91214782982,1925.2661628665974,,,1,,relleno
8844.886662390694,23904.460318070574,2058.455925008671,,,1,,relleno
8884.43400574175,23965.1537194466,2210.9260764618975,,,1,,relleno
8768.339578266889,24123.330800184234,1824.5332940785843,,,1,,relleno
8790.937774586988,24152.897738570922,1840.2413785252902,,,1,,relleno
8670.464305778585,24060.013329487934,1890.4820723970888,,,1,,relleno
8831.752358254176,23927.904503698042,2081.4282362181975,,,1,,relleno
8793.345458079646,24746.852530852095,2117.936293089655,,,1,,relleno
8664.127325501948,24026.32600105285,2005.9796826660975,,,1,,relleno
8844.408127441635,23715.741957699,2029.1130332374953,,,1,,relleno
8715.024067351775,23767.952498072013,2168.742549202568,,,1,,relleno
8898.733535825704,24023.416123842482,2146.236777506936,,,1,,relleno
8635.701385354696,23914.636713585773,1990.961025299252,,,1,,relleno
8758.109390816393,24752.73493284694,2024.971332863134,,,1,,relleno
8918.651976229432,24527.60700141282,2091.0145122858858,,,1,,relleno
8860.77101403872,24072.649583109964,1862.7954883148145,,,1,,relleno
8752.618289660173,24385.5078011336,1956.1517591940294,,,1,,relleno
8775.89804122481,23775.614485562473,1844.2003300527742,,,1,,relleno
8895.992781488305,24286.11699273822,2081.064889775765,,,1,,relleno
8658.343579990496,24223.321306857848,2035.7748832354218,,,1,,relleno
8903.843976242726,24839.899168855827,1935.4777091376252,,,4,,relleno
8819.481111288449,24502.01454029291,1905.548123295953,,,1,,relleno
8942.471262573577,23970.903385616784,2003.1095262767458,,,1,,relleno
8737.701720682542,24705.862453418362,2004.3884846112994,,,1,,relleno
8869.653857931535,24799.70176664772,2015.4039034136958,,,4,,relleno
8718.4480785075,24208.988748223393,2099.0769180840057,,,1,,relleno
8602.109010706692,24616.855313755306,2180.592249670868,,,1,,relleno
8711.50412628849,23971.863688705293,1931.7335050788097,,,1,,relleno
8843.688805308755,24283.390708822106,2103.867026181224,,,1,,relleno
8935.015181851995,23876.342397204313,2121.1511508066565,,,4,,relleno
8613.008386169322,23871.13907088763,1998.5622552952573,,,1,,relleno
8623.080733695468,23881.529205214385,2033.094864854801,,,1,,relleno
8807.745789501927,24160.355754436452,1906.9745712394183,,,1,,relleno
8717.677848446776,23978.679570731005,2015.543614731472,,,1,,relleno
8857.771326621478,24699.60868450013,2063.2151786014347,,,1,,relleno
8904.809815939254,23771.28150014768,2031.70859771761,,,1,,relleno
8851.106131648223,23703.78247789399,1997.654271555731,,,1,,relleno
8651.43506027853,24485.1461751151,1963.3109226098811,,,1,,relleno
8863.578339847763,24104.763545165122,1921.8777660884764,,,1,,relleno
8903.810072910679,24260.005419647518,2128.656158081263,,,1,,relleno
8745.426330380325,24224.62146375015,1926.730835062267,,,1,,relleno
8917.471480031192,23898.09629269077,2166.3639379108035,,,1,,relleno
8778.457364249658,24584.17138842711,2003.6416553733222,,,1,,relleno
8852.57137747969,24343.667005563584,2129.169794859172,,,1,,relleno
9015.814954427002,24862.549696372353,2115.4877457376383,,,2,,relleno
8997.495607863735,25462.57618930837,2140.6677078198745,,,2,,relleno
9279.6419173387,24337.60519566571,2139.675059866915,,,4,,relleno
8893.514989647245,24769.129645855905,2202.123888149659,,,2,,relleno
8962.146360017092,24862.68123511102,2222.7065793069823,,,2,,relleno
8952.68499922969,25270.289055974692,2247.241787246112,,,2,,relleno
8980.22632107927,25750.64773394798,2116.804406965968,,,3,,relleno
8985.219196775031,24701.019146928204,2194.188061111616,,,2,,relleno
9184.656285580677,23960.996593396856,2001.4218510868884,,,4,,relleno
9016.726770093956,25679.618500549834,2275.5000701571676,,,2,,relleno
9142.507034418244,24317.508552508727,2020.7612204413344,,,4,,relleno
8974.00080349902,24957.604147352176,2184.078767031973,,,2,,relleno
9262.540555590866,24299.38410895076,2046.2281363429115,,,2,,relleno
9193.289239428299,24040.924701342803,2082.8295022717116,,,4,,relleno
9104.336971590033,24629.812355110127,2167.4938408569155,,,2,,relleno
9044.274890569839,24527.417910547243,2185.3493861434313,,,2,,relleno
9083.289861382013,24679.111204712564,2219.959087650288,,,2,,relleno
8974.013125943544,25382.901905958395,2057.019061534078,,,2,,relleno
9084.60481404882,25450.177169930746,2249.227769240982,,,2,,relleno
8974.843892125948,24063.8481702344,2054.99823875568,,,4,,relleno
9043.708513943173,25548.989879817513,2116.3786688496975,,,2,,relleno
8991.911367766945,25196.09678204556,2009.397289087633,,,2,,relleno
9038.363378505397,24276.085871301177,2175.8319706630086,,,2,,relleno
9145.528110529574,25530.845949249127,2115.550839280122,,,3,,relleno
8870.512732802357,24743.112209093084,2100.713334629018,,,1,,relleno
8962.661291268538,24818.888348836812,2128.7531756575404,,,2,,relleno
9112.405325544429,25524.679979742185,2195.6295232906914,,,2,,relleno
9168.751580933767,24420.422875524917,1984.4238048727823,,,4,,relleno
9083.508277574669,25536.400366061527,2190.9290498295295,,,2,,relleno
9134.978362450687,24075.420126793033,2100.6491754027406,,,4,,relleno
9227.99999204286,25001.980619182526,2185.02593882129,,,2,,relleno
9059.712584579554,25333.624318619248,2240.3504568034837,,,2,,relleno
8995.771835865815,25173.655787541105,1993.524253406756,,,4,,relleno
9090.489972253046,24116.62424219959,2182.812528060109,,,2,,relleno
9043.709916115453,24502.346903214933,2018.4054543772083,,,4,,relleno
9084.42279486161,24484.52799850629,2185.0520224524325,,,2,,relleno
9186.888178600719,24079.896982333677,2094.14155903948,,,4,,relleno
9230.987529590095,24253.149181824152,2125.4038563630615,,,4,,relleno
9092.335613041147,24523.22091524097,2103.7572509474735,,,4,,relleno
8906.384731311504,24361.173712545293,2166.0175612557723,,,2,,relleno
9086.003716766925,25443.122933643972,2129.329252781825,,,2,,relleno
9033.587112304476,24453.910259560704,1912.4160952363463,,,4,,relleno
9142.285179672132,25343.729016009773,2039.9819289125978,,,4,,relleno
9211.860021789777,24542.647966071007,2112.1459719597633,,,2,,relleno
8884.42599768222,25115.81770929214,2179.3359158855064,,,2,,relleno
8898.136393239005,24751.873795617266,2145.799581837397,,,2,,relleno
9149.633615024044,25198.556361539053,2182.4412512594777,,,2,,relleno
9079.337501331307,24146.82770404262,2188.429149388874,,,2,,relleno
9223.430445899272,24994.10900004358,2110.6118138597008,,,2,,relleno
9256.075351540714,24545.735651912844,2075.4087277236504,,,2,,relleno
9199.499043671089,24070.04669061693,1972.7087440004839,,,4,,relleno
9075.156644281507,25069.867410558225,2122.1787808468566,,,2,,relleno
9111.292170990639,25905.626419643533,2193.9867586482765,,,3,,relleno
9151.4488737433,24726.32121173099,1978.124350078785,,,4,,relleno
9044.332461373635,24788.621421715365,2203.902210385726,,,2,,relleno
9113.510520779602,24606.401757290758,1949.989350062453,,,4,,relleno
9052.63330743807,24912.353491434442,2162.543535102546,,,2,,relleno
9188.405054032182,24929.62916758402,2226.664840908731,,,2,,relleno
8878.81955227566,24475.23941821293,2130.898698689714,,,1,,relleno
8959.957706990943,24782.025053996866,2129.1708740051367,,,2,,relleno
9097.547064364251,25576.944391788034,2150.0410130728355,,,3,,relleno
9133.005927855062,25242.009964199402,2178.2393026607688,,,2,,relleno
8910.521479265479,25111.182659416998,2108.869866757189,,,2,,relleno
8946.40230102615,24394.24780943345,2051.0562590777286,,,4,,relleno
8861.339538439135,25210.0742048352,2080.0304048756343,,,2,,relleno
9006.975149603903,24784.39944798448,2069.4101881962156,,,2,,relleno
9091.294639567544,25091.03192436422,1988.6961563005927,,,4,,relleno
9014.410764522763,25954.57359572149,2184.3580106883637,,,3,,relleno
9184.914171107397,24567.977309768346,2051.840695971205,,,2,,relleno
9204.822757577378,24541.769273924074,2011.0211635714343,,,2,,relleno
9187.160731127815,24901.934062382417,2249.8383945057794,,,2,,relleno
9272.045475260136,24376.317439719678,2182.231216957319,,,4,,relleno
9047.011726311417,25430.378366249435,2257.1737909864296,,,2,,relleno
8943.447132239973,25248.509698592952,2201.1053960286827,,,2,,relleno
9081.146052199703,24939.548897323428,2074.0169739468965,,,2,,relleno
8995.620769163092,23976.457107829592,2151.6549088762717,,,2,,relleno
9180.5101454392,25786.831976574213,2253.8545603644056,,,3,,relleno
9038.075151303197,24770.68283509596,1946.9291781465577,,,4,,relleno
8897.012950082099,25273.914486834652,2128.681746507782,,,2,,relleno
8980.286769962464,25114.207462670554,2203.880559809048,,,2,,relleno
8980.425631470458,24608.15645565214,2073.4671996288193,,,4,,relleno
9166.998997583994,24367.316149807644,1932.3285183437442,,,4,,relleno
9039.54389765518,26011.774475553313,2202.3092354827036,,,3,,relleno
9178.890708301671,24547.19440820888,2136.9848871993604,,,2,,relleno
9138.514695837564,24513.495558698236,1982.3335838038067,,,4,,relleno
9033.67327438157,24409.62773087195,1894.9173000510398,,,4,,relleno
9013.413263001703,24391.371660851455,2138.730021626952,,,2,,relleno
8959.3349364427,23946.574610963657,2047.9709853697204,,,4,,relleno
9346.662984690742,24545.553650026817,2109.366220923784,,,2,,relleno
8948.043257717944,24377.545751736885,2252.0768364119526,,,2,,relleno
9170.639858108334,24332.697483946682,1963.3705102512038,,,4,,relleno
9084.314320580223,24458.769748094,2215.445673089728,,,4,,relleno
8897.371302836847,24409.464232004553,2140.8494327880844,,,2,,relleno
9020.63159035094,24837.956770146677,2085.650568883832,,,2,,relleno
9178.69529980293,25688.964836593266,2181.3677914661184,,,3,,relleno
9329.965568088239,24500.33170800286,2157.4715946407405,,,4,,relleno
8930.271023109082,25413.39317820538,2189.864531533901,,,2,,relleno
9170.117098912491,24206.726595862845,2040.606752112498,,,4,,relleno
9054.942352742479,24103.362563342576,2037.000336847541,,,2,,relleno
9091.423536162161,25460.406711513944,2092.553105976523,,,3,,relleno
9179.243270409424,24451.500735038342,2116.2219536852676,,,4,,relleno
9113.374003793951,24703.397778246057,2205.9185477896067,,,2,,relleno
9124.176983437994,24488.864279444693,1931.6006388201822,,,4,,relleno
9257.178654195415,25108.886494605813,2184.828825010185,,,2,,relleno
8936.665337883636,25271.808329024017,2161.730262381671,,,2,,relleno
9131.308260265954,24667.497989569776,2048.676756075052,,,4,,relleno
9198.623245694036,24348.081684751123,1971.137118898628,,,4,,relleno
9172.168535492268,25683.330380279196,2294.9483060796683,,,2,,relleno
9134.17868158348,25121.410956336997,2254.728299301923,,,2,,relleno
9100.653143498548,25072.693130552412,2173.8652899503445,,,2,,relleno
8921.279094877866,24314.681089165333,2099.192113010117,,,1,,relleno
8990.028466704607,24319.625130588658,1942.382676779693,,,4,,relleno
9076.543658247017,25748.381424126535,2106.60282884841,,,3,,relleno
8928.741478118214,24580.98424381561,2076.480185835042,,,1,,relleno
8996.600180958652,24674.295679852083,2047.5731645994651,,,4,,relleno
9052.63571582205,25309.23504290535,2233.027929190833,,,2,,relleno
8923.59010765824,25590.507624960486,2126.140275058046,,,2,,relleno
8966.690073750071,25037.879167199542,2199.1669849484992,,,2,,relleno
9036.444357324224,24969.007689718317,2188.0238809208354,,,2,,relleno
8871.890523402664,24254.989180302513,2199.0572597561563,,,1,,relleno
8950.871118768066,24395.026101117353,2066.103410260161,,,1,,relleno
9203.927410609642,24165.502283881728,2077.8116660305523,,,4,,relleno
9266.875172952825,24856.89589820909,2104.3024875266897,,,2,,relleno
9256.750939396034,24983.841260798592,2178.526618224968,,,2,,relleno
8949.923175323993,25098.45383450992,2023.6377183581556,,,2,,relleno
8999.433027097451,24684.42681683663,2146.7379712327934,,,2,,relleno
9163.90742071418,24674.933645601257,2179.194296375897,,,2,,relleno
8943.05421161404,24522.98724122153,2162.4736135847443,,,2,,relleno
9225.084031918032,24554.65957118926,2121.308549418375,,,2,,relleno
9122.95614218556,24882.68161409882,2019.8680244681027,,,4,,relleno
9322.14809897268,24434.441516744704,2138.2091849354433,,,4,,relleno
9195.887178155417,24035.722847872297,1984.2878680256579,,,4,,relleno
9132.678202000032,24953.17908157444,2128.794163818851,,,2,,relleno
8935.500005808663,25287.035940939175,2128.504160017006,,,2,,relleno
9232.869587128283,24571.845115224645,2110.7952491969786,,,2,,relleno
8973.993467395083,25278.595414190062,2239.957975514368,,,2,,relleno
9055.17238585976,25065.568037803674,2127.3195148818586,,,2,,relleno
8922.498216645052,24357.660976374736,2070.6465403798734,,,1,,relleno
9206.094663533155,24014.47965673062,1943.970912910753,,,4,,relleno
9217.163950895048,24518.335334408737,2149.9028193883187,,,2,,relleno
9208.857146640043,24982.929951160055,2074.4253926412075,,,2,,relleno
9164.232162391765,25143.633456857446,2045.338114841448,,,4,,relleno
9022.055092074756,25200.724637087904,2272.3986423053784,,,2,,relleno
8924.99437252878,24236.601836243346,2228.745407715681,,,2,,relleno
9064.112436277093,25324.595984436222,2260.620102297272,,,2,,relleno
8924.621601367804,25476.465621859803,2106.76820890565,,,2,,relleno
8996.526953639144,24262.23906736288,2255.4608225746,,,2,,relleno
9104.815109513627,24716.662070763367,2081.304417586638,,,2,,relleno
9165.919857175251,24072.39927853789,2172.6736569292534,,,2,,relleno
8927.233085313024,25462.699673077663,2148.0548526069306,,,2,,relleno
9243.745269090334,24515.244974672976,2262.4908730971088,,,2,,relleno
9007.269545162619,25202.45755270197,2154.8628460058603,,,2,,relleno
8866.495556398373,24686.40510352316,2141.585981218774,,,2,,relleno
9043.43560524383,25741.64120179813,2107.6723800057875,,,2,,relleno
9263.382364089444,24600.74792076241,2169.302166637429,,,2,,relleno
9029.889254376225,24542.221260840404,2209.997905034545,,,2,,relleno
9175.592521917315,24299.801848364783,2066.388192324426,,,2,,relleno
9269.591919945266,24481.96244230946,2051.2312020005284,,,2,,relleno
8918.678610091136,25376.917914813097,2186.3702254231043,,,2,,relleno
9125.965564779548,25479.742584628017,2253.0907602869283,,,2,,relleno
9105.157132867405,24455.955793768164,2258.2111719893906,,,2,,relleno
9059.570230709796,24901.962431073327,2100.961461053838,,,2,,relleno
8978.416118215673,23870.23682467719,2059.1264909002393,,,4,,relleno
8989.464954169056,24196.77990941792,1959.8027327721995,,,4,,relleno
9127.567004697003,25247.99013743883,2115.6926983944622,,,2,,relleno
8995.86940952353,24314.47105498981,2201.117793768071,,,2,,relleno
8938.60898437753,24479.442040739505,2159.644839158927,,,2,,relleno
9292.360285012668,24332.10862001631,2011.36074028819,,,4,,relleno
8938.562037003785,24803.083178117646,2164.717695136678,,,2,,relleno
8885.49650476448,24409.45162478576,2103.4107030901605,,,1,,relleno
9229.151305166723,24268.854227082185,2068.258094277265,,,2,,relleno
9218.89877395446,25053.48182200246,2074.387168926291,,,2,,relleno
9139.492744800746,25607.927926293054,2111.0983783505035,,,3,,relleno
9261.88824700888,24523.847198630745,2135.915217636955,,,2,,relleno
9139.036607168273,25276.29548840643,2225.0956205301204,,,3,,relleno
9117.785013717752,25596.993467447086,2072.1736087429317,,,3,,relleno
9178.877196851638,24629.798135720972,2186.9852553033165,,,2,,relleno
9135.077378016267,25222.36276314898,2212.085146611019,,,3,,relleno
9064.53401224495,24281.006026155024,2056.65607330554,,,4,,relleno
9084.72591218502,25023.35778625239,2077.0551888413747,,,2,,relleno
9161.602427862563,24956.178370501584,2024.938866023731,,,4,,relleno
9269.269092871406,24629.973704229822,2117.727672248449,,,2,,relleno
9027.208574453376,24146.78529846109,1963.5487789776494,,,4,,relleno
9053.026080908912,25123.572761321822,2215.241907292966,,,2,,relleno
9064.43765597931,24622.47397279213,2136.4371195059657,,,2,,relleno
8991.597742582933,24176.413651408137,2124.050062751524,,,2,,relleno
9021.430903658746,25442.10481952982,2151.582686813097,,,2,,relleno
9204.182561395088,24878.76809953701,2211.5226340304757,,,2,,relleno
9030.482441672204,25724.30224239509,2115.637990833854,,,2,,relleno
9084.053385682206,24526.99030699555,1891.0593534718287,,,4,,relleno
8951.58682343368,24458.271046151753,2090.282144893238,,,1,,relleno
9033.796608935603,24295.2852152292,1977.9238306929835,,,4,,relleno
8961.244088625994,24980.530633172777,2109.819687752707,,,2,,relleno
9048.577173247148,23999.731976276318,2153.490369839094,,,2,,relleno
9058.177690254586,25926.55761063982,2228.669759740746,,,3,,relleno
9024.11529619164,23852.199607646977,2046.7867250811107,,,4,,relleno
9263.894812642397,24319.230698794905,2124.277128788121,,,4,,relleno
8920.224938787223,24210.397080939158,2124.6473498078794,,,1,,relleno
8979.402322321108,24012.839320623345,2132.947158500721,,,2,,relleno
9047.846094248856,24917.435830138376,1966.5150350847134,,,4,,relleno
9211.007901542385,25214.821953551385,2196.0454788535085,,,4,,relleno
9289.666010090488,24616.090840503388,2202.2879983586176,,,2,,relleno
9033.283912322942,24699.564892349197,2008.4500257123286,,,4,,relleno
8912.989619530257,25201.03051728814,2015.2458361362683,,,2,,relleno
9092.737018843918,24127.126556482453,1939.8846523779957,,,4,,relleno
9024.78333565546,24511.916761760138,2170.342651414461,,,2,,relleno
9083.042915653668,24452.070161331325,2260.334072215476,,,2,,relleno
9196.611442969883,24278.861775761186,2073.6236471347647,,,4,,relleno
9094.151530528316,24300.789565831165,2244.595063258556,,,2,,relleno
9022.01392939599,25239.134418368176,2127.6553980768185,,,2,,relleno
9186.364356440932,24228.87772781834,2056.4367537253756,,,4,,relleno
8971.350139913842,24886.990251291794,1953.37532259635,,,4,,relleno
9108.567827065881,24297.194507336855,1975.7745958731105,,,4,,relleno
9219.406872428086,24638.08496722923,2091.468599634019,,,2,,relleno
9121.52073523828,25312.579748852317,2153.5711070518832,,,2,,relleno
9137.544895683784,24471.553219053196,2150.6679662682263,,,4,,relleno
8991.302566334856,25774.331905023228,2218.0308411587507,,,2,,relleno
9014.642257647676,24853.582805961218,2271.6515716942176,,,2,,relleno
9214.845445811226,24506.310057991745,1937.2003231620058,,,4,,relleno
9235.708435617693,24245.67892774433,2117.552176862208,,,4,,relleno
8984.584674399799,24192.443320973893,2003.5403197343521,,,4,,relleno
9039.5462470227,24649.575023229874,2015.6144975570983,,,4,,relleno
9052.212688034026,24878.17791143866,1977.9045002103044,,,4,,relleno
9286.666333100033,24562.54160685871,2108.48888555502,,,2,,relleno
9122.834242834959,25672.28015407881,2249.0929909240285,,,2,,relleno
8937.14820520961,24554.065765547995,2064.445732378952,,,1,,relleno
9288.359872578385,24553.291574886418,2062.5414630732985,,,2,,relleno
9013.806001534798,24048.860304513266,2150.5059895063555,,,2,,relleno
8904.154504923095,24984.69016718112,2026.4949560510643,,,4,,relleno
9019.096611890827,24913.547284711123,2106.277689918961,,,2,,relleno
9282.182539593023,24889.91664073355,2077.503338622881,,,2,,relleno
9137.54424794834,24537.29016466264,2048.4123268881085,,,4,,relleno
9134.608973762282,24459.346562929433,2182.2959343487764,,,4,,relleno
8913.111935855504,24659.41719222917,2198.7923331568463,,,2,,relleno
9174.653456172218,25198.640727569968,2110.620013949469,,,2,,relleno
9029.010892070028,24586.518608380513,2011.7079682776623,,,4,,relleno
8942.73699597489,24680.272469745978,2125.276360976397,,,2,,relleno
9019.964969332563,24788.828258328092,2033.854421844368,,,4,,relleno
9029.939847517147,24564.255372416537,2017.0194738645596,,,4,,relleno
9102.438298830171,24315.063311393857,2150.6002108584244,,,2,,relleno
9054.325072106847,25465.37926084993,2208.527562489133,,,2,,relleno
8899.970142587914,24967.936013240535,2157.955027394347,,,2,,relleno
9033.918047460382,24880.329054727175,2274.7163989620603,,,2,,relleno
9161.015902580424,25356.549156110785,2057.743001213685,,,4,,relleno
9205.166561590258,25151.45526581798,2097.8065710096735,,,2,,relleno
9175.753334369292,24322.58854593412,2099.7897771019116,,,4,,relleno
9037.801848564206,24064.847417048877,1979.1714082130597,,,4,,relleno
9060.47295208257,24320.09599915646,2082.6487186089494,,,4,,relleno
9015.800121551247,24402.041029406104,1937.0835255048628,,,4,,relleno
9011.41564936675,25485.04378371737,2194.144615156252,,,2,,relleno
8907.151816093765,24341.96854344763,2158.186451041356,,,1,,relleno
9131.390386805002,24418.115510604042,1988.2000332233854,,,4,,relleno
9087.051321869658,24712.680584766018,2216.4437136473484,,,2,,relleno
9085.775240793495,23998.58477101051,1949.843756559571,,,4,,relleno
9203.945032224108,24233.98626898054,1983.9280822069572,,,4,,relleno
8942.409007870961,24564.87323218656,2082.579677900086,,,1,,relleno
9033.27494903116,24247.638614238746,2193.129874423765,,,2,,relleno
9124.872832861392,23828.312959270996,2013.2769518155653,,,4,,relleno
9085.19185681879,24807.125985554234,2147.946941949784,,,2,,relleno
9081.106098930393,24247.43384516341,2126.7856853536164,,,2,,relleno
9197.199743796364,24797.88355537216,2145.116675861709,,,2,,relleno
9160.853680111786,24990.060867438955,2072.7909866479977,,,2,,relleno
9046.06981474645,25364.333596472992,2118.722905346821,,,2,,relleno
8991.56641981364,24392.79026615548,2104.7643816107666,,,2,,relleno
9100.155252323355,25135.005429583714,2238.490332870135,,,2,,relleno
9133.937786164852,25311.162531893395,2097.409936679308,,,2,,relleno
9047.257024924907,24373.914714465485,2236.5244766223877,,,2,,relleno
9005.815459144993,23909.587739004968,2103.943254960113,,,2,,relleno
9142.909315456824,24747.620254091275,2219.5667870776792,,,2,,relleno
9221.613882217307,24399.11949805493,2108.3496879381623,,,2,,relleno
9090.06631360316,24977.97307785571,2102.6492931479092,,,2,,relleno
9187.357705680965,25103.22004962859,2095.4966852185125,,,2,,relleno
9110.97334914128,24299.743452962502,2030.653628616268,,,4,,relleno
9253.950362917849,24774.923522077544,2268.8910471298373,,,2,,relleno
9238.36017597626,24215.063233512497,2083.748411509118,,,2,,relleno
9136.221266926184,24050.31827364514,2101.6182107781046,,,4,,relleno
9008.045441425727,24240.063347015304,2168.4261276501193,,,2,,relleno
9086.164257731465,25130.779414687626,2289.9486587211823,,,2,,relleno
9154.675761912085,24646.733757529157,1983.8596963237082,,,4,,relleno
9048.351249358175,24386.569503092553,2115.506725376337,,,2,,relleno
8992.617235953843,25178.821446386777,2082.562806104738,,,2,,relleno
9098.119488820594,25374.760039542933,2030.22449420893,,,2,,relleno
9022.500837498339,23711.73905376042,2048.023552971912,,,2,,relleno
9132.492080905984,24635.388877636124,2225.2765357616313,,,2,,relleno
9130.921675688936,24984.32430332292,2258.4885843369675,,,2,,relleno
9169.70711377156,25005.397095786153,1996.4131671348787,,,4,,relleno
9265.535176751726,24330.915585753584,2063.734917406996,,,2,,relleno
9193.138661284715,25049.99695350934,2153.220912334891,,,4,,relleno
9317.610737508765,24393.508331753274,2241.9917343292555,,,2,,relleno
8952.716958724915,24616.70616251506,2125.2394047795506,,,2,,relleno
9151.604138767394,25996.187702380415,2218.3952796011035,,,3,,relleno
9260.237329069088,24780.18909471009,2241.4878244423603,,,2,,relleno
8968.480213301576,24414.88140547969,2146.5155283439512,,,2,,relleno
9210.076125543106,24559.5168562264,2261.216377256,,,2,,relleno
9017.860656701181,24583.108567989497,2232.653459969589,,,2,,relleno
8936.808676545548,25145.132322664213,2110.635305610769,,,2,,relleno
9011.93724313905,24084.268941947295,2011.6684919418592,,,4,,relleno
9140.255833327627,25367.658017045356,2241.61396463088,,,3,,relleno
8967.43915344599,24770.620252114953,2198.4807366323503,,,2,,relleno
8969.131504630957,24860.664003612437,2161.2919878955067,,,2,,relleno
9211.425961356936,23776.874148624163,1981.6158649170864,,,4,,relleno
9198.370918336106,24188.951800932504,2000.585526092286,,,4,,relleno
9201.444962765763,24525.882337832478,2187.2462906010996,,,2,,relleno
9064.581249828225,25758.108468748556,2214.2780134184704,,,3,,relleno
9032.30289180128,25538.149441117635,2062.9776765253105,,,2,,relleno
9200.619649269775,24421.978448937953,1969.6791441951216,,,4,,relleno
9081.790474881527,25561.941655098348,2197.045832736658,,,2,,relleno
9024.703151567754,25748.73134764444,2102.7328342162905,,,2,,relleno
9004.420515922648,24690.799203029586,1946.2828113517062,,,4,,relleno
9175.079233525836,24159.505730735145,2138.867458329205,,,2,,relleno
9125.90837281648,25000.182749506206,2057.5392368371336,,,4,,relleno
9035.945193671118,25121.665049636827,2057.488974406892,,,2,,relleno
9152.387031402592,24662.626525620988,2020.6262567980793,,,4,,relleno
8994.109529549107,24979.49411154218,2116.995616066601,,,2,,relleno
9009.684915628424,25355.07838561283,2028.0352117169184,,,3,,relleno
9052.736838324461,23803.669426752527,2059.628643416484,,,4,,relleno
9047.838182777463,25069.128814909855,2057.3977804687897,,,2,,relleno
9082.040160636881,24930.438812410437,2199.3236619977033,,,2,,relleno
9205.449309919555,24677.26392721565,2135.2937794089225,,,2,,relleno
8991.615386632286,25246.748853404395,2035.7358661363987,,,2,,relleno
9222.304220596088,24275.13480405033,2161.8297183339296,,,2,,relleno
8986.7314930702,25159.744820153963,2004.57007206179,,,4,,relleno
9039.75135754012,25663.987165406154,2272.6739737316816,,,3,,relleno
9032.611395801267,23829.60353265522,2013.8714361141872,,,4,,relleno
9010.58579351113,23967.691958145846,2151.6908339652778,,,2,,relleno
9181.60036272019,24301.96869031781,2010.9136491335717,,,2,,relleno
9152.063593571314,24743.490630997305,2153.5539492657235,,,2,,relleno
9015.056073978842,25435.017375851923,2268.6899119509058,,,2,,relleno
9091.286852635589,24836.68243912317,2094.9258672626943,,,2,,relleno
9156.138974850066,25171.469796456964,2204.864848794074,,,3,,relleno
9103.595955107356,25366.043087092185,2178.14876473547,,,2,,relleno
8959.111929621014,25008.44822858298,2168.8054518466042,,,2,,relleno
9217.713434336913,24335.59150732118,2103.582592019696,,,2,,relleno
9185.446277159159,23969.65091274512,2070.204958384925,,,4,,relleno
8957.978308051916,24789.08082048419,2234.6107584778356,,,2,,relleno
8995.846974916796,25823.171429794522,2135.2839026704405,,,3,,relleno
9201.282691048145,24418.36037514845,2158.1368241382993,,,2,,relleno
9126.22798541073,24265.962013412834,1958.3638293811202,,,4,,relleno
9123.193445340436,24918.231721813263,2200.2012011788474,,,2,,relleno
9126.462351104386,24462.86889360106,2245.044376976129,,,2,,relleno
9227.42824318315,25281.836869702507,2280.149758386096,,,2,,relleno
9137.705319186185,24920.043296341388,2078.557332755914,,,4,,relleno
9066.586275336475,24353.22826609349,1964.1784319874632,,,4,,relleno
9101.733720521628,24040.977237675772,1974.402275710396,,,4,,relleno
9096.334963812364,24208.082770409896,2101.4944224860374,,,2,,relleno
9028.101879465485,25229.76755281034,2113.2258584089896,,,2,,relleno
8976.415572603453,25130.660629590762,2232.115739991252,,,2,,relleno
9144.14810106349,25059.307722688955,2103.2112924789317,,,2,,relleno
9236.078421160146,24820.17022017614,2186.0269542109418,,,2,,relleno
9182.437306542586,24698.707444886717,2044.979170725795,,,2,,relleno
9269.118380740283,24301.453556852728,2030.7699583461085,,,2,,relleno
9148.410949566667,25075.913255194104,2228.9731841324647,,,2,,relleno
9153.372798776378,25714.998681954934,2160.0860012946473,,,3,,relleno
9138.355801074293,25600.034068997116,2160.4410271233255,,,3,,relleno
8959.261864085378,24700.180939733564,2104.7781213073154,,,2,,relleno
9212.802774126314,24362.896265718296,1990.9538494691326,,,4,,relleno
8978.457630501527,24888.7211405398,2248.7072025314224,,,2,,relleno
9044.11561332958,24408.460728040278,2073.0786410742376,,,4,,relleno
8953.128086699968,24607.266679734337,2097.1771244504944,,,1,,relleno
8892.634816509599,24685.49706966698,2177.2166744316787,,,2,,relleno
9072.31638578117,24976.0816510528,1988.9797832126117,,,4,,relleno
8981.170263620097,24177.251787857243,1969.9233584167823,,,4,,relleno
9002.398184323469,24204.56796977841,2242.837257316784,,,2,,relleno
8992.94235956135,25313.776749909088,2209.145330142828,,,2,,relleno
9092.067295672907,25856.722554739157,2099.581777994425,,,3,,relleno
8974.118682032904,24085.0262469473,2151.549165777567,,,2,,relleno
9080.488930584172,24596.331891238035,2159.830656139865,,,2,,relleno
9281.045429365517,24670.526066689712,2097.742161444015,,,4,,relleno
8861.959651386751,25165.111305120452,2074.9332416125276,,,2,,relleno
9247.462329322034,24345.04251950242,2122.352249512314,,,4,,relleno
9108.659035753939,24881.1042911652,2034.3317650902018,,,4,,relleno
9283.93397826162,24693.306465012323,2225.5318388945443,,,2,,relleno
9124.636491807378,24490.94228270503,1904.2022353858288,,,4,,relleno
9162.026239816483,24521.132105113244,2150.862954117375,,,2,,relleno
9263.648275484431,23969.066209445748,2042.0619358234123,,,4,,relleno
9042.271736053935,24786.012303768734,2012.175739079632,,,4,,relleno
8914.342045994537,25287.03376566083,2201.687051711384,,,2,,relleno
9124.24163355186,25157.4199660286,2184.278950917582,,,2,,relleno
8864.355729478675,24833.48903932956,2148.7491305421236,,,2,,relleno
9064.11982050253,24169.57028692081,1926.0077424461558,,,4,,relleno
8895.629962263223,24775.673053450806,2197.977339488279,,,2,,relleno
9041.320737231285,25488.864226583304,2169.936640234163,,,2,,relleno
9039.156215244353,24651.961437758127,2188.8274502986146,,,2,,relleno
8971.637832449083,24855.8353481473,2192.879216280081,,,2,,relleno
9152.013586002304,25154.077273786428,2160.9487774257586,,,2,,relleno
9173.972845897755,24955.634429771337,2002.0645130076741,,,4,,relleno
9097.391385471725,24785.61840331436,2145.195223280323,,,2,,relleno
9018.354016990297,25667.403894445197,2196.4477865867066,,,3,,relleno
9158.304900347814,24630.61411908415,2008.8877929492844,,,4,,relleno
8985.099184484872,24292.78926563947,2089.3456250599393,,,2,,relleno
8945.72740197835,24312.788764971538,2013.8723271197282,,,4,,relleno
9170.024457042624,24044.919287783843,2064.039664302635,,,4,,relleno
8994.735943930977,24964.127917039783,2066.537555785268,,,2,,relleno
9298.553257009375,24203.171423896238,2048.891278909877,,,4,,relleno
9168.666408599478,24180.795802172808,2210.345327695156,,,2,,relleno
9074.236788765238,24373.873837637304,1951.9099609261057,,,4,,relleno
9001.809368930506,25476.671313829094,2191.25260279793,,,2,,relleno
9148.539873817399,25680.966379516485,2137.395936433534,,,3,,relleno
9159.596002312794,24059.30333830698,2072.1419661043337,,,4,,relleno
8958.79791209868,25504.900420870326,2071.2733077867497,,,2,,relleno
8996.021186310996,24430.660352954408,1987.571143595863,,,4,,relleno
9082.759950171727,25018.613198917807,2249.991923875325,,,2,,relleno
9162.342874279115,24266.98755839015,1916.5505997528826,,,4,,relleno
8972.283868220748,24871.177893548447,2195.3068945258005,,,2,,relleno
9223.170315946638,24630.634692472846,2242.2384707744163,,,2,,relleno
9022.522369498485,24435.16893329083,2164.6489175687198,,,2,,relleno
9320.024453815045,24375.141979022526,2085.2790688532523,,,2,,relleno
9240.333120486914,24236.447668762736,2035.3023072192475,,,2,,relleno
9079.688928347136,25101.09091655125,2252.8829290914996,,,2,,relleno
9034.909899378259,24584.59946832458,2176.680853812799,,,2,,relleno
9033.14737798099,25943.839858052765,2213.6716750396745,,,3,,relleno
8909.170559384249,24188.220885672326,2116.228973205935,,,1,,relleno
8914.501421025572,25110.086674386712,2215.7530402196694,,,2,,relleno
9109.515965863959,24724.993836262853,2010.9628919630443,,,4,,relleno
9232.907146256608,24747.280865019973,2065.4540415751408,,,2,,relleno
9288.394609211206,24774.739451187248,2137.4284935817604,,,2,,relleno
8998.05094057079,24160.238088546135,2073.499150117259,,,1,,relleno
9054.664288248494,24239.367005081054,2139.7487348190793,,,2,,relleno
9180.20975727797,23928.917746726907,1979.115764159638,,,4,,relleno
9199.297062191079,24558.457205068702,2037.862407857391,,,2,,relleno
9162.081057761849,24444.374257776803,2055.3989157954206,,,4,,relleno
9099.602094478565,24310.639943194754,2254.4111322291405,,,2,,relleno
9176.965440924683,24710.92798583343,2026.1579513697422,,,4,,relleno
9065.029306345365,24728.71408469796,2028.2828527451925,,,4,,relleno
9128.989582491206,24626.63621727712,2158.9913970313664,,,2,,relleno
8961.554631194213,24859.568717520153,2144.38379693294,,,2,,relleno
9190.559333522167,25047.027934186808,2101.3524900277826,,,2,,relleno
9148.960361628093,24645.23307970182,1931.731633737438,,,4,,relleno
9075.789697712662,25008.81599606055,2225.765414960247,,,2,,relleno
8999.081486781926,24934.76201146966,2221.531934441659,,,2,,relleno
9201.491294907111,24653.675330259473,2173.7211855178,,,2,,relleno
9069.829523068845,24185.175155077657,2201.3225092205776,,,2,,relleno
9190.24444519513,23898.069913916836,2015.6037352365702,,,4,,relleno
9233.559072112821,25286.45266180428,2136.139990769819,,,2,,relleno
9175.071556046625,24435.79860965131,2075.408612627604,,,4,,relleno
9171.23834296331,25169.145648938396,2188.923795918131,,,2,,relleno
8963.778689746921,25319.352292419422,2202.6331116251877,,,2,,relleno
9071.57834832838,24400.946614645072,2056.953120514149,,,4,,relleno
9036.047092146002,25795.981525988096,2207.7076710120186,,,3,,relleno
9151.621593571685,24925.27272707381,1989.928933383524,,,4,,relleno
9135.501144821847,24394.780489347857,2013.3376665367423,,,4,,relleno
9172.569833058762,25610.997618517034,2122.067846733196,,,3,,relleno
9012.937453403929,24517.42840484774,2000.8317331749024,,,4,,relleno
9340.673967388151,24499.62991114782,2074.486225614398,,,2,,relleno
9061.507908503296,25526.433566725653,2200.478364087102,,,2,,relleno
9198.967046787902,24486.318346738488,1976.2711862350234,,,4,,relleno
9142.850494477992,24007.132018222605,1960.6791616286803,,,4,,relleno
9234.52395966543,24920.265952673686,2272.7926912927837,,,2,,relleno
9028.683518156786,24905.06382362142,2080.174742315147,,,2,,relleno
9137.978879084409,24075.884320149922,1949.6542270091634,,,4,,relleno
8936.970790176418,25243.596359991327,2153.930096157637,,,2,,relleno
9237.497121496963,24458.438949301988,2109.773878705144,,,2,,relleno
9107.06148981672,24920.0324767209,2261.629624019402,,,2,,relleno
9236.855874245533,24515.62974027459,2000.7243018165618,,,2,,relleno
8936.857153935733,23990.249174394154,2154.7302348453964,,,1,,relleno
8891.45267476086,25074.059146212163,2178.1111561355833,,,2,,relleno
9245.140169334294,24654.264470538412,2204.1030486447744,,,2,,relleno
9134.801178070904,24395.966739558015,2009.993302870145,,,4,,relleno
9118.113160429742,25881.32066197217,2179.6979687164094,,,3,,relleno
9078.36495752221,25699.16422827847,2142.6137654260433,,,3,,relleno
9254.584100679422,24249.48935627428,2134.22797391687,,,4,,relleno
8968.58764443757,24507.036272892623,2220.3947265098454,,,2,,relleno
8952.380635295105,24904.050125766633,2092.7631789909688,,,2,,relleno
9213.658778187217,25446.30831462669,2236.774918873135,,,3,,relleno
9200.181563888125,25212.7770857544,2248.924594387434,,,2,,relleno
9212.513482203398,24545.10558700376,2060.502884612635,,,2,,relleno
9068.876664357123,24327.333429188628,1993.0718426768742,,,4,,relleno
8948.397452039948,24571.614118504887,2097.6647174039435,,,1,,relleno
9153.845128827157,25367.95284436747,2241.164428882604,,,3,,relleno
9146.940719138229,24187.44704073868,2004.0540318431665,,,4,,relleno
9131.136486600879,25724.085063076276,2230.785826342285,,,2,,relleno
9035.75263801736,24288.073441172604,2056.2244557680137,,,4,,relleno
8884.814801397943,24701.28974090373,2124.586482151049,,,2,,relleno
9208.720822206215,24040.49758486594,1983.47046477336,,,4,,relleno
9117.406915751215,25067.03191401274,2168.2978761737654,,,2,,relleno
9051.938120217688,24251.41059090419,2014.0348968394583,,,4,,relleno
8936.889722299726,24229.97127972639,2245.8089751266257,,,2,,relleno
8906.080050666362,25027.694771094997,2161.6128905626824,,,2,,relleno
9019.961351677679,25369.241343554957,2085.8992071468265,,,2,,relleno
9133.56992306726,23833.417771934342,2040.8461897678776,,,4,,relleno
9291.833441388022,24361.111519344282,2095.012154161705,,,4,,relleno
9177.513863721644,24693.58753298638,2241.1009135276295,,,2,,relleno
9161.673103648674,24481.02134583335,1956.6592342958597,,,4,,relleno
9131.06585276351,25109.355384349015,2159.494758650973,,,2,,relleno
9128.874204627811,25217.437182204445,2180.2779048690204,,,2,,relleno
9105.848563411888,25583.810406004675,2100.939079518939,,,3,,relleno
9027.259311547194,25634.13042028425,2216.325388060325,,,2,,relleno
9126.919810513089,25301.409913287916,2055.1745777463534,,,4,,relleno
8945.610352090047,24257.869732458974,2100.422899972726,,,2,,relleno
8968.348782713252,25547.690145572553,2153.1521134965797,,,3,,relleno
8955.802372845144,25168.24447901087,2191.802963356503,,,2,,relleno
9156.256884352493,25437.24733424337,2147.902219242237,,,2,,relleno
9213.133945532967,24627.591290299897,2068.3316267232285,,,2,,relleno
9222.019014977852,25332.479058083358,2169.015018064513,,,2,,relleno
9227.097611711437,25132.71726314001,2197.799550364804,,,4,,relleno
9026.644818768415,24486.964384528248,2104.906728223622,,,4,,relleno
9203.24126848799,25539.38556603843,2187.3390613059505,,,3,,relleno
9064.00196384683,25215.3486063673,2045.4986903297963,,,3,,relleno
9242.973246189757,23936.341667263805,2036.3491947518016,,,4,,relleno
9001.9433728133,24186.991777359435,2036.1692391026468,,,4,,relleno
9277.636356071622,24507.240288815094,2092.6275477971044,,,2,,relleno
9022.99183808838,24626.169164311374,1926.9974307936052,,,4,,relleno
9244.445781488883,24176.801202423332,1962.6644790062753,,,4,,relleno
9093.627607890729,24936.510771812005,2244.513684598693,,,2,,relleno
9205.461582203136,25147.335080025467,2260.685989333383,,,2,,relleno
9045.351475257938,25727.34261542571,2168.545295864176,,,3,,relleno
9062.493282432222,24553.978726572503,2027.4501020608561,,,4,,relleno
9193.681249476567,25628.957747805427,2245.837918185424,,,2,,relleno
8988.596296255899,25380.964515602656,2124.110882269996,,,2,,relleno
9005.256995083864,24825.554868970656,2162.406045214754,,,2,,relleno
9069.258312743606,24145.62194545161,2151.4541758314494,,,2,,relleno
9327.559724895269,24461.395551476162,2136.6978161478546,,,4,,relleno
9246.458723845417,25114.56717398704,2218.4273165671784,,,2,,relleno
9225.573392866932,24736.180345308792,2205.1241132542887,,,2,,relleno
9273.250654681959,24158.965433208596,2004.0788109502955,,,4,,relleno
9040.61419905202,24536.757429859517,2210.5512593147982,,,2,,relleno
9308.058853668825,24093.883815181565,2053.879349596355,,,4,,relleno
8998.358122751637,25514.24183373957,2237.165855287496,,,2,,relleno
9005.175446331798,25451.976007207315,2255.322758104725,,,2,,relleno
9057.18274810674,24549.73018739075,2133.812697687316,,,4,,relleno
9194.369289875767,25082.55759443728,2120.9515934384385,,,2,,relleno
9039.579445817604,25990.09476698136,2174.566844475738,,,3,,relleno
9209.222663047136,24550.459586578796,2199.3991089959172,,,2,,relleno
9029.18336302144,24906.055662940573,2080.9530562794293,,,2,,relleno
9124.34316282054,25490.27124567417,2260.7621402436507,,,2,,relleno
9026.95078041589,24525.821906342517,2029.5169854549483,,,4,,relleno
9287.831505243617,24658.81459786036,2166.7084258795167,,,2,,relleno
9005.462177593847,24432.095756239436,1987.7449725287427,,,4,,relleno
9105.356544602671,24935.003733906076,2265.6536011479025,,,2,,relleno
9327.013910349842,24388.335019868275,2011.1951647890405,,,4,,relleno
9047.267239294868,25647.753288041393,2215.170057508454,,,3,,relleno
8874.761920831932,25054.788439362597,2090.940024491908,,,2,,relleno
8982.637448817162,25621.77903179111,2094.1190856028634,,,2,,relleno
9099.367331075626,24230.63310832317,2135.2123116598927,,,2,,relleno
8967.383042187483,25087.263485685093,2168.5293548347026,,,2,,relleno
9077.191171334882,24423.77489421971,2220.6340049887776,,,2,,relleno
9004.107680077128,25533.2656329912,2077.0339476903564,,,2,,relleno
9071.58937518453,25343.459793469094,2246.4881283271566,,,2,,relleno
9297.418679269256,24276.29762971181,2091.1075518928224,,,4,,relleno
9101.435715965823,24821.0636379256,2114.467377415192,,,2,,relleno
9139.263314174204,23936.125625737954,2010.0242052577983,,,4,,relleno
8977.09915482377,25503.33627859563,2075.5805142233867,,,2,,relleno
9038.840420203162,24750.474378088908,2020.823262499461,,,4,,relleno
9077.695964102633,25127.72498712809,2016.3355444898,,,3,,relleno
8946.948213666059,25216.722378042366,2173.633369053241,,,2,,relleno
8859.733839745226,25345.86905227967,2100.5966176497877,,,2,,relleno
9064.814370426117,24098.647267404547,1976.1374728470046,,,4,,relleno
9040.204515502493,24633.93702415662,2128.868923807133,,,2,,relleno
9028.227716885714,25533.737698883688,2119.751863428278,,,2,,relleno
8936.995291905423,25527.321650222406,2205.8793377614684,,,2,,relleno
9310.470293308977,24263.9977844365,2134.567196746948,,,4,,relleno
9139.340755240399,25410.034038217796,2245.402059066067,,,2,,relleno
9030.608369937412,24860.382804920075,2154.609593189397,,,2,,relleno
9237.99858531023,24726.69307275146,2011.9444635830823,,,2,,relleno
9203.060134848869,24108.02920330513,1956.23340292093,,,4,,relleno
9006.032949903196,25463.474427917048,2242.770617620087,,,2,,relleno
9088.729084485543,24570.909367217515,1967.8148417670168,,,4,,relleno
9013.809336530321,24874.602569898536,2116.1355638453792,,,2,,relleno
9207.23840860657,24420.25427599002,1978.982397202883,,,4,,relleno
9049.309567263344,25517.448550951816,2106.1469245125177,,,3,,relleno
8860.179180620446,25416.648243193096,2102.6835273052598,,,2,,relleno
9076.295892636299,25336.834616454027,2037.312051503503,,,2,,relleno
9196.456117210828,24078.980414668935,2056.058401930631,,,4,,relleno
9136.254439478713,24445.177810205845,2056.653440338429,,,4,,relleno
9016.28688525503,24538.611963485335,2141.329110902731,,,2,,relleno
9065.511404729103,24751.518781166793,1917.7423939801704,,,4,,relleno
9185.048505711346,24493.807289079632,2095.131554665806,,,2,,relleno
9198.775423063942,23993.58420350868,2099.8164266489084,,,4,,relleno
9191.566328179788,24502.127312624427,2213.3249263374414,,,4,,relleno
9220.614108040525,24786.05750209872,2032.0135903674282,,,2,,relleno
9240.895006193752,25191.437038744036,2199.6535507615754,,,2,,relleno
9041.926637163142,25845.058670785485,2249.0349431652126,,,3,,relleno
8902.629621236572,25555.50983042019,2119.9383990229826,,,2,,relleno
9188.552575810729,24618.138332465864,1938.6163897111096,,,4,,relleno
9189.757380788364,25341.249852101333,2114.7148763984246,,,2,,relleno
9064.578897728888,25604.82493974342,2056.5519553014815,,,3,,relleno
9098.552878790084,24497.04769055977,2166.5081247097073,,,2,,relleno
9208.23015685139,25507.40284373574,2270.1449535568604,,,2,,relleno
9241.963304600173,24376.40515629406,1984.3365381011386,,,4,,relleno
8953.022831264703,25183.513513912,2127.550826423736,,,2,,relleno
9277.12766835573,24665.12451838577,2136.049526982535,,,2,,relleno
9032.897730987253,25339.48071265261,2187.183935598217,,,2,,relleno
8924.19425827111,25147.382830005885,2203.9575271861727,,,2,,relleno
9097.056359055732,24961.74662834842,2268.581808551001,,,2,,relleno
9033.469705201494,24533.936750564957,2221.3590617650007,,,2,,relleno
9139.985674270674,24362.98308830278,2068.722209660942,,,4,,relleno
8950.420435126121,25662.842419954224,2185.9067267681153,,,2,,relleno
8994.703872307535,25647.79676778786,2245.9490132199658,,,2,,relleno
8934.453169577524,24873.5233395389,2249.2440842236183,,,2,,relleno
8954.487930350895,25128.768777187386,2042.8284421911605,,,2,,relleno
9116.19895104576,25431.307261589667,2218.4567698299034,,,2,,relleno
9243.526723153798,24265.42755440758,1951.9269674237428,,,4,,relleno
9027.838115039018,24110.32416254807,2113.613545904784,,,2,,relleno
9169.089207743347,24902.501378409423,2261.236717082844,,,2,,relleno
8894.928183973632,24712.928274328206,2056.2219289303266,,,4,,relleno
9216.963079463034,25480.273097156314,2205.709792173852,,,3,,relleno
9037.24237529923,24824.436967508067,2130.3023078091005,,,2,,relleno
9099.164927523294,25659.561087352544,2202.041002116197,,,2,,relleno
9194.195388868287,23981.222784884267,2027.4082044484994,,,4,,relleno
9268.375657042008,24371.735683449937,2110.789078130498,,,4,,relleno
9067.908476900222,24774.56103942133,2271.9233577277046,,,2,,relleno
8965.503273942153,24411.34348201149,2095.5952545216796,,,1,,relleno
8961.15297884379,24011.935384922577,2036.0118811920158,,,4,,relleno
9211.619269613419,25478.687280231436,2237.4474879132626,,,3,,relleno
9179.694687608584,24722.03748506448,2184.6415513867237,,,2,,relleno
9068.072134471497,25083.15220659767,2010.9327084110946,,,2,,relleno
9041.156561651933,24322.108705467806,2044.8566764471411,,,4,,relleno
9060.011067555288,25400.94639462323,2230.8699873842697,,,2,,relleno
9067.063820091134,23938.996843444336,2135.2042652820123,,,2,,relleno
9141.288611747981,24267.015536903218,1947.6719250200608,,,4,,relleno
8979.50016588691,24563.042383189113,2101.160836610427,,,4,,relleno
9110.65490145171,24709.821103117254,2217.7990973439514,,,2,,relleno
8931.701354297118,25136.854683620066,2218.772864664638,,,2,,relleno
9096.404808644798,25070.774143533552,2215.78066632264,,,2,,relleno
8921.328064025342,24800.288327280163,2011.3103728095728,,,4,,relleno
8920.685783242245,24079.49240360362,2205.5303122779173,,,1,,relleno
9172.648438132763,24186.3615240845,2063.5519355410893,,,4,,relleno
8912.915959348178,24663.960592978023,2108.9873790799516,,,2,,relleno
9161.022886055147,24179.523748544332,2180.593089133107,,,2,,relleno
9122.079592704218,25370.56389556384,2214.951051571615,,,2,,relleno
8942.150983183896,25048.894860134493,2113.525692357374,,,2,,relleno
9032.912701364336,24501.640542681722,2228.7309589118736,,,2,,relleno
9070.457899639065,24111.95137381876,1960.293489632209,,,4,,relleno
9062.663599922676,24574.185083440418,1883.6374001747513,,,4,,relleno
8968.738932444945,25133.73742963876,2147.54877338775,,,2,,relleno
9184.45249261395,24574.038308375857,1928.2928243085219,,,4,,relleno
9169.60289105626,24428.79455701627,2034.4465159480756,,,2,,relleno
9062.314831342663,24321.735777511076,2033.7496861451048,,,4,,relleno
9058.997012733167,24383.467331078147,1905.5153003388862,,,4,,relleno
9119.785413551126,24750.57937891099,2082.827770582552,,,2,,relleno
9217.070163022057,24362.273166488387,2239.535626500752,,,2,,relleno
8997.084682364604,24099.231743226108,2019.344720856242,,,4,,relleno
9156.84419457547,24996.54223196312,2051.9873609816,,,4,,relleno
9241.734396775702,25101.95670963515,2218.5432681784473,,,2,,relleno
9261.559553024346,24037.587800958605,2082.302318458732,,,4,,relleno
8912.364440173733,24326.267313390526,2208.857208785464,,,1,,relleno
9128.295006564776,25555.061816696685,2102.540942034678,,,3,,relleno
9282.478662969654,24545.214997601473,2049.342955417846,,,2,,relleno
9077.334448181426,24646.42542308269,2018.9687944712691,,,4,,relleno
9240.91516442216,24272.753383818934,2174.584479216836,,,2,,relleno
8946.192865748799,24979.505186772265,2010.920647600817,,,2,,relleno
9283.010722174487,24391.99603662335,2192.3109540151604,,,4,,relleno
9009.729493626388,25705.94318492371,2256.4260291099904,,,2,,relleno
9201.026844848135,24408.5137178161,2138.19322551354,,,2,,relleno
9000.226286622225,24541.203334836646,2151.5169211014863,,,2,,relleno
8998.18500257133,24346.207050268833,1996.3202854076724,,,4,,relleno
9064.09499799316,24729.588947073244,2092.876229561687,,,2,,relleno
9116.189786543706,25379.764651885158,2115.1314497789363,,,2,,relleno
9028.23764843558,25663.887617107313,2081.7075796967824,,,2,,relleno
9077.977774114732,24866.83616547436,2172.220290025381,,,2,,relleno
9177.647268766565,25779.521403527015,2260.798346860134,,,2,,relleno
8994.588115677403,24968.151614391056,2166.322122072512,,,2,,relleno
9064.036583383928,23987.923654342343,2045.4373298536443,,,4,,relleno
9075.274705998825,24019.829413352774,2086.672355379965,,,2,,relleno
9078.207665105883,25632.668916952032,2192.5645414882647,,,2,,relleno
9020.637212844194,25776.886229793974,2270.5917036230762,,,3,,relleno
9146.966587388675,24117.841641565017,2097.979860842535,,,4,,relleno
9222.633295441972,24327.0432671182,2152.5577321787423,,,2,,relleno
9151.46409164042,24493.22162386138,2155.746877193137,,,2,,relleno
8916.059388656862,25144.356507392866,2159.644476742257,,,2,,relleno
8913.487090588762,25079.478601038554,2095.048080309641,,,2,,relleno
9045.446363091009,24912.097887281645,2198.9280955837457,,,2,,relleno
8974.30775798932,24632.37264614658,2244.5699201560474,,,2,,relleno
9180.911205278138,23835.1987614056,1968.5803536875742,,,4,,relleno
9193.5016946884,24484.28519603295,2208.9851515561213,,,4,,relleno
9002.370910247542,25374.084416142996,2169.0290661847876,,,2,,relleno
9064.624167950678,24238.493796447892,2241.6266628943363,,,2,,relleno
9175.013917796445,24922.377038029135,2160.4358272877253,,,2,,relleno
9194.732883088553,24924.843941351894,2218.89238191885,,,2,,relleno
9243.289205878116,24332.235389513397,2216.6683320091383,,,2,,relleno
9075.172218538262,25459.547193376995,2047.489231279127,,,2,,relleno
8903.579302200123,24874.0311372406,2147.958613042167,,,2,,relleno
8894.074018768011,25125.46942461681,2186.770682377084,,,2,,relleno
8928.902357346848,24424.784339576014,2187.7042853835624,,,2,,relleno
9154.794083231769,24291.432374385393,2116.731192729593,,,4,,relleno
9177.835838270197,24728.085932068618,2261.9580048742187,,,2,,relleno
8931.696534240838,24553.784422303463,2066.4474858129433,,,1,,relleno
9247.085788410326,24821.619626136104,2209.9966253204816,,,2,,relleno
9235.085003335324,24460.4032378556,2168.1877728071345,,,2,,relleno
9095.568202824415,25621.62470399038,2194.1307581589504,,,2,,relleno
8962.782649667099,24124.191695150457,2201.970798712096,,,2,,relleno
8978.0469118115,24481.84717816609,2044.095640499443,,,4,,relleno
9050.33425488111,24292.781190227477,2171.526240885465,,,2,,relleno
9146.551836580344,25007.386397630216,2164.2574373822117,,,2,,relleno
9243.493237706372,24669.133575819233,2135.364300659661,,,2,,relleno
9062.51461581729,24035.663341907853,2043.2214061939087,,,4,,relleno
9218.84409990082,24808.397509573322,2072.5625619126627,,,2,,relleno
9090.757332355259,24681.691440962135,2040.8415105106958,,,4,,relleno
9102.372592385818,24626.76012349702,1909.340157586154,,,4,,relleno
9045.699145831557,24561.985262684615,2183.01499321348,,,2,,relleno
8904.273649159768,24784.97154577732,2154.5186662875626,,,2,,relleno
9188.343580538585,24059.89104885755,2051.801740739933,,,4,,relleno
9065.080052969786,24589.05804937092,1969.3372856706217,,,4,,relleno
9180.767528165408,24530.728312017865,2215.858318621189,,,4,,relleno
9044.861328416979,25291.249789889316,2241.84795824191,,,2,,relleno
9146.94493048526,24619.689097918814,2091.859101460645,,,2,,relleno
9047.254075463468,24329.58801985983,1926.5356812870864,,,4,,relleno
9148.130869694258,24410.406597579127,1981.879170368004,,,4,,relleno
9149.777108396584,25230.842065608387,2264.85413879137,,,3,,relleno
9112.072261670264,24456.923649090448,2180.115820454189,,,4,,relleno
9111.814478440436,24504.74214054386,2002.0867480332763,,,4,,relleno
9193.206926151093,25069.251253296246,2247.2569588755987,,,2,,relleno
9229.750680468293,24963.146803894353,2163.923069573693,,,2,,relleno
8980.113011103944,24968.362516552497,2186.189300210285,,,2,,relleno
8933.007299253306,24988.24529227692,1998.9526691580047,,,2,,relleno
9195.044154550456,24783.538379039,2161.8802444968824,,,2,,relleno
8945.028493446365,24428.555230744365,2154.3989020886042,,,2,,relleno
9191.84033727073,24403.785828428943,2212.386997371921,,,4,,relleno
9175.218475573896,25247.667580869183,2121.5482536549425,,,2,,relleno
9076.626031031235,24281.13463946903,1976.2068578645615,,,4,,relleno
9143.614816981031,25535.5227507518,2171.8781811478025,,,2,,relleno
9047.101218411683,24774.716368428464,2226.2904960195947,,,2,,relleno
9080.709742644909,24231.539483010234,1914.5760722331115,,,4,,relleno
9027.207257582255,24657.139940239682,1920.3554300397413,,,4,,relleno
9132.514040189792,24550.878476523536,2084.6558001271133,,,4,,relleno
9079.675135000689,24848.67594648273,2093.1755944190463,,,2,,relleno
8978.76255471565,24406.061618056872,2211.9981962359507,,,2,,relleno
8995.308704364816,25778.483583758887,2116.0239869042316,,,3,,relleno
8944.503948049573,25032.683059336163,2046.8073425153368,,,2,,relleno
8948.134654328247,24944.339277592335,2091.7628327486113,,,2,,relleno
8953.85163905523,25045.34524201882,2123.5930645257163,,,2,,relleno
9095.984736752269,25454.553386356223,2050.409947889812,,,3,,relleno
9119.479039774022,24713.2388009783,2217.7266461074023,,,2,,relleno
9157.581800367288,24702.800937813012,1994.748637156818,,,4,,relleno
9148.821041814876,25579.869834196146,2231.352362296412,,,2,,relleno
9093.539940875911,23939.54785263937,2078.8297463742215,,,4,,relleno
8994.828561311455,25753.51413776254,2159.9020829934784,,,3,,relleno
9146.90621409216,24358.42683341954,2002.4568343782246,,,4,,relleno
9005.289442824595,24763.959717533726,2237.7911155766888,,,2,,relleno
9002.0169320345,24782.04543233252,1983.1978485069783,,,4,,relleno
9160.862687113597,25242.653474895542,2144.364653944572,,,2,,relleno
9065.742960912197,23926.56291029349,2098.3035649478334,,,4,,relleno
8991.291657355005,25560.656471920163,2094.541524639325,,,2,,relleno
8972.290642025671,24829.42234628888,2068.0287297974023,,,2,,relleno
9106.679217922681,24802.528674602065,2277.448769157533,,,2,,relleno
9245.786408150003,24422.8968053351,1966.0885430408168,,,4,,relleno
8973.744520688278,24647.051231684236,2133.590652380433,,,2,,relleno
9125.528355714954,25364.18220193079,2144.2801644887436,,,2,,relleno
9074.880901075783,25652.690011129373,2293.7085526705673,,,3,,relleno
9148.90294141166,24614.602723080963,1933.6813965835331,,,4,,relleno
9234.590030794909,24177.483132178542,1966.013720459883,,,4,,relleno
9044.786138210608,24062.148543239095,2027.1990838037243,,,4,,relleno
9179.135605792504,24295.90030226205,2124.646910394846,,,4,,relleno
9033.92695798107,25036.987247410187,2250.7418412947172,,,2,,relleno
9148.042284517795,25953.493726030105,2288.272020479497,,,3,,relleno
9180.166901832772,24757.07532684829,2155.0828715430275,,,2,,relleno
9281.410387236223,24580.436047044062,2105.5329796953815,,,2,,relleno
9059.415882726502,24920.239482375597,2148.608579460732,,,2,,relleno
9191.305875685654,24296.375046600013,2164.5167316750794,,,2,,relleno
9229.272020732766,24986.233325652014,2162.03771904852,,,2,,relleno
8957.019631100833,24831.316238792966,2160.0083129583095,,,2,,relleno
9198.156328823923,24667.24616133716,2169.417357559816,,,2,,relleno
9050.720275529526,24146.50375702119,1960.6678029776451,,,4,,relleno
9329.16055859196,24431.913850049834,2127.044221043167,,,4,,relleno
9127.56987512992,25272.62076199387,2102.0748219407114,,,2,,relleno
9050.327202860724,24663.1533840268,1996.115236589522,,,4,,relleno
9313.125059218573,24346.607052311592,2044.532943201808,,,4,,relleno
8980.811644175616,24418.864431597904,2159.459452765633,,,2,,relleno
9126.260529290013,25120.80723072334,2233.7591402949706,,,2,,relleno
9201.052592478769,25302.14612495213,2122.854531687078,,,2,,relleno
9146.014775234402,24417.97288431765,2130.0091185529327,,,4,,relleno
9216.09203802129,24800.119107920775,2239.7055474015347,,,2,,relleno
8985.128057739423,24314.023975594027,2200.0819127402347,,,2,,relleno
8959.80001080925,24309.811032872887,2144.1233192532904,,,2,,relleno
8966.559474268626,24339.57403877376,2222.462225539945,,,2,,relleno
9044.96655257588,25895.845452338104,2227.996456447314,,,3,,relleno
9242.22998859129,24619.681093304982,2014.317640921865,,,2,,relleno
8880.256170157982,24551.494512101704,2145.494720658013,,,2,,relleno
9175.67808754273,24636.12844419573,2032.7952170267274,,,2,,relleno
9070.654972197297,25948.275414762164,2196.254944392325,,,3,,relleno
9053.316109104037,26019.279267417653,2221.1675222269623,,,3,,relleno
9179.160825458215,24217.016466176014,2202.4916901615957,,,4,,relleno
8964.626837159587,24386.714204222022,2057.267868332424,,,1,,relleno
9010.059095863404,24601.061888123033,2038.5935248016126,,,4,,relleno
9149.509824683502,24794.228109776486,2229.324687054432,,,2,,relleno
9135.855488384286,24934.383268295805,2122.866629758115,,,2,,relleno
9028.522515286502,24636.636691038817,2040.2309155156743,,,4,,relleno
9057.108102409486,24167.775207160143,2159.6184585666792,,,2,,relleno
9224.976444114523,25147.10323901323,2199.300458939468,,,4,,relleno
9178.112431269656,24029.066059951,1929.908094423038,,,4,,relleno
9332.31547374396,24574.582371726086,2148.9133989090096,,,4,,relleno
9035.705808953928,24226.47167985759,1982.731079473916,,,4,,relleno
9023.755173881555,24747.906112446577,2176.052654457235,,,2,,relleno
9170.068799216411,24791.267387423606,2014.7067271942428,,,4,,relleno
8965.321328267037,25328.405004454733,2192.1309709697844,,,2,,relleno
9184.852190061747,24253.22234797387,2007.9544522609476,,,4,,relleno
9235.22067832832,24123.2985664708,2098.4625472850657,,,4,,relleno
9161.202969739386,24291.67497053539,1978.5321913629016,,,4,,relleno
9041.334993860884,24541.712434966987,1886.436976485043,,,4,,relleno
9058.13225689442,24023.591473900815,1975.919346386719,,,4,,relleno
9012.832651909584,25072.93903401895,2128.444570577167,,,2,,relleno
9191.550605969034,24361.012521425222,2146.1395593682228,,,2,,relleno
9082.381384233999,24389.20983897098,2119.6905213068553,,,4,,relleno
9261.220624656671,25043.286062797368,2227.479886199921,,,2,,relleno
8992.28248543613,24407.81897990551,2188.6296231136284,,,2,,relleno
9178.46049339015,24465.216526735905,2134.298836799965,,,2,,relleno
9203.749052973433,25179.632702966792,2261.3044927069654,,,2,,relleno
9160.432875096792,24648.26714139418,1946.40582570534,,,4,,relleno
9189.176032548972,24954.14141088236,2005.7795238015053,,,4,,relleno
9152.775086397758,25361.865705686287,2222.9782489739505,,,3,,relleno
9047.69638236188,24610.74577315027,2193.3597125749798,,,2,,relleno
8944.067212102545,24394.788568306216,2071.4719045526895,,,1,,relleno
8962.781025124601,24730.627344971548,2018.4591330317776,,,4,,relleno
9102.239843592331,24556.12679525441,2248.3315510015746,,,2,,relleno
9311.318142773194,24155.59767817818,2010.3394111745956,,,4,,relleno
9079.03949154535,25104.025485415015,2048.149109116272,,,2,,relleno
9198.830191923922,25070.273071608928,2029.6128106145356,,,4,,relleno
8944.903281403653,24508.215196894507,2100.1812479443665,,,1,,relleno
8934.96126769944,24294.101534937134,2179.8100400519065,,,2,,relleno
9165.924732678055,24462.035792549643,2025.391604268679,,,2,,relleno
8989.36342321137,24797.481148285053,1943.8131661732207,,,4,,relleno
9090.8650653666,25137.958980319192,2016.6928919664413,,,4,,relleno
9236.547366980285,24890.068402275025,2224.01023968966,,,2,,relleno
9278.11250868564,24882.04879622647,2115.9132572070207,,,2,,relleno
8984.392807658338,25025.82157482549,2246.4194506413533,,,2,,relleno
9036.73637098336,24385.617316578715,2244.714668529829,,,2,,relleno
9065.254706514308,23778.873335254684,2001.1807826635104,,,4,,relleno
9087.417963320431,24706.900173561524,2086.1245757105103,,,2,,relleno
9085.20068569965,25889.87765279049,2126.601643183424,,,3,,relleno
9065.633423282447,24429.375472033098,2156.984584330824,,,2,,relleno
9028.868063768352,25126.650580641075,2084.9438436624305,,,2,,relleno
8992.26200898935,25355.477157948557,2047.1886971541542,,,2,,relleno
9232.218146558414,24487.10108052785,2195.349833225077,,,2,,relleno
9253.650474285947,24122.82751704495,2059.5026563692154,,,2,,relleno
8967.45877448576,25745.235498407044,2180.68529313645,,,3,,relleno
9187.921120006955,24646.542765297003,1985.0741463324673,,,4,,relleno
9188.434467590601,24008.295482138674,2063.90725937114,,,4,,relleno
9047.719395184331,25385.808120043293,2063.1813016678316,,,2,,relleno
9138.47430498834,24978.490460308352,2109.133782229695,,,2,,relleno
9024.459627315427,24226.941463207593,2052.5465714550096,,,4,,relleno
8962.821960035248,24067.660073065523,2184.577686182203,,,2,,relleno
9097.052845142503,25687.544419806243,2192.7956753532712,,,2,,relleno
8959.423208508324,24771.68775860762,2086.291859767246,,,2,,relleno
9218.32539198695,24013.43699095885,2021.437529819899,,,4,,relleno
8867.620201064043,25395.482887268216,2062.648453897857,,,2,,relleno
9171.562498188143,23969.53982478799,2073.7179234239256,,,4,,relleno
8908.449258970277,24592.655338915458,2064.0173041447147,,,1,,relleno
9249.35997973437,24203.677873296187,2154.8610107579193,,,4,,relleno
9053.402338838678,23830.942212954997,2001.8918485952192,,,4,,relleno
9254.445542390155,25016.15876007713,2093.6479328521605,,,2,,relleno
9205.970139432658,24201.47792935395,2033.7491505855587,,,4,,relleno
9078.69291968169,25271.563967746533,2229.7049203922325,,,2,,relleno
9227.33505712445,24573.631243277247,2218.686940968725,,,2,,relleno
8978.488770749396,24309.62726286313,2091.949507448973,,,2,,relleno
9104.310106413159,24384.603428940714,2219.5621250595736,,,2,,relleno
9080.304206832547,25525.371159009115,2290.0719474108932,,,3,,relleno
8964.293211893164,24366.11902092885,2022.8997879732758,,,4,,relleno
8939.359460644704,25021.07172413644,2054.951496655319,,,2,,relleno
9207.597273302466,24444.09121091326,2029.9522634684727,,,2,,relleno
9061.589963477452,25932.004862109086,2233.8681865729245,,,3,,relleno
9113.0067215785,24283.843427624874,1981.4223650864958,,,4,,relleno
9246.970039819254,24147.643372191535,2015.8354290822542,,,4,,relleno
9247.094042553326,24554.00494926509,2255.797750380832,,,2,,relleno
8963.546161266137,25579.804839891476,2160.7782344722427,,,3,,relleno
9003.268509030015,25789.15639969216,2120.54954072455,,,3,,relleno
9132.781460187149,24191.087670323956,1981.6403451583571,,,4,,relleno
9177.720656776286,24183.341969276684,2119.612181915967,,,4,,relleno
9264.798501966676,24491.33143338314,2096.1961070876123,,,2,,relleno
9098.282912496428,24858.386397914295,1933.2957994912156,,,4,,relleno
9043.684796376603,23951.107878601495,1998.0725842705285,,,4,,relleno
9147.70103504102,24788.162242042086,2024.7452700006227,,,4,,relleno
9045.728402812843,24853.028850369148,2081.126264956791,,,4,,relleno
9144.15169560922,25347.756083589917,2068.783048788157,,,4,,relleno
9016.5374729217,25498.664594549504,2089.7506429548157,,,2,,relleno
9095.747361211106,24322.105262596386,1952.547812848119,,,4,,relleno
9161.391954625138,25664.11909123372,2247.001145472526,,,2,,relleno
8912.847680900455,24347.969565444695,2164.616183319992,,,2,,relleno
9035.320407134972,24689.069075317442,1898.9256608328615,,,4,,relleno
9209.872014807182,23797.94794971287,1969.6853506467503,,,4,,relleno
9100.038984923276,25949.24362244217,2294.7436272340187,,,3,,relleno
9018.719713013541,24813.817925205385,2077.551412399746,,,2,,relleno
9050.049537865312,24625.81371254659,2093.484110312993,,,4,,relleno
9000.93406901533,25305.904808632542,2272.3168364179774,,,2,,relleno
8969.32891489486,25514.384734725947,2223.2501117359707,,,2,,relleno
9260.332839402197,24576.491564532796,2214.8210839233766,,,2,,relleno
9329.000738690565,24161.672603273448,2029.603398528383,,,4,,relleno
9177.535200020959,25221.26784549858,2071.4028201730125,,,2,,relleno
8916.54765318654,25141.973053546088,2194.138708046337,,,2,,relleno
8898.839125466162,25095.01649106492,2113.23394145617,,,2,,relleno
8929.337130767266,25406.82869229501,2168.4660643197285,,,2,,relleno
9115.132115219381,25089.91944258491,2119.33201407271,,,2,,relleno
8883.044528251188,24168.554620544895,2146.4658940317545,,,1,,relleno
9008.181427510965,24889.608510127455,1967.1286013909762,,,4,,relleno
9239.965423459578,24232.64006295732,2116.2978036719915,,,4,,relleno
8967.993639129509,25556.51891097324,2107.6723974924407,,,2,,relleno
9053.8207522451,25430.854474741278,2051.293176361955,,,2,,relleno
8942.134296470747,25199.592319365533,2083.4745946974376,,,2,,relleno
8967.842335049905,24174.73220071756,2109.4620342196295,,,2,,relleno
8877.568549278443,24590.972353700676,2193.367841591126,,,2,,relleno
9021.681233952944,23871.16704069238,2121.291156883057,,,2,,relleno
9000.814546431166,25148.421563552933,2059.905955809215,,,2,,relleno
9122.204467807393,24755.882548044592,2025.4606404941503,,,4,,relleno
9125.603826673952,25498.54153968075,2159.546814442607,,,2,,relleno
9259.57208282016,24876.453578338238,2228.1024266285035,,,2,,relleno
9203.876708786009,25166.719698341418,2134.7978147664166,,,2,,relleno
9116.741279401846,24599.769856305233,2010.1052811278857,,,4,,relleno
8991.023159515331,25702.63138091994,2172.0748732717575,,,3,,relleno
8978.305883793795,24496.026158314882,2126.8569205163885,,,2,,relleno
9155.834189422214,24655.7641632631,2162.46841726082,,,2,,relleno
9243.867366747569,24315.856119399654,2166.32172960777,,,4,,relleno
9010.059232574707,24283.683955958295,2000.792214487218,,,4,,relleno
9126.179415010534,25782.623289079,2298.076296546334,,,3,,relleno
8984.974419039507,25584.858787494748,2128.321853830992,,,3,,relleno
9059.526361419039,23783.631551898547,2018.2291914770715,,,4,,relleno
9113.311065327174,25861.518096387666,2137.1285120086236,,,3,,relleno
9096.146313783285,24190.144010253163,1966.9647379759895,,,4,,relleno
8958.464923944231,23970.497658305612,2069.774026393822,,,1,,relleno
8958.541639729661,23992.716031035336,2104.7368352241006,,,1,,relleno
9253.64289867671,24663.908681597426,2245.2314716474284,,,2,,relleno
9145.977170945227,25204.216432801615,2097.245191158517,,,2,,relleno
8928.893130243037,25159.712251647103,2093.725400657039,,,2,,relleno
9091.49952082747,25621.49914595103,2290.1524401840134,,,3,,relleno
9108.01321078952,24357.229789568515,2208.1927237773452,,,2,,relleno
9207.034711886177,25266.100262170832,2255.380371669598,,,2,,relleno
9057.416799937917,25464.761934403457,2238.098678597671,,,2,,relleno
8925.799011687961,25289.05480276536,2213.5207883720054,,,2,,relleno
9226.891844034919,24079.66148772814,2011.3452999482668,,,4,,relleno
9063.198164720896,23895.02273128536,2104.4881215641976,,,4,,relleno
9086.47113678101,25110.24315657779,2218.1925548675868,,,2,,relleno
9020.289523837133,24955.158883440152,2008.6167164558824,,,4,,relleno
8938.797108998886,24572.94624233451,2053.6483440164398,,,1,,relleno
9183.58111451557,24511.461122612884,2053.1225695155936,,,2,,relleno
9029.334420564299,24824.97626514799,1921.8075915841255,,,4,,relleno
9187.320968446977,24341.434619221076,2048.461871271918,,,4,,relleno
8928.04115830574,24964.249973472324,2241.66905196632,,,2,,relleno
8895.747921527221,24106.725743973166,2183.129326622316,,,2,,relleno
9250.339209899847,24781.26545290537,2268.5759306155896,,,2,,relleno
9214.430311905844,24242.85202893378,2118.0845816990577,,,4,,relleno
9134.374679076644,24939.879363861004,2275.0283510543168,,,2,,relleno
9009.041688997959,24703.315378476775,2171.510012964039,,,2,,relleno
8924.071688322247,25629.61025861401,2103.0601082246253,,,2,,relleno
9075.063706552652,25335.581543518238,2277.3613175858045,,,2,,relleno
9056.024038841586,25248.40400541939,2243.9719201460293,,,2,,relleno
9110.523228500557,24016.92512139222,1964.9117887754587,,,4,,relleno
9069.388247993707,25471.189083311972,2089.9057243452507,,,3,,relleno
8945.387501934787,25233.7008067872,2109.6148343563545,,,2,,relleno
8879.701458500576,24437.242454085022,2158.4870710523105,,,2,,relleno
9100.489728848455,24238.842768618073,2085.323744539895,,,2,,relleno
9121.30301520296,24212.064673201814,2154.1230866610367,,,2,,relleno
8885.970283029928,24766.477836006143,2066.899466167571,,,4,,relleno
9109.413145137012,25964.734885311576,2285.2970871088714,,,3,,relleno
9019.302259422007,24050.595558097106,2161.2462038256717,,,2,,relleno
9014.148099570604,24445.754824004547,2124.3028532820313,,,2,,relleno
9107.394596339294,25214.9067365264,2107.2300615471545,,,2,,relleno
9266.344422246386,24587.935928325092,2149.513674685687,,,2,,relleno
9140.711440553116,25077.53779746048,2006.6973534034162,,,4,,relleno
8885.882647131542,24684.02646202947,2158.8022096874056,,,2,,relleno
8901.086514542902,24480.9227791975,2177.7780245651666,,,2,,relleno
9248.656174948937,24704.767159055988,2220.347877723271,,,2,,relleno
9090.929774726568,24915.552567188468,2052.3518076791515,,,2,,relleno
9078.483339002725,24377.81025418903,2135.2682478928677,,,2,,relleno
9208.39712093647,24382.3105449875,2227.0360708422154,,,2,,relleno
8976.074660402692,24651.286855501017,2023.7679792223048,,,4,,relleno
8961.423905765425,25549.994411616535,2102.646587502575,,,2,,relleno
8918.027610574716,25219.004423009716,2224.0051267156578,,,2,,relleno
9110.56305129894,24385.809400301663,1987.1674066768426,,,4,,relleno
9169.010783622798,24389.275701354916,1907.6274225292777,,,4,,relleno
9066.278704855888,24855.418781823435,2069.8417816848073,,,2,,relleno
9138.465815757547,24346.31727150241,2153.8094754420554,,,4,,relleno
9048.561103719458,25326.488865582276,2227.2186613969393,,,2,,relleno
9037.810567637007,25713.934181821274,2271.847066227503,,,3,,relleno
8978.599550778821,25268.193343187308,2264.52527227531,,,2,,relleno
9309.39981867549,24395.84179200023,2157.8545918399495,,,4,,relleno
9077.129665931974,24992.14757993763,2021.8794054671007,,,4,,relleno
9006.160579690535,24874.447165262216,2145.9963728488838,,,2,,relleno
8949.571972901727,25614.056938998514,2139.1126233060354,,,3,,relleno
9273.008653550272,24483.97987757122,2165.8711323317307,,,2,,relleno
8884.072689826677,24451.349072661167,2157.244642022158,,,2,,relleno
9288.085030433273,24339.07208989614,2222.195882183247,,,2,,relleno
9046.740161692027,24899.845224704357,2053.5249152009133,,,2,,relleno
9063.608018694928,25006.43503249404,2069.5853362066405,,,2,,relleno
8984.990196736762,24073.885102275657,2138.1166083943917,,,2,,relleno
8962.02470217093,25547.101426290254,2205.710360659996,,,2,,relleno
9133.319652065868,25338.35097966038,2150.7566879727715,,,2,,relleno
8996.680293976953,24376.083407920563,2004.1321698251843,,,4,,relleno
9141.755026303816,25270.84485761406,2216.6726129443177,,,3,,relleno
8981.410749270037,23774.88789818767,2090.079074869384,,,1,,relleno
8909.965934809425,24544.91064804538,2147.3506335061616,,,2,,relleno
8983.660421825258,24947.001723861882,2086.355325624856,,,2,,relleno
9082.978466255548,24702.20516976868,2081.661198687348,,,4,,relleno
9277.11864418627,24244.64202381953,2208.6024955056123,,,2,,relleno
9221.113607183492,24258.61711939063,2002.5681018642767,,,4,,relleno
9300.865328271972,24525.53620524807,2170.617207135083,,,4,,relleno
9065.647744451564,24090.89566619498,2135.5306856095963,,,2,,relleno
9278.797841657164,24580.954765504626,2109.877360087514,,,2,,relleno
9174.32857139663,24186.373268564446,1947.3866054018347,,,4,,relleno
9223.328831005234,25235.07793098237,2240.55792688457,,,2,,relleno
9240.61873340877,24617.9880129205,1987.8243571773787,,,2,,relleno
9153.97568162381,25426.940712850686,2241.2792975507587,,,2,,relleno
8979.159357364546,25362.73158242412,2224.6569648661953,,,2,,relleno
9308.52690720381,24548.40701546959,2214.9813462647976,,,2,,relleno
9034.771076881854,25516.493894654937,2105.0399346109493,,,2,,relleno
9092.696294374888,25389.005517169146,2170.098912401355,,,2,,relleno
9228.387425007224,24943.348856363362,2061.1423278858883,,,2,,relleno
9047.612218623972,25335.71762325901,2246.2219212793393,,,2,,relleno
8925.422995050822,24898.733946352288,2051.36580282258,,,2,,relleno
9125.297274998555,23889.38658808511,2101.6154258037436,,,4,,relleno
8982.075199604064,24050.46839255945,2029.9267638507652,,,4,,relleno
9082.936189897237,24660.192606240562,2117.4963421088996,,,2,,relleno
9134.226846089146,24148.194132025696,2172.8480566523626,,,2,,relleno
9013.957993064207,25712.237611316694,2015.2216805843295,,,3,,relleno
9092.728804551967,27553.110980459434,2038.2398666736,,,3,,relleno
9088.423848950346,26591.91949029245,2200.9515734232837,,,3,,relleno
9113.225754893112,25477.555077880726,2218.7573452855127,,,2,,relleno
9004.088612806376,25652.783429601554,1989.5182618424055,,,3,,relleno
9071.258121185692,26260.934378994818,1899.8979258658003,,,3,,relleno
9027.161881793158,26446.234166230308,1792.9335994801866,,,3,,relleno
8982.913606125358,25768.900958882405,2132.042815266031,,,3,,relleno
9009.278252669375,27910.24849534107,1764.9730915295918,,,3,,relleno
9062.427001637183,25982.692890189137,2226.5146489322137,,,3,,relleno
8990.221727093332,26226.404991845135,2109.6171564131314,,,3,,relleno
8974.687398904718,25827.350412009146,1936.613608000807,,,3,,relleno
9095.79610610881,25877.58807371327,2164.189031808612,,,3,,relleno
9002.716873656189,25596.36842888022,2045.8626602136803,,,3,,relleno
9043.245273173943,27836.270674499847,1912.0267910239756,,,3,,relleno
9019.854490806882,26564.111634953315,2020.8901490824783,,,3,,relleno
9005.78542453514,28096.69355836432,1989.31978603897,,,3,,relleno
9072.184827230256,26683.09093165241,2014.0302750436701,,,3,,relleno
9047.674735974504,27075.12065481239,2024.3535955893274,,,3,,relleno
9003.220001185877,26356.8931071287,2030.2240581669319,,,3,,relleno
9038.537586044684,25999.900540776027,1833.2975124981165,,,3,,relleno
9140.633541355483,26289.608957139084,2113.9729565796542,,,3,,relleno
9038.616735695427,25507.028709654474,2284.5313802170303,,,2,,relleno
9124.827660578221,26062.78111069953,2224.740851230538,,,3,,relleno
9125.694708723753,25242.39347971554,2216.7797713320715,,,2,,relleno
9043.549843530813,26568.661527794706,2087.721922771417,,,3,,relleno
9079.716749066925,25809.347227085647,2036.8085776782293,,,3,,relleno
9074.948171630613,25261.965699850174,2234.137218969832,,,2,,relleno
9066.654689369707,27827.53343846001,1997.6688112156971,,,3,,relleno
9011.988835989629,26703.870206320127,2113.816081937629,,,3,,relleno
9047.047820169886,27161.653086251226,2200.345991185783,,,3,,relleno
8983.285710159964,25556.17313588384,2200.56887784957,,,2,,relleno
9073.842951565382,27335.812397205467,2091.7183870500176,,,3,,relleno
8988.352038667423,26180.99846754732,2043.8493296127156,,,3,,relleno
9107.648187209967,25673.813408545288,2240.7095235686443,,,2,,relleno
9027.820605108078,25373.84348811701,2111.3869017109755,,,2,,relleno
9039.150153063629,25889.54493406073,2043.6515170581972,,,3,,relleno
8975.325704660683,25315.72118751568,2139.044231910646,,,2,,relleno
9050.601710076895,27416.34363688121,2140.772446876563,,,3,,relleno
9077.89320788938,26346.97446835773,2019.8964858946297,,,3,,relleno
9081.129980662496,25892.922128957496,1996.6701584456266,,,3,,relleno
9010.135260316367,27299.759534032568,1977.1530276431515,,,3,,relleno
8994.233475558443,25389.929348012673,2155.3339190287707,,,2,,relleno
9004.183621159655,27313.738702169154,1867.9790186777268,,,3,,relleno
9048.014744029946,26717.91703289129,2142.8047898400678,,,3,,relleno
9116.658830548673,26081.417623124526,2051.758004610466,,,3,,relleno
9121.186586133688,28118.52510311544,2118.6248400365776,,,3,,relleno
9086.831923854985,28024.589076092594,2030.0200356245966,,,3,,relleno
9084.67783645253,28083.941944738202,2095.8873354734337,,,3,,relleno
9032.32285298725,26301.06656199558,1918.4209903842448,,,3,,relleno
8988.77826650049,25941.94197258081,2223.5201254909175,,,3,,relleno
9051.801977874302,27573.92910628853,2021.1061362988896,,,3,,relleno
9126.618527403663,26502.485878393116,2115.0684338570372,,,3,,relleno
8952.303781962026,28313.066232376113,1795.0736256010962,,,3,,relleno
8977.243508666354,26633.10609836422,2026.6839750513952,,,3,,relleno
9119.925639304265,26167.92968701646,2054.2287931154365,,,3,,relleno
9135.165963587073,27318.272421952708,2234.518969646938,,,3,,relleno
9044.185003415398,26150.192081963636,2263.712644096717,,,3,,relleno
9118.038011646076,26948.794208758307,2160.103856669104,,,3,,relleno
9019.406791793734,25989.714003891546,2005.9806602156493,,,3,,relleno
9156.990642571283,25206.87730057511,2217.655363887411,,,3,,relleno
9157.428711769495,26303.745397669998,2151.323454182211,,,3,,relleno
8976.495361164885,25770.03399573736,2144.170882168324,,,3,,relleno
8969.665094942642,26940.716862653822,2014.410255937615,,,3,,relleno
8966.411750331405,25724.448816868386,2166.0863599705945,,,3,,relleno
9019.131938568951,26328.31893640203,2062.857925011104,,,3,,relleno
8919.548490949706,25399.671768143886,2156.6327339891795,,,2,,relleno
9154.745203883573,25676.35156770543,2143.637724806415,,,3,,relleno
9018.599835605302,26547.858243379098,1976.406047306057,,,3,,relleno
8966.968372242056,25791.48962091339,2174.2269027637467,,,3,,relleno
9061.886775315908,28321.969948010483,1945.3534928945166,,,3,,relleno
9063.005783870085,26008.325878496278,2051.979799125718,,,3,,relleno
9027.247394115624,28531.428396335858,1907.3920098124527,,,3,,relleno
9148.569921633574,25409.77746145944,2170.8422417318707,,,2,,relleno
8970.34489380131,25532.876437013787,2110.6431101299813,,,2,,relleno
9085.942101749317,27809.30398621806,2053.994048045797,,,3,,relleno
8981.188532602726,28064.918009936802,1800.2591166973523,,,3,,relleno
9004.709556196736,27282.35506680733,1982.9038449073914,,,3,,relleno
8944.065394220537,26784.738999881996,2019.045111644058,,,3,,relleno
8965.985288303486,25727.003246876633,2035.2057925362521,,,3,,relleno
8951.19618186492,26361.695292461492,2069.2777437945465,,,3,,relleno
9035.64709076311,25795.038106931668,2233.954419644851,,,3,,relleno
9131.525585693737,25905.97918585221,2266.378052134169,,,3,,relleno
8958.049257750266,27453.018786862343,1775.8124247081137,,,3,,relleno
9126.702422316805,27494.612856686424,2148.9520144544476,,,3,,relleno
8968.475878658388,26400.40300128731,2113.2814385520087,,,3,,relleno
9154.061938370332,26488.301098718053,2211.8201884052537,,,3,,relleno
9148.865609532864,25426.042859709796,2269.07743613487,,,2,,relleno
8968.94625873631,28378.594481603584,1787.517513442594,,,3,,relleno
9005.64499398384,25597.750784104872,2181.775521781807,,,2,,relleno
9039.39639448748,25552.047787936026,2060.8234921079384,,,2,,relleno
9127.542200838729,25727.67334031798,2058.9754927977365,,,3,,relleno
8999.90305626702,26142.647784402478,1951.9782786581784,,,3,,relleno
9066.79861416687,25943.52796942232,2167.258949875958,,,3,,relleno
8983.540039074202,26722.545360631873,2138.2106183813403,,,3,,relleno
9047.239298101766,25859.68449245377,2201.0663481498427,,,3,,relleno
9046.152286390574,27144.809705295207,1957.9765287377718,,,3,,relleno
9064.286397230977,27527.8395746361,1932.597933411983,,,3,,relleno
9031.325396287557,27882.586809948927,1915.9986650914861,,,3,,relleno
8948.277492101404,26937.561066530605,2039.6554653328922,,,3,,relleno
9051.589934931459,25670.620364838564,1919.93425506572,,,3,,relleno
8938.428148965299,27736.96480898853,1842.190229692103,,,3,,relleno
9092.944281671462,27690.810853165982,2170.0134642905646,,,3,,relleno
9105.326605313543,27558.044823497952,2068.7805995334247,,,3,,relleno
9048.098566540166,27300.92506535688,1900.3678074272386,,,3,,relleno
9108.086362628317,26184.07126828171,2205.379877308475,,,3,,relleno
8986.521241094995,26200.43675920892,2184.1574324372964,,,3,,relleno
9054.954929488074,26803.985028433635,1978.36134461396,,,3,,relleno
9058.787783481675,26297.10801389855,2025.7932345034478,,,3,,relleno
8994.52403337843,26949.169316784402,1957.3409525156949,,,3,,relleno
9056.229695607602,26715.606005072998,2247.98667937993,,,3,,relleno
8926.385604053059,26749.914395798685,1985.0171683551807,,,3,,relleno
9136.129442570576,25628.762899107605,2267.371925003411,,,2,,relleno
9155.659971343795,26254.346817674836,2207.3911360111206,,,3,,relleno
9011.482773765087,26561.243125270117,2062.112927001341,,,3,,relleno
9129.504093140786,26167.62440158428,2278.9806294481177,,,3,,relleno
8966.32097802784,26433.034186174966,2097.031393151736,,,3,,relleno
9069.790993907554,27297.285274020727,1972.6139876180696,,,3,,relleno
9013.42478755295,25482.3982349448,2268.8102313841123,,,2,,relleno
8939.141209793066,25936.639677678653,2102.4772641453374,,,3,,relleno
9119.29772031804,26290.574513952306,2040.9280546553455,,,3,,relleno
9003.678197739448,26248.59561600342,1970.6991104079773,,,3,,relleno
9129.96742350483,25447.930409333087,2233.21772197227,,,2,,relleno
9002.578244810056,25933.48581485231,2068.592177159482,,,3,,relleno
9118.759371937957,25826.31144951882,2149.982417441606,,,3,,relleno
9092.841632285861,27633.144110599587,2103.261265990281,,,3,,relleno
8926.461952786829,26913.006338414223,1990.1310096423488,,,3,,relleno
8973.66933373845,28341.804975969684,1775.551385720689,,,3,,relleno
9129.209651436431,27138.02872084285,2096.3977411848227,,,3,,relleno
9141.238954430219,27027.58195336354,2223.996795521797,,,3,,relleno
9119.727821209519,27576.087820622128,2174.47255571418,,,3,,relleno
9011.167979923113,27247.136373354097,2137.417920050933,,,3,,relleno
9034.47445086274,26461.625957824006,2182.1449353999988,,,3,,relleno
8937.19373585225,26935.106744491623,1997.8346473159704,,,3,,relleno
9121.802050847813,27619.279179515735,2160.0757838200134,,,3,,relleno
8979.140230517347,25849.442063889295,2191.8467318144035,,,3,,relleno
8984.612888633219,27023.521770276224,1987.5944273901177,,,3,,relleno
9050.297247884871,26884.76344990925,2130.248315234801,,,3,,relleno
9123.772398742698,26360.752002165907,2240.802275016686,,,3,,relleno
9033.089781636994,26011.74434883969,2118.022684347522,,,3,,relleno
9173.93219887551,25394.974644127076,2214.306589281476,,,3,,relleno
9162.893785795188,25851.717414684244,2159.3460232106745,,,3,,relleno
8994.82142029808,27442.653897829936,2031.3578926809034,,,3,,relleno
9009.238669785167,25867.08245583407,2041.4145660878285,,,3,,relleno
9048.591311690952,27376.083027158682,1973.3293541111505,,,3,,relleno
9007.12785626497,26710.43475687127,2100.2875401645956,,,3,,relleno
9042.08290022575,26848.10639725241,2122.174850390685,,,3,,relleno
8991.873205853773,25673.771024670954,2096.2469556805204,,,2,,relleno
9030.6398657925,26071.4685228136,1876.6108140223432,,,3,,relleno
9063.553923171121,27370.291543755684,2074.9219531592607,,,3,,relleno
8972.930182922237,26338.63212418871,1941.064956443724,,,3,,relleno
9016.903992568736,27583.3187190212,1875.7225807675818,,,3,,relleno
9034.027258130602,25820.973179986675,2144.373469191948,,,3,,relleno
9067.65577841662,25461.17913568699,2074.786922036218,,,2,,relleno
8973.761767174554,26907.36802723705,1954.6033971634065,,,3,,relleno
9026.866496536017,26206.192460470847,1894.1756027739189,,,3,,relleno
9048.284209503861,27958.59273916634,1925.09693384279,,,3,,relleno
9095.091416122757,25610.746840494263,1993.2122128991232,,,3,,relleno
9092.195368510833,25458.258395614354,2206.5676820771046,,,2,,relleno
9045.574378055315,27253.502570983645,2125.307221819564,,,3,,relleno
9014.62488385979,27829.539500067982,1989.0715809301105,,,3,,relleno
8929.908327528403,25838.941176799006,2055.2655314408776,,,3,,relleno
8996.654236409931,27826.16467591347,1913.7404947702837,,,3,,relleno
9041.988784863212,28188.793911643243,2000.2007308196316,,,3,,relleno
9087.636081590077,25862.18393061049,2240.445220438195,,,2,,relleno
8955.430755753132,26520.004874029426,2083.2308659290275,,,3,,relleno
8988.992998093237,25979.87347976198,2211.074968931166,,,3,,relleno
8947.517795804171,28239.85965851422,1803.340445296522,,,3,,relleno
9108.458472299348,26272.53717087165,2258.9664289059333,,,3,,relleno
8997.698674512627,25738.17409113303,2280.6695775541248,,,2,,relleno
9051.389713719744,28433.299256400413,1925.1648842155278,,,3,,relleno
9020.280356598787,26099.926972887177,1837.2383956981364,,,3,,relleno
9065.368137881802,28115.47344206936,2041.3641310936905,,,3,,relleno
9129.963676917598,27512.857471502775,2133.3360807777494,,,3,,relleno
9019.301836269562,25836.107601745814,2278.1636489030593,,,3,,relleno
9044.439331889975,27863.177158104012,2096.591289090547,,,3,,relleno
9049.73557925373,25976.780086511877,1892.5624924114195,,,3,,relleno
9101.637194263772,27640.423194889918,2078.776563119215,,,3,,relleno
9076.514772910421,26930.10799049099,2096.6175574996964,,,3,,relleno
8956.65765627015,27151.842006647734,1949.5798426397553,,,3,,relleno
8973.297133366192,27392.696456366448,2004.6669097503402,,,3,,relleno
9148.960129057987,25473.96778940042,2135.800818792322,,,2,,relleno
9018.97820179203,26526.165385118475,2077.408213606885,,,3,,relleno
9086.795941289438,27375.906468108537,2003.133426474941,,,3,,relleno
9003.77821507959,28269.03603638158,1805.996456998893,,,3,,relleno
9106.002800616054,27148.00779327643,2043.688495116511,,,3,,relleno
9009.440442888972,25491.145316238195,2280.640594629917,,,2,,relleno
9109.516402832449,25929.789432164427,2132.064338797043,,,3,,relleno
9084.033949973156,25783.170716866687,2264.9136394746256,,,2,,relleno
9046.823079414882,25783.21646789448,2140.153391853897,,,3,,relleno
8921.066626493606,26138.11565166737,2111.1086155140615,,,3,,relleno
9038.568527241418,26111.20817997662,2203.6532826044704,,,3,,relleno
8969.253208411836,26680.457288277616,1826.1997302050295,,,3,,relleno
9043.388627807719,27416.683944695957,1929.8975939316729,,,3,,relleno
8975.654712043452,25605.89873978609,1959.6565319770054,,,3,,relleno
9000.46603684434,26121.836484623236,2251.8861661294313,,,3,,relleno
9099.77386913761,25999.087261259843,2079.3802954111943,,,3,,relleno
8945.739110144208,26801.83872975675,1896.3484677652445,,,3,,relleno
9039.325628270395,27189.67945436415,1981.2043859925864,,,3,,relleno
9046.990587133356,26081.784039988448,2045.3351206371858,,,3,,relleno
8984.640935611596,27770.872576935657,1807.7546383292959,,,3,,relleno
9048.80765567226,26995.797144362994,1841.9454349027412,,,3,,relleno
9123.005226090909,26538.475447649118,2171.945489491097,,,3,,relleno
9010.616306995049,27154.31775541833,1867.8891286589978,,,3,,relleno
9151.869745569704,25515.4995469307,2276.4122569227484,,,2,,relleno
9030.38773498244,27521.081947249786,1918.7359714834472,,,3,,relleno
9022.583039773155,25351.48568667458,2215.2048293204825,,,2,,relleno
9089.7221339879,26074.531159540595,2017.7131419565696,,,3,,relleno
9055.479609570542,26198.598100682735,1881.1144451158052,,,3,,relleno
9044.143808673472,26652.548390559114,2067.1881318314427,,,3,,relleno
8970.527166289052,25569.538675517717,1996.8671551348514,,,3,,relleno
9062.25058530824,27079.500166989215,1904.7339779509393,,,3,,relleno
8972.791754020483,26094.541437729742,2135.180947351675,,,3,,relleno
8975.68547904142,28090.277060298726,1751.1663861183827,,,3,,relleno
9104.553190483253,27211.659761249182,2238.2799528327096,,,3,,relleno
9014.136445471082,27531.475144271066,1766.9620702598866,,,3,,relleno
9016.463009277046,26782.32827151209,1840.531032774013,,,3,,relleno
9055.155236316761,25561.091891974564,2200.8719552796665,,,2,,relleno
8998.527761556585,28372.162490233084,1896.847449021923,,,3,,relleno
9010.87712644168,27714.645879370473,1873.8152034704642,,,3,,relleno
8974.656008010305,26989.441225582064,1961.4150199931862,,,3,,relleno
9116.816900971648,27133.660255862607,2238.8183992275576,,,3,,relleno
8967.666697215249,26732.403966815302,2041.3850821142482,,,3,,relleno
9078.151863362815,27586.15992372901,2060.192882668458,,,3,,relleno
9066.38274451227,27680.829439654837,2068.5392991711105,,,3,,relleno
9021.674055949266,25886.70575719992,1997.1200121789907,,,3,,relleno
9010.599263783113,27888.561045000883,1800.8177621897119,,,3,,relleno
9030.177545737988,26454.610069378854,2011.4435146748572,,,3,,relleno
8970.868936421797,26554.437271827883,2029.0465641833591,,,3,,relleno
9056.155816689978,25943.33897111414,2230.2094779205327,,,3,,relleno
9040.17161029009,27344.348879034802,1906.829256554348,,,3,,relleno
9035.54733170624,25660.886288759,2114.0176330003997,,,2,,relleno
9046.05905503552,26977.936783621157,2128.9202428791696,,,3,,relleno
9025.100737013207,25785.085150998373,2151.1157574366734,,,3,,relleno
9112.435849226173,28170.490538486174,2104.0759787288616,,,3,,relleno
9071.902177789108,27725.343371381226,1937.8485842335092,,,3,,relleno
8987.109735333242,25795.961402868226,2161.895503899021,,,3,,relleno
9098.245641301472,28383.04546465678,2116.126142809122,,,3,,relleno
8937.529264581535,25618.832416497306,2195.2240364024256,,,2,,relleno
9055.91637685289,27463.98489004164,2156.7973318042104,,,3,,relleno
9016.808777708784,26897.00570672936,2081.413233457312,,,3,,relleno
9130.723161125068,25980.24820916185,2192.8827429739913,,,3,,relleno
9138.60565918104,27115.587259635195,2115.100285781819,,,3,,relleno
9087.316169914673,25584.63184989839,2230.818594044059,,,2,,relleno
8995.506309439006,27987.21324426075,1970.1017296607274,,,3,,relleno
8984.49119084218,27025.801086439296,1989.493330042433,,,3,,relleno
9106.331685387067,25739.3748697813,2288.4749554112186,,,3,,relleno
9022.892318132583,28270.595821629813,1989.5339003597153,,,3,,relleno
9153.382792015062,26808.72279851396,2200.710255599294,,,3,,relleno
8950.479750113302,25725.054221556707,2013.133899340122,,,3,,relleno
8946.146700270756,26140.213817104246,2096.2424857567134,,,3,,relleno
9074.733857466828,27349.98684083445,2148.785435702022,,,3,,relleno
9006.91121920838,26163.340142873374,2111.9167906681564,,,3,,relleno
9066.079860252828,25807.75251925576,1928.1966769338903,,,3,,relleno
9156.404004433489,25947.117944121637,2200.8986599126197,,,3,,relleno
8990.966820829617,26849.398055275065,1901.4721058403386,,,3,,relleno
9000.343627890414,26902.774759068037,2108.35556588747,,,3,,relleno
8983.010053697833,25659.52089794115,2035.5979246435488,,,3,,relleno
8988.778318197275,26833.521527901357,2130.813905207114,,,3,,relleno
9019.319948963355,26881.49796426783,2006.847705147861,,,3,,relleno
8993.38528185902,26232.663985775755,2153.737806456603,,,3,,relleno
8967.552976624593,26070.512324389118,2020.6916266404323,,,3,,relleno
8983.731150591919,25557.96953489611,2020.354800531533,,,3,,relleno
9053.220932698567,27523.895155235787,2052.606118337466,,,3,,relleno
9074.993200172978,25236.685121170754,2133.5743582093264,,,2,,relleno
9109.406587095957,25506.51647771389,2043.6441912003033,,,3,,relleno
8980.148342647775,25949.627262353868,1943.7351371219372,,,3,,relleno
9090.907811199851,26622.960067802447,2248.2453280865407,,,3,,relleno
9080.267872897759,27904.57082860399,2108.8751310467374,,,3,,relleno
8945.301108124118,27743.976191471964,1858.5532811278672,,,3,,relleno
9112.790057361159,27451.316320879552,2093.771103084092,,,3,,relleno
9042.632871531963,25543.952028827378,1956.5900285829227,,,3,,relleno
9023.216504993017,25833.878163817368,2071.320023779987,,,3,,relleno
9022.883504123374,26762.939688627583,2199.6777546533535,,,3,,relleno
8987.769033101249,26110.007794888814,2023.6953491338122,,,3,,relleno
9077.600595423482,25840.896843396782,2161.8755947764926,,,3,,relleno
9125.486347647286,25216.78382240242,2175.59702726716,,,2,,relleno
9032.005058382796,26257.684486188427,1882.4395367312566,,,3,,relleno
9009.712380862304,28421.65352251697,1820.8208532411502,,,3,,relleno
8952.563504664584,27308.624559540247,1828.380415739177,,,3,,relleno
9060.644914052491,25644.236772525815,2020.9727807126606,,,3,,relleno
8971.037504783611,26265.298378070773,2192.997602371873,,,3,,relleno
9160.767471663066,25646.561123434774,2155.65993261268,,,3,,relleno
9047.26817116329,25941.087019218383,2014.5293595344374,,,3,,relleno
9033.550753888612,28581.465140275934,1926.506047362945,,,3,,relleno
8996.92005290567,25766.377637143825,2000.2041638861294,,,3,,relleno
9040.242961384783,27057.11415664264,2159.652473088425,,,3,,relleno
9149.88117509917,26600.728841593445,2259.4422172529717,,,3,,relleno
9045.68906515122,26431.109863787453,2068.9133685792785,,,3,,relleno
8958.088378733053,25668.12733951705,2065.2703005142607,,,3,,relleno
9068.175432847142,26211.43614625002,2037.9347866176913,,,3,,relleno
8985.833402395256,25875.88739189454,2129.1962180688515,,,3,,relleno
9090.600463568577,26264.776200040214,2236.9536772447786,,,3,,relleno
8963.703494260526,26550.573586586757,2139.2538537831606,,,3,,relleno
9085.204391717207,26089.087802398106,2095.8780352804943,,,3,,relleno
9064.54497764665,25971.57909640241,1917.254071550837,,,3,,relleno
9007.626369358779,26676.078145346426,2062.4369374983025,,,3,,relleno
8987.420235122238,26539.715305412094,2086.4348880093057,,,3,,relleno
8992.244602175782,27884.182254400665,1781.636381931636,,,3,,relleno
9042.483929967062,26036.691904339375,2278.0833614176518,,,3,,relleno
9076.639419246556,26633.066920467125,2190.169709586649,,,3,,relleno
9101.839212357665,28338.28998860683,2103.578345966008,,,3,,relleno
9024.375620577848,27880.14803939078,1843.704578055708,,,3,,relleno
8961.963969283894,25965.57635448986,2080.7280103353364,,,3,,relleno
8955.940290386421,25610.454575136286,2193.750548368291,,,2,,relleno
9128.005703639385,25648.515231786507,2177.177523633221,,,2,,relleno
9027.537129034145,27752.02972048584,1955.0234803088058,,,3,,relleno
9008.590770693936,27898.407473925072,1925.6717478587984,,,3,,relleno
9034.008038763872,26496.03602272219,1973.1517638999244,,,3,,relleno
9090.94965386365,26783.437050972636,1999.378096972485,,,3,,relleno
9120.955480821922,26754.187329513526,2170.0929506861025,,,3,,relleno
9001.702218194356,25333.580236198017,2223.135824302781,,,2,,relleno
9025.161664748262,28468.773829992762,1942.2967725148906,,,3,,relleno
9065.363491750633,25844.13780293021,2290.0368113982895,,,3,,relleno
9081.547104099094,27785.566518275475,1969.0352432247455,,,3,,relleno
9138.788722527672,25658.92261089924,2171.6716990602495,,,3,,relleno
9046.174705149455,26286.1600558908,2121.234644155498,,,3,,relleno
8955.661820987953,26429.200441364035,1997.0220371820492,,,3,,relleno
9014.12630679802,27627.11213630532,2014.5813896970535,,,3,,relleno
8999.57350089727,25990.70190881078,2009.78788401726,,,3,,relleno
9031.462891257424,26505.23646899551,2201.149865970211,,,3,,relleno
8954.624479878597,27677.10424762332,1789.141012635004,,,3,,relleno
8944.970972860807,27800.34989259431,1796.3720105970456,,,3,,relleno
9074.760026810973,25447.837611062572,2199.8457108857983,,,2,,relleno
9008.491790836819,26267.33750870656,2244.4531694305656,,,3,,relleno
8960.09848254689,25321.996945934003,2114.126097875172,,,2,,relleno
9110.2340576377,27894.860520261172,2190.879060114143,,,3,,relleno
9004.783909092586,25869.13791857718,2218.0285021346117,,,3,,relleno
8994.477199804915,26092.314796085033,2112.5999415329115,,,3,,relleno
8939.718611083284,25495.554752054035,2199.957976885398,,,2,,relleno
8981.260284378995,25581.01542912036,2138.327264520495,,,3,,relleno
9004.676739941871,26638.001152632507,2124.19300316588,,,3,,relleno
9042.854206861777,26432.252485504552,2041.78967293065,,,3,,relleno
8996.687065471622,26203.99257001885,1862.9216132869365,,,3,,relleno
9155.076331014858,27055.26778923299,2164.771776034839,,,3,,relleno
9122.766614458458,25418.833083354424,2155.682429336351,,,2,,relleno
9135.661443565004,25562.537480118306,2145.487773882006,,,3,,relleno
9056.848467169768,25719.239811801883,2034.4748968762458,,,3,,relleno
9147.205136604625,26336.338601859272,2242.134935051777,,,3,,relleno
9121.046645942868,26993.956620966772,2133.103842966098,,,3,,relleno
9003.993401228145,26562.422364522314,1939.8115563143538,,,3,,relleno
9057.673407999657,26194.703146268188,1931.3456314240716,,,3,,relleno
9150.694935610369,26841.632278246885,2155.901201017773,,,3,,relleno
9004.789636178575,26517.734339335453,2212.810091986487,,,3,,relleno
8999.952273661947,27689.6567693889,1954.7161616092299,,,3,,relleno
9097.488166279238,25645.76724547077,2282.3677077738303,,,3,,relleno
9089.833963305646,27365.011602295122,2109.274997614295,,,3,,relleno
9077.953834124251,25518.80038966258,2236.8049625973913,,,2,,relleno
8983.488744836939,25773.884219811407,2164.5283498401895,,,3,,relleno
8967.031436761741,28429.08519623911,1740.7417809827039,,,3,,relleno
8982.356528316213,26778.715696553783,1797.2281939480426,,,3,,relleno
8982.917927920149,26646.58401894193,2080.698077478832,,,3,,relleno
9088.586611915664,28412.38377509324,2043.8275131012965,,,3,,relleno
8994.284075429096,26628.81351297299,2044.3144319525052,,,3,,relleno
9081.879853258426,27843.889999176194,2109.8681701481632,,,3,,relleno
9015.030805381992,28066.666032684272,1796.205434004059,,,3,,relleno
9024.224827073118,27073.49706467942,2149.869418674732,,,3,,relleno
9132.657143730185,26540.878225491524,2268.2514560975005,,,3,,relleno
9049.482515508356,26768.738888874184,2244.0056424012223,,,3,,relleno
9097.30947392309,26287.272774701418,2252.95063716183,,,3,,relleno
9047.293229880286,26466.169405266413,1888.4838117143333,,,3,,relleno
9140.316920609941,26152.985353022254,2244.8740865088453,,,3,,relleno
8953.148352249156,26566.818035015414,2084.7422581386986,,,3,,relleno
9055.56382096809,26185.531776494518,2285.6809168173086,,,3,,relleno
9037.553150316444,27006.545134130087,2196.5588444011473,,,3,,relleno
9029.888926549782,25569.16385864159,2008.018421639237,,,3,,relleno
9049.385867490682,26939.481048555965,2188.096358614687,,,3,,relleno
9072.433999104102,26374.572419241926,2176.7335577468425,,,3,,relleno
9075.409760189568,27026.15426953568,2053.2769224369686,,,3,,relleno
8978.878795595836,27843.177176795867,1866.5329018109348,,,3,,relleno
9085.162474152448,26569.375907743342,2249.5904203158393,,,3,,relleno
9079.307360262523,26436.483346961493,2020.4733075183187,,,3,,relleno
9163.217362121955,26085.775411109553,2157.7585779434544,,,3,,relleno
9015.100318391414,27900.33044520577,2011.1835660505383,,,3,,relleno
9046.541413490586,25689.29701317231,2085.8762674656136,,,3,,relleno
8990.492785504714,28347.929179335468,1737.9727288164688,,,3,,relleno
9057.470262721437,26189.24998683991,2070.357560537574,,,3,,relleno
9043.126255134253,28080.607513557465,1875.4639178118216,,,3,,relleno
9050.059285671887,26717.654923160135,2191.114390333067,,,3,,relleno
8987.811101075364,28127.48178968007,1841.3498924262974,,,3,,relleno
8983.497017329855,26487.68244523844,1840.8531042879122,,,3,,relleno
8944.300228668646,25307.94417358066,2187.993690290641,,,2,,relleno
9077.036657561108,28439.562511095945,1996.3416580180938,,,3,,relleno
8961.282654120701,28304.818834442678,1777.6423945139386,,,3,,relleno
9010.720094207885,28490.32499927417,1942.9317890667157,,,3,,relleno
9029.769475712346,27678.856071249626,2107.8678813060415,,,3,,relleno
9110.96054705749,26831.626271519188,2230.237939493634,,,3,,relleno
9075.83440546545,27963.872614574808,2047.9275973119215,,,3,,relleno
9094.669837795353,25597.265613914507,2135.5810681008415,,,3,,relleno
8999.452979611706,25520.070695508508,2247.7046465185135,,,2,,relleno
9066.81789493069,25778.015037876557,1900.7095007901971,,,3,,relleno
9031.767242471118,26269.87844619892,2265.6223306305556,,,3,,relleno
8986.021510025661,26111.764434871726,1901.1913357958747,,,3,,relleno
9092.259462673845,26760.25460721748,2233.24388262886,,,3,,relleno
9041.847784725273,25978.156653292303,2087.6696882994784,,,3,,relleno
8990.398112685143,27976.17010232725,1873.8825296916189,,,3,,relleno
9034.648180868762,27448.477038303907,2025.2759883053748,,,3,,relleno
9023.846221195023,27251.36437405397,1962.9810668304588,,,3,,relleno
8968.405877160287,27090.581300877464,1985.429130661016,,,3,,relleno
8961.747573947172,26707.725169085144,2122.1221549793977,,,3,,relleno
9101.119153371645,28389.292166921023,2068.5956423961907,,,3,,relleno
8950.988189346403,26388.622741007293,2055.283722101697,,,3,,relleno
9041.898199386736,27150.09905000008,1926.2469943439103,,,3,,relleno
9081.601412455391,27607.91959761522,2190.356716029265,,,3,,relleno
9021.725740145099,25695.134841211966,2139.205314579668,,,3,,relleno
9088.958003221953,25239.903476756634,2196.1323301488032,,,2,,relleno
8975.776518907587,25664.814400756164,2191.5847815047996,,,2,,relleno
9158.96332696469,26062.73573697722,2184.572523922562,,,3,,relleno
9024.457601416965,26201.389478889574,2249.0945047713385,,,3,,relleno
9105.787128448643,27812.371192827777,2123.7548127075047,,,3,,relleno
8995.463093569175,27451.54273126983,1989.3707753325568,,,3,,relleno
9051.936024324885,25432.89510148909,2230.8652749019843,,,2,,relleno
8969.181447475567,27347.690460030204,1835.6838760440862,,,3,,relleno
9005.249804776287,27768.010328558925,1812.6988436944166,,,3,,relleno
9107.313539703833,26048.50798114627,1993.0949463522247,,,3,,relleno
9132.33161569212,27031.461991532913,2139.475430978101,,,3,,relleno
9119.530537017667,25362.21826296026,2121.1870356157438,,,2,,relleno
8963.205207858391,26624.668101185256,2012.1548392502875,,,3,,relleno
9147.13778002881,26070.624807871307,2141.917655409006,,,3,,relleno
9031.153210949144,26605.38052860078,2174.2246418566942,,,3,,relleno
8957.277164053068,26201.894394530573,2073.108738871658,,,3,,relleno
8983.205734968467,27418.82794961489,1856.8881540307239,,,3,,relleno
8942.024494329113,27465.244511553497,1923.4368038194807,,,3,,relleno
8939.7962759191,25685.320274470927,2143.7358485050922,,,3,,relleno
8973.119269187542,26630.253932183314,1990.2845194573438,,,3,,relleno
9029.167998646883,26658.90522347441,1950.2442575514694,,,3,,relleno
8940.363774210002,28305.107535855637,1785.82362939016,,,3,,relleno
9106.321152301392,26852.098150276714,2052.2341696146605,,,3,,relleno
9077.573349155098,25731.051492551007,2068.9894211101314,,,3,,relleno
8974.507520764024,26713.71643319983,1868.1508868483688,,,3,,relleno
8959.18332659482,27450.337420533717,1850.9765525017106,,,3,,relleno
9038.43894358351,26170.450700522433,2130.925684598075,,,3,,relleno
9021.230219317235,27570.265323465657,1921.7769522437711,,,3,,relleno
8981.881221846455,27446.831656854563,1965.2166652396852,,,3,,relleno
9123.61907416094,27542.663722676076,2096.43498146253,,,3,,relleno
8958.228640406365,27727.679270231914,1841.7762851887958,,,3,,relleno
9052.56432675736,28250.848656801576,1952.7709806164376,,,3,,relleno
9038.784956365755,25910.453250761715,2236.1409607303367,,,3,,relleno
9016.815759601579,26643.504933134216,2217.334916767113,,,3,,relleno
9007.528503187892,26560.258698591533,2030.0794141927925,,,3,,relleno
9050.502925068376,26827.3676834244,2119.869548805918,,,3,,relleno
9008.678877257336,26743.130727047945,1848.9900563938977,,,3,,relleno
9023.743769300285,25994.151946877086,1885.7101765169266,,,3,,relleno
9014.415809234824,27393.39732078594,2022.5938888220646,,,3,,relleno
9052.573259876845,25617.581459593715,2252.3425786504176,,,3,,relleno
9136.369479660565,27956.30354522614,2134.2628785852753,,,3,,relleno
8966.88580763971,25567.07391664059,1984.0753668604068,,,3,,relleno
9119.47068089934,25961.219049049512,2209.1672425427755,,,3,,relleno
8995.681598174111,26010.57526687064,2107.0442261943167,,,3,,relleno
9008.070357243638,27221.268063656047,1776.2520187251546,,,3,,relleno
8971.518826977901,26811.215495390403,2043.7037511267781,,,3,,relleno
9053.509825477782,26068.311248802296,1967.8704994776224,,,3,,relleno
9042.984503391726,27640.02722813682,1896.98639492935,,,3,,relleno
9135.849444807936,26678.3792375219,2195.5529978727673,,,3,,relleno
8980.423214123755,25572.554199359518,2062.9459149752192,,,2,,relleno
8957.762971413886,25583.5926053799,2233.3284549179816,,,2,,relleno
8994.05727561697,26096.472962716678,2105.7895780488966,,,3,,relleno
8983.286481959152,27749.09091135262,1897.164812213206,,,3,,relleno
8984.881264018068,26139.520621047275,2121.301027294576,,,3,,relleno
8973.408302434358,28145.530090544802,1746.977830355987,,,3,,relleno
9159.953775648957,26035.264011541618,2233.856202429748,,,3,,relleno
9097.872301288506,26545.029830663905,2016.3645869005256,,,3,,relleno
8966.298945684086,26575.859923925553,1955.6243518551396,,,3,,relleno
9015.0251783769,26230.2821202233,1822.3823249457264,,,3,,relleno
9005.05998411201,26858.25651440033,2030.5530532926057,,,3,,relleno
9025.376757093756,28536.26039881112,1877.488123944366,,,3,,relleno
9033.093319451491,26872.81682170119,1802.065096793938,,,3,,relleno
8958.542768493558,26709.244253368786,2092.7956116634095,,,3,,relleno
9042.522218685377,26838.433241123275,1908.9172732875336,,,3,,relleno
8997.251941756154,27637.644996076622,1776.2773626216015,,,3,,relleno
9130.977673877655,25194.931468535164,2156.7311367725592,,,2,,relleno
8993.755852468268,25271.19913242845,2113.567718792616,,,2,,relleno
9017.532886835399,28011.949892858804,1777.7656733845522,,,3,,relleno
9136.554489262297,26644.000868966195,2193.3610935213596,,,3,,relleno
9136.159305904908,26447.726788925305,2167.8466208801606,,,3,,relleno
9063.654778865444,28300.840180033872,2084.702241772444,,,3,,relleno
8980.024095874096,27792.641718587533,1830.8555417422438,,,3,,relleno
9024.313256879163,26923.851168540194,2204.118692390723,,,3,,relleno
8941.384192480147,26184.47929803922,2029.0610035320901,,,3,,relleno
9138.389329528502,26638.508130184084,2269.486263751472,,,3,,relleno
9102.914975850357,27311.271887012444,2186.456521530573,,,3,,relleno
9067.435351680415,28432.058958263584,2019.4247686636159,,,3,,relleno
9095.714229155887,27056.223077729974,2210.436122960209,,,3,,relleno
9038.878703620541,26855.56601379041,2053.0680401144223,,,3,,relleno
8961.474440506134,27623.133889173652,1853.0545351543842,,,3,,relleno
9077.64702870869,27793.098520558284,2154.1676475121167,,,3,,relleno
9124.831051867264,27494.736705853727,2172.840793154339,,,3,,relleno
8931.539968518016,25707.449603689354,2171.093902175527,,,3,,relleno
9067.385105583677,26991.967598136696,1955.8797640359883,,,3,,relleno
8960.156248350606,25581.33851706603,2093.4978651877336,,,2,,relleno
8986.08731503292,27960.359944016986,1926.389966736259,,,3,,relleno
8945.461296398209,25769.593533626834,2036.278571597006,,,3,,relleno
8936.178735595444,25489.152568864858,2086.714622188498,,,2,,relleno
9134.815839811283,25540.669306385178,2103.286112674448,,,3,,relleno
9033.186799347815,26222.132373792505,2125.661362700485,,,3,,relleno
9066.697512942907,26485.0670640623,1924.5936939043943,,,3,,relleno
8978.507966888777,26082.818898034326,1931.8227935571538,,,3,,relleno
9083.234354705075,26121.077287133114,1929.8671853258281,,,3,,relleno
9011.881216827249,26457.713269358563,2006.9554769458475,,,3,,relleno
9084.563979122568,26540.331026644697,2164.0409861272706,,,3,,relleno
9047.385011853796,26039.13728251119,2128.3275915161125,,,3,,relleno
9067.534220587027,26705.2565300347,1980.973911883875,,,3,,relleno
8992.169848952175,25364.49163942631,2060.401891555127,,,2,,relleno
9094.38034077419,25378.507680444334,2214.6012527264957,,,2,,relleno
8987.836350102176,27496.95190638546,1720.7941636413411,,,3,,relleno
9131.058342743612,25631.116176995005,2088.0598673666614,,,3,,relleno
8999.45369539112,27505.118134075296,1930.883755734356,,,3,,relleno
9028.244376986904,26458.69508583413,2023.797750071169,,,3,,relleno
9098.992816878621,25718.165778799616,2022.2887708438348,,,3,,relleno
8995.864978050471,27061.4722902689,1854.0606141565174,,,3,,relleno
9019.796881535493,27044.099680425617,2132.1572999574214,,,3,,relleno
8995.865263449261,27341.473081923723,2062.4921503485543,,,3,,relleno
9036.907818931746,28533.125585102098,1993.9128476293758,,,3,,relleno
8980.749104436338,27725.74712757653,1803.2754294813574,,,3,,relleno
9008.057167406183,25990.52699728191,2018.1644462397667,,,3,,relleno
9037.872722679773,25975.59603958035,1935.6662700928605,,,3,,relleno
8989.8729866482,26493.340418914184,2130.3911967031613,,,3,,relleno
8985.69802825173,26720.078108664286,1816.1729377548245,,,3,,relleno
8955.099049169603,27249.453874833787,1838.9687205207813,,,3,,relleno
9043.993097403501,25404.129597613257,2134.7602198658783,,,2,,relleno
8929.798405305639,25866.937140348695,2088.5727359263733,,,3,,relleno
9045.451538010695,25245.332351932942,2202.6314834220752,,,2,,relleno
9064.917025274599,27567.515608852096,2161.5709813863687,,,3,,relleno
8987.758505615364,25808.666333880647,2084.824453748369,,,3,,relleno
9088.997854887699,26050.122189247973,2259.5086171782164,,,3,,relleno
8993.850763831386,26592.74334663075,2127.364164144738,,,3,,relleno
9034.786174147723,26819.036720698787,2143.179259063934,,,3,,relleno
9149.35288170586,25395.968703983643,2160.7468328632704,,,2,,relleno
8979.649572247039,25759.693931886814,2103.502340925626,,,3,,relleno
9076.817456845634,25275.78700596659,2084.8454987389055,,,2,,relleno
9025.225914163386,25743.51355240782,1959.069670869532,,,3,,relleno
9074.304259264054,26915.15393998443,2052.2945531539162,,,3,,relleno
9048.260901405467,26030.828082906395,2283.551639596084,,,3,,relleno
9081.673503639826,27472.31909359357,2080.121503133392,,,3,,relleno
8956.940055564202,25801.34843226171,2202.61364690782,,,3,,relleno
9118.298107829742,27122.519323947683,2090.0098740774033,,,3,,relleno
9025.962898690255,26078.2257783969,2282.7031504108277,,,3,,relleno
9050.543285900372,25458.025117974386,2216.0850210245103,,,2,,relleno
9119.943362167269,27116.21565729424,2223.979458471529,,,3,,relleno
9059.243726184366,26160.718473531648,2196.988282954402,,,3,,relleno
9067.275519459747,25852.84004771757,2034.369221935612,,,3,,relleno
9025.907588955683,26119.719913713325,2254.396759909468,,,3,,relleno
9030.002730584065,25767.869680951186,2023.8923527086718,,,3,,relleno
9021.888030620335,26979.07247085725,1927.2485227678326,,,3,,relleno
9057.57964471076,26534.32733412614,1902.0175220947817,,,3,,relleno
9064.789835317513,26179.66344509069,2066.3886744120687,,,3,,relleno
9092.303645287433,26239.508607038166,2246.3660076545325,,,3,,relleno
9126.881552259894,25457.745936796367,2134.115207139119,,,2,,relleno
9054.320131850707,26704.421446505607,1864.6382540955856,,,3,,relleno
9110.85585030783,27567.67196162008,2158.7994667216876,,,3,,relleno
8952.24560019405,26104.497334842035,1965.9988866621422,,,3,,relleno
8964.650578650408,26386.393484388944,2028.5253778854649,,,3,,relleno
9022.421861897576,26864.64035510362,1986.3552177512497,,,3,,relleno
9024.448290963905,25570.84517492711,2207.4786558870155,,,2,,relleno
8985.167578389031,25424.230526540687,2049.13326000071,,,2,,relleno
8993.461160451385,25651.63722280467,2174.4251907822613,,,3,,relleno
9096.055268928472,27783.716636239325,2118.462892508189,,,3,,relleno
9144.001729290558,25419.827480746535,2136.6804017157565,,,2,,relleno
9178.171441764865,25545.54206281912,2242.8520571776476,,,2,,relleno
9053.238168122894,27593.76461231398,1906.7418698729136,,,3,,relleno
8957.149766975166,26795.238040461343,2004.284271324391,,,3,,relleno
8992.615614232755,27879.33071405762,1835.5532113540075,,,3,,relleno
8975.285325252658,26093.372399600234,1968.546082397249,,,3,,relleno
8994.655891345858,26023.0431540175,2049.6915658278176,,,3,,relleno
9004.938044356113,26734.341290833734,2121.771209991599,,,3,,relleno
9116.387945358634,27296.91926608732,2173.6915156182317,,,3,,relleno
9103.256535767829,27509.935062807883,2076.560542190574,,,3,,relleno
9054.332285289918,27375.34975521994,2020.9437852858628,,,3,,relleno
8997.477302543548,27472.810454985665,1724.9383900271814,,,3,,relleno
9016.776942734223,26931.34469146125,2088.3444403562385,,,3,,relleno
9125.904366390623,27036.35855817517,2080.1254300953956,,,3,,relleno
9008.760862899751,26444.128610680644,2020.3010133949379,,,3,,relleno
8984.234108891917,26110.929532468497,2143.682025809164,,,3,,relleno
9137.098318578686,26903.405368923504,2199.181884375202,,,3,,relleno
8969.926135604983,27458.791075421308,1850.3411150165543,,,3,,relleno
8995.80529325846,27372.887231834524,1839.7962835121284,,,3,,relleno
9043.300008576458,26043.629544581636,2187.3893379769524,,,3,,relleno
9006.438133353238,27407.333223671303,1793.2872112255168,,,3,,relleno
9006.314616981259,27119.663947706013,1779.4325690685785,,,3,,relleno
8993.863434285407,28302.83352332548,1804.230821657183,,,3,,relleno
9109.800420197316,25251.523851400627,2199.972112311837,,,2,,relleno
9122.07264126785,27555.625098508768,2101.1119180243377,,,3,,relleno
9008.391709910678,26165.88943181511,1889.1754046558206,,,3,,relleno
9153.618697362259,25748.458525088572,2278.4845976646257,,,2,,relleno
9067.039410259926,27297.756594678274,2181.3750593826335,,,3,,relleno
9003.934139492316,26386.32279483089,1841.8253804033272,,,3,,relleno
9016.128827831732,27603.29080805393,1885.0843646992075,,,3,,relleno
9022.213421537192,27068.219702846854,2114.885079549543,,,3,,relleno
9020.892096055952,26521.947212730476,1857.0612829653508,,,3,,relleno
9095.767926003795,27011.93640320801,2018.6851975624204,,,3,,relleno
9076.42842797968,27648.082525783026,2115.2619904246653,,,3,,relleno
9020.73992947722,28196.109843287573,1943.0783186436447,,,3,,relleno
9073.666500394995,26889.355909562095,2037.6287360126635,,,3,,relleno
8998.19930567562,26114.65679546259,1998.6884993696,,,3,,relleno
9156.212929848467,26863.25266748817,2178.328090626476,,,3,,relleno
9072.649023320648,27034.67475328165,2110.2028607773045,,,3,,relleno
9131.758594069006,26631.764379612487,2099.296830797949,,,3,,relleno
8940.784107962068,27907.933739838354,1832.4364127385024,,,3,,relleno
9026.34505763836,25859.850201301255,2021.0563050618114,,,3,,relleno
9045.420173582863,27736.860278342043,2028.6072762219596,,,3,,relleno
8959.374123847503,25998.494093427875,1969.0014990581765,,,3,,relleno
9047.053323904127,26642.483290034364,1943.8242821714286,,,3,,relleno
9029.53645786894,26587.90796020315,2141.5174953515966,,,3,,relleno
8946.551473595644,26987.47904460067,2030.9538586820654,,,3,,relleno
9054.415592173556,25493.27805540092,2205.272425073234,,,2,,relleno
8986.86817084774,27364.18911164431,1842.2243310918802,,,3,,relleno
8962.068661494368,26314.326550062862,2048.834492790016,,,3,,relleno
9104.273542738993,25737.6343112149,2044.4008820243082,,,3,,relleno
9064.721743952916,27577.524977521072,1911.6803132337686,,,3,,relleno
8919.812403405995,25692.44792162456,2152.5290289242844,,,2,,relleno
9136.267218134724,25836.4637615436,2250.1102446597615,,,3,,relleno
9172.324558925138,25348.968740743905,2230.883525589611,,,3,,relleno
9086.244702587908,25834.570373105667,2198.0741900086573,,,3,,relleno
9049.206333833108,26976.321984002316,1959.6598733205535,,,3,,relleno
9031.27817412189,25968.50342188991,1886.2587416304336,,,3,,relleno
8953.256221516762,26301.25019620321,1970.6872696891724,,,3,,relleno
9078.786953403776,26707.25358542746,2257.9297518684493,,,3,,relleno
9043.040106484066,26247.922920271067,2150.2867662137055,,,3,,relleno
9077.259234605586,26231.191304360877,2066.2431854276347,,,3,,relleno
9136.868876094135,25940.21125858599,2276.1445636407184,,,3,,relleno
9042.898252096536,27357.141171683328,1850.4343641243588,,,3,,relleno
9057.269409325741,27593.26240491595,1954.699320483592,,,3,,relleno
8982.565083849542,27343.221285627307,1982.5781520431503,,,3,,relleno
9097.687087746273,26409.35609598356,2161.148467482017,,,3,,relleno
9126.09919276383,27547.02248721207,2106.2839947442485,,,3,,relleno
8955.998576494054,25634.84805532524,2175.4414860790716,,,3,,relleno
9084.518535659205,25919.784318745715,2235.8194772149936,,,3,,relleno
8972.349269716678,26599.655085770406,2093.3192259976813,,,3,,relleno
8927.531903493222,27083.85330858096,1976.7344106855628,,,3,,relleno
9105.483417323998,26867.310381637788,2156.817914759367,,,3,,relleno
9108.189329531806,25516.389025108132,2227.868263178485,,,2,,relleno
9009.967202640615,27167.52638584163,2044.8763857788483,,,3,,relleno
9093.184562588825,27106.964757084334,2057.323424928396,,,3,,relleno
9070.866264771075,28356.820825859148,2114.737571227827,,,3,,relleno
9055.725130126999,26996.078428123063,2212.513077992373,,,3,,relleno
8979.624840216977,26701.947992946567,1919.6108256592472,,,3,,relleno
9063.046135557212,26685.777753453694,2255.6112845098564,,,3,,relleno
8980.57673466793,27719.183626940696,1779.7320376598962,,,3,,relleno
9077.982065073309,26112.449361196603,2233.8269613432585,,,3,,relleno
8999.296102349554,27723.862943879045,1789.5443175374471,,,3,,relleno
8993.60746448329,26750.263944676066,1993.3577536153036,,,3,,relleno
9132.400680028348,25181.467599232677,2219.421402635195,,,2,,relleno
9094.775163195734,27362.66745515048,2199.8317386249687,,,3,,relleno
9011.211356114032,28087.13359927693,1873.7411220625088,,,3,,relleno
8969.351419063813,27510.873937700613,1855.7904365123236,,,3,,relleno
8964.21914162702,26619.550420128435,2058.5337919741573,,,3,,relleno
9082.523190178976,25520.43049406199,2152.1448980449036,,,3,,relleno
9091.957930198743,26961.714339595583,2126.969204536692,,,3,,relleno
9063.405569348324,26597.009564220705,1875.3981149204587,,,3,,relleno
9141.217878876241,26115.10777581974,2135.1913950524145,,,3,,relleno
9061.979671470828,26831.150132498205,1926.0545859947608,,,3,,relleno
8947.573655224796,26678.86408309981,1998.506355440725,,,3,,relleno
8965.240907440768,26457.01833478177,1957.9308799647479,,,3,,relleno
8970.738909426085,26855.856338204452,1940.3740309228058,,,3,,relleno
9083.656881915278,25689.874164571876,2005.427152468504,,,3,,relleno
8969.868474963456,26210.465273175876,2042.349784130138,,,3,,relleno
9109.065791060244,25957.253028585892,2058.1790751768644,,,3,,relleno
9153.757916566994,25609.599007541976,2219.8375848972287,,,2,,relleno
9024.189114489007,26149.433212441993,1859.6195494507865,,,3,,relleno
8971.071489292022,26412.634245901794,1877.4588113795205,,,3,,relleno
9000.950298808646,26271.008048788368,1974.3103041618701,,,3,,relleno
8998.965072276605,25624.37019487392,2275.3919912565552,,,2,,relleno
9092.155489642428,27428.549600027316,2176.6283469522664,,,3,,relleno
9027.279365532284,27151.188245626265,2122.48288178855,,,3,,relleno
8988.482774700313,26831.62150298058,1998.20697375404,,,3,,relleno
8948.814290582626,27164.51120627571,1933.3637375371404,,,3,,relleno
9066.05973341889,27341.229532751553,2005.4801872828655,,,3,,relleno
9116.917319373779,26808.944248058353,2200.833732770457,,,3,,relleno
8971.209017098026,27202.06015237175,1950.2061717514975,,,3,,relleno
9050.437866196018,26444.193654593153,2064.260999480678,,,3,,relleno
9042.013053726003,25339.4155551194,2218.9994891527326,,,2,,relleno
9104.299292249905,26472.335491819,2109.169085391064,,,3,,relleno
9113.089402701993,25827.18727034308,2088.978197072148,,,3,,relleno
9094.061878262344,27556.734402634727,2108.091307937356,,,3,,relleno
9056.944922946608,25435.724532353735,2228.3601933387067,,,2,,relleno
8997.33890082245,25974.046012788775,2096.4690948116704,,,3,,relleno
9021.459961365326,27035.21614339369,1846.1441269800328,,,3,,relleno
9004.662261016207,27197.922536708185,2054.19118194847,,,3,,relleno
8975.776005214799,27572.572567520514,1911.6925408253933,,,3,,relleno
9095.266441994483,26036.143728986764,2015.7831282115897,,,3,,relleno
9019.73071965889,26642.31210424656,1825.6118448755274,,,3,,relleno
9005.031290136432,25619.52315491629,2085.1652802174203,,,2,,relleno
8959.232375393705,28033.91171550211,1875.4423037065735,,,3,,relleno
8988.177286949178,27331.788454395508,1923.8324996425554,,,3,,relleno
8979.837162912963,27601.122323554293,1848.6642357074236,,,3,,relleno
8992.077618701309,25679.608324116973,2243.214424570595,,,2,,relleno
8943.454469720267,26685.022345342644,1994.581552944255,,,3,,relleno
8990.783489740632,26484.715889424195,2070.0761800114306,,,3,,relleno
9083.536885803589,27088.295800643962,1972.8740291417355,,,3,,relleno
8996.669899720155,27126.344303650272,1920.3049746396046,,,3,,relleno
9151.143647730452,25817.132515266803,2218.1620816019263,,,3,,relleno
8953.318586666415,25328.344050265983,2115.265038424642,,,2,,relleno
9062.84385467349,25680.67258431214,2043.098076550119,,,3,,relleno
9024.557483996907,25673.915036796232,1927.1376435186141,,,3,,relleno
9027.314033410295,27625.461911899216,2068.366333865133,,,3,,relleno
9053.182328780578,25945.522783477965,2294.065253100101,,,3,,relleno
9078.810430500533,25818.513969234322,1931.8347657866652,,,3,,relleno
8965.384262172556,26464.89991164091,2109.286056303442,,,3,,relleno
9077.04809469881,27322.353977644758,1990.985183160817,,,3,,relleno
9021.557783319931,27704.116214458303,1888.9298635018333,,,3,,relleno
8991.637937582807,27320.186754132817,1827.8906595289525,,,3,,relleno
9091.102067312717,27068.59112373646,2085.8992080116077,,,3,,relleno
8972.4493290759,26024.087108380187,1955.0138048003678,,,3,,relleno
9035.337930978507,26727.809210940475,2136.526439083278,,,3,,relleno
9020.908989148225,27390.585306694527,2039.0817795241915,,,3,,relleno
8990.91861274271,25625.762563407603,1991.3170849627284,,,3,,relleno
9031.42200462334,26490.275259755068,2239.6049354990932,,,3,,relleno
9098.732549634122,26294.22767414109,2234.24949731458,,,3,,relleno
8961.236672507435,25946.3594052048,1989.9048630020693,,,3,,relleno
9144.555555705325,26445.315028086945,2273.3153274879282,,,3,,relleno
9041.780158775304,25231.007204160032,2225.7851459281896,,,2,,relleno
9120.404110018166,25408.00356543517,2200.2884520431326,,,2,,relleno
9113.119765746862,27531.359129565957,2149.2642226089197,,,3,,relleno
8946.60503291202,25765.09106372625,2115.3037349685924,,,3,,relleno
9151.476589057896,26135.608221513856,2117.7399934338787,,,3,,relleno
9082.606012874174,25776.874330290073,2152.934609020207,,,3,,relleno
9113.41899803707,27952.655951636494,2082.539211304325,,,3,,relleno
9140.172308658519,25238.28099686178,2155.209913585931,,,2,,relleno
9091.564268846922,26828.269584033926,2002.4542556255392,,,3,,relleno
8942.512467016008,25860.059614219783,2171.0911238649724,,,3,,relleno
9038.622072601906,26341.77960637459,2125.789279395518,,,3,,relleno
9011.496648925397,25503.607262657977,2026.7522035945788,,,3,,relleno
9074.094098657926,26316.633992930052,2127.6406835960497,,,3,,relleno
9053.156139974217,26338.56089209952,1969.5890609748897,,,3,,relleno
9049.33700343052,25966.232020973443,2288.3790289819094,,,3,,relleno
9079.421637430332,27124.908441850053,2038.914475945517,,,3,,relleno
9129.262879412936,26318.099170644007,2099.3174093134935,,,3,,relleno
9063.087249919829,26284.903864866206,2235.267414676609,,,3,,relleno
9068.223606189997,26876.225121185977,2124.7637151064505,,,3,,relleno
8945.092246697284,25503.821667576573,2088.189985584589,,,2,,relleno
8977.040826648332,26783.120711910673,1962.9498692697534,,,3,,relleno
9097.70397891734,27897.06234102617,2065.7883292105926,,,3,,relleno
9013.239553814241,27099.011792119134,2129.1425646916978,,,3,,relleno
8954.141315185849,25695.157958809268,2129.34096233209,,,3,,relleno
9100.825111656111,26775.909780707454,2103.465832894459,,,3,,relleno
9041.367739093559,26789.914250718222,1999.8006979695356,,,3,,relleno
8922.84645953384,26623.215644087883,2021.356901987212,,,3,,relleno
9133.201324601163,26520.565312326828,2160.7276318033423,,,3,,relleno
9034.78290049348,25356.785415372982,2077.199247313946,,,2,,relleno
8960.194857115579,26628.30985241245,2026.9461910529972,,,3,,relleno
8981.787632970827,27850.44901535258,1761.0047025594943,,,3,,relleno
9016.688027247503,26681.47600046609,1975.8070016828858,,,3,,relleno
8993.129130890758,25620.717756763388,2071.21300786373,,,2,,relleno
8982.72091890321,27464.151056374092,1858.1522218039495,,,3,,relleno
8981.498674771903,26307.84022924185,2030.324723833862,,,3,,relleno
9096.823621771722,25558.79038137285,2234.203299641267,,,2,,relleno
8981.75841083816,26248.149742652065,2094.6239453207513,,,3,,relleno
8970.004002474367,28167.43725192427,1765.9472694544324,,,3,,relleno
9113.284382202659,27460.594179560707,2184.880674105989,,,3,,relleno
9074.31083781238,25746.539091075738,2082.165425268999,,,3,,relleno
9043.321113565173,27207.612273777933,1956.4145445868849,,,3,,relleno
9097.884366731665,25720.007643427853,2054.147636607686,,,3,,relleno
8986.844102591478,26458.900580127396,2003.877273555846,,,3,,relleno
8988.265626173143,27058.128315492875,1766.6563877042288,,,3,,relleno
9076.542946107948,26354.582014077532,2093.1157010266347,,,3,,relleno
9032.272995284588,25729.646178102277,2122.9023058235684,,,2,,relleno
8964.921538510549,26224.69627583435,1969.0925195499474,,,3,,relleno
9016.20211134479,28130.640867199923,1805.3777607020406,,,3,,relleno
8990.599032701472,28107.865307004402,1896.5958165323395,,,3,,relleno
9090.126910169834,26236.94619273872,1944.7745877248803,,,3,,relleno
9058.105769939435,27092.187281513347,2067.9113118813584,,,3,,relleno
9075.064394237474,28118.764379687233,2110.1626871069475,,,3,,relleno
8962.93307703145,28213.67061114113,1686.1405963426414,,,3,,relleno
9051.503925695442,25822.875347617526,2072.3517845839806,,,3,,relleno
9010.757757869373,27947.089980227473,1847.715481406266,,,3,,relleno
9078.397557019101,25656.36872871142,2213.743888307285,,,2,,relleno
9073.15847918957,25784.85399952471,2285.4010812442075,,,3,,relleno
8996.874931200775,25342.985582713576,2104.8642530335633,,,2,,relleno
9069.302515626516,25572.61969586479,2250.2583211478823,,,3,,relleno
9010.538104492867,25351.234112072565,2178.032549801947,,,2,,relleno
9022.81127598925,28246.366798212865,1840.1143379949017,,,3,,relleno
9132.175598776426,27163.589811059388,2201.579859963703,,,3,,relleno
8991.53306520917,25418.602249388845,2113.2604665631834,,,2,,relleno
9076.619333118584,27174.336795000225,2077.7268706537216,,,3,,relleno
8932.445517651595,25666.247624439588,2118.091544931788,,,3,,relleno
9126.469463650788,27195.594168305273,2197.207193279613,,,3,,relleno
9035.38510578292,26009.233319344996,2037.9051293184964,,,3,,relleno
8964.525941765307,25872.690905029413,1967.3544834065494,,,3,,relleno
9087.154373034838,25797.163904979,2103.386414873545,,,3,,relleno
9080.24968530153,26326.285468027407,1968.1021533699704,,,3,,relleno
9043.063822836224,26643.947374182535,1944.718154456711,,,3,,relleno
8993.396341633661,26553.9016011134,1874.9447918014216,,,3,,relleno
8996.745251519966,25265.57224188829,2126.699914402663,,,2,,relleno
9032.87543698853,26481.36582661694,1898.3244017454485,,,3,,relleno
9095.642583735855,26289.811622527614,2145.603893105291,,,3,,relleno
9140.453263189978,27857.77388332339,2149.418794076554,,,3,,relleno
9026.489126214288,25622.230453383272,2180.3159277006416,,,2,,relleno
8954.875746193948,26985.6782451572,2045.5698217237525,,,3,,relleno
9028.555583087635,25695.812679599094,1973.7985105719583,,,3,,relleno
9110.506205266605,26155.575659015085,2025.0546000035706,,,3,,relleno
8928.031663006199,25523.56736573567,2154.349532587688,,,2,,relleno
9001.774594708046,27558.08763507481,2053.5801345316167,,,3,,relleno
9043.157205096044,26804.536923068197,1996.507835476635,,,3,,relleno
8998.517180455627,26154.327775326637,2103.388286250455,,,3,,relleno
8928.34492931394,25481.18354315495,2102.0790321305126,,,2,,relleno
9139.614296390699,26481.975155208238,2265.523831896175,,,3,,relleno
8982.037327385036,25782.761530754084,1910.858870934118,,,3,,relleno
9037.814715879706,27635.61747972349,1832.6120932680658,,,3,,relleno
9006.068661621006,27964.562693865497,2020.564532582039,,,3,,relleno
9052.839888460087,28144.83019903561,1904.3605774712353,,,3,,relleno
8994.477555925192,27330.517894394186,1891.3398487892066,,,3,,relleno
9125.592295066219,26939.729384609003,2078.384053417285,,,3,,relleno
8995.624688610313,26309.73760815696,1942.5316672153185,,,3,,relleno
9052.91898175567,27738.341828850396,2078.579611163334,,,3,,relleno
9089.331402961348,26309.554381779075,2039.7292704711806,,,3,,relleno
9002.70978757024,26091.47766390676,2000.3121402587285,,,3,,relleno
9065.641278045354,26591.438895198746,1933.842479170724,,,3,,relleno
9012.356855400485,27767.212646213236,2005.5523818779852,,,3,,relleno
9033.691602883853,26187.703795319074,2277.329475825472,,,3,,relleno
9026.044795355117,26067.81284718676,2253.7670726652605,,,3,,relleno
9069.60476853699,26029.433322031335,2143.660594998455,,,3,,relleno
8981.270069320537,26926.67497203396,1957.1065527622402,,,3,,relleno
9140.839539320723,25478.05599916609,2216.93818095516,,,2,,relleno
9075.961353819686,28455.265267653253,2096.5818056945877,,,3,,relleno
9061.009630674178,25780.037736896495,2088.0487138754443,,,3,,relleno
9042.142284946047,25317.415040982607,2236.7822676320543,,,2,,relleno
9064.848961381267,26271.581730909573,2279.794249462867,,,3,,relleno
8931.563548032409,26661.04370233867,2059.8300544630224,,,3,,relleno
8982.987273563063,27747.37220847818,1984.3852735196817,,,3,,relleno
9110.04797554178,25670.44702433851,2157.4749035986856,,,3,,relleno
8998.284500949736,26379.89453151455,2039.7898548564733,,,3,,relleno
9026.002043207012,26769.184998006775,1807.716999343513,,,3,,relleno
9073.666925727879,27781.32042534635,2100.136003410042,,,3,,relleno
9010.261768551934,25556.231150010866,2219.3075675256223,,,2,,relleno
9011.855031112322,25995.254865148803,2240.993094514891,,,3,,relleno
9115.0787426512,26806.445327962323,2149.9267803755024,,,3,,relleno
9006.259897848837,27170.32215540941,1791.3431135435546,,,3,,relleno
9097.202388165537,26840.10046145488,2195.30744295681,,,3,,relleno
9164.089152666354,25666.53136614193,2202.316657435861,,,2,,relleno
9126.37046462739,28246.547201258094,2110.7188626313005,,,3,,relleno
9126.16705064274,26584.450242339306,2058.166624986637,,,3,,relleno
9057.19143100811,27130.009267125763,2212.820759200012,,,3,,relleno
8998.14687134407,25546.192440843883,1984.3955341337637,,,3,,relleno
8951.402622230256,26764.30819495595,1899.5796873305187,,,3,,relleno
9049.45429603523,27185.462756849043,2178.565461204496,,,3,,relleno
8986.777568770904,25487.98739744216,2169.4290271773175,,,2,,relleno
9139.439335708312,26306.680134123133,2238.1117367016327,,,3,,relleno
9038.572854916052,27949.20642012213,2010.3934269108872,,,3,,relleno
9053.881538432268,27102.063231933138,2218.1577590704505,,,3,,relleno
8959.627586550798,26508.35058449857,1977.5365986826355,,,3,,relleno
9134.14062825301,26555.164507445403,2136.577643597149,,,3,,relleno
8925.218296907762,25779.70417984723,2122.351622040484,,,3,,relleno
9153.713098750744,27192.63584117604,2202.3027618314504,,,3,,relleno
9009.185073622784,26678.785441677053,1983.0049922722774,,,3,,relleno
9163.60489702784,25519.090324623015,2185.746185169787,,,2,,relleno
9021.414489565213,26654.009718455873,1842.2544242710912,,,3,,relleno
8969.284593624014,27831.40944759348,1868.390303527452,,,3,,relleno
9104.269583826548,25590.830993374806,2181.561410185179,,,2,,relleno
9003.119219102144,25832.188624475388,1999.2644659597004,,,3,,relleno
9027.947284718748,26656.334673267273,2226.6343252420825,,,3,,relleno
9029.140066289865,28192.692058502635,1968.9158121046003,,,3,,relleno
9042.304054834196,26499.759013785104,2150.136872802402,,,3,,relleno
9149.289490041203,26525.954587551463,2154.1491651881074,,,3,,relleno
9049.171561144867,26247.753249314515,1880.90102387918,,,3,,relleno
9013.734974081091,25337.960383043748,2233.584806816064,,,2,,relleno
8947.25143419712,27754.080041346097,1836.4297892449601,,,3,,relleno
9009.551764600063,26634.446379770823,1994.337586977843,,,3,,relleno
9021.723958675118,25816.757014220657,2267.52193825194,,,3,,relleno
9046.160092170108,26194.339287533683,2037.2880294330168,,,3,,relleno
9147.156949500135,26338.315888579116,2131.5757470902154,,,3,,relleno
8991.5001828346,26254.98792451327,2224.0759802320495,,,3,,relleno
8966.173516716504,25896.042652718148,2172.1550056819174,,,3,,relleno
8984.2497198128,25860.744184837964,2199.9554412492903,,,3,,relleno
9032.668110839344,27843.484227892768,2101.6645921995328,,,3,,relleno
9033.222378936627,27555.4530402308,2057.660355604863,,,3,,relleno
8977.715505418722,26259.177191898692,2158.2151602690383,,,3,,relleno
9065.034318002236,27805.297059704368,2111.9521651203845,,,3,,relleno
8981.598819194349,28415.743718383113,1816.333974904298,,,3,,relleno
8970.670581766457,25841.16104936885,2239.27301808456,,,2,,relleno
9117.30088134421,25720.512782651895,2214.8761348515645,,,2,,relleno
9090.06178280674,25875.31899498188,2247.011737422579,,,3,,relleno
9003.416215308904,25975.874144319474,2239.448176974918,,,3,,relleno
9091.143246947933,26046.6583548527,2293.0588248478607,,,3,,relleno
8962.805592957651,25613.67380642451,1959.5976287264534,,,3,,relleno
8959.274633090892,28136.099955241018,1852.6752766998386,,,3,,relleno
8996.245569971867,25458.569848191164,2234.382313325568,,,2,,relleno
8966.625599743182,27197.094239300633,2044.4493197024206,,,3,,relleno
9103.411299009513,26290.234040862946,2084.4825881712213,,,3,,relleno
8970.842436436713,26987.978746630233,1921.8613250641165,,,3,,relleno
9005.391646782964,27005.931727614352,2154.207149833819,,,3,,relleno
8933.030561504205,26754.83754184522,2011.048499950943,,,3,,relleno
9011.836159482278,26181.29990621641,1872.6629824672514,,,3,,relleno
9041.671032321572,26349.255217813403,2251.9666136281953,,,3,,relleno
9062.182846309483,27913.242370620952,1925.258669557621,,,3,,relleno
9003.807598064588,28634.541935641908,1843.3349491241129,,,3,,relleno
9111.163902692915,27027.92719914733,2124.8868478638137,,,3,,relleno
8971.520784754428,26862.812322810176,2065.5346959183084,,,3,,relleno
9133.405145034634,26110.635083517333,2136.039481761904,,,3,,relleno
8943.067515234976,26142.72911167416,2061.496974057476,,,3,,relleno
9024.751577331614,26498.408305556928,1996.1413886782295,,,3,,relleno
9080.508108390555,25322.266579057232,2233.7942181631606,,,2,,relleno
9085.92650253899,25473.30867495328,2255.663062347273,,,2,,relleno
9082.86788876397,26429.78522389633,2012.0755268581088,,,3,,relleno
9121.188725308906,28027.342171160333,2172.4363115166025,,,3,,relleno
9023.482525534715,25964.22351618094,1995.5317365395495,,,3,,relleno
8943.48684383168,27108.10817988482,1949.3586982675104,,,3,,relleno
8993.830219228545,25635.57977112102,2098.584643727193,,,2,,relleno
9095.425594519817,28197.14540613343,2145.646934739135,,,3,,relleno
8978.31581650265,26438.875956031625,2075.708817780325,,,3,,relleno
9050.23455527261,25906.70625608526,1946.1051971218767,,,3,,relleno
8996.876912787748,27552.92159414553,2031.4289251097923,,,3,,relleno
9050.25968697882,26703.986416734915,2001.6756735933127,,,3,,relleno
9064.949699017669,25886.929016244296,1958.7965142383218,,,3,,relleno
9048.625005222588,27848.32962117484,2033.9517925943187,,,3,,relleno
9043.420793985711,26424.782167433943,2030.0846830235985,,,3,,relleno
9065.429239853258,27774.905996511865,1935.3284763279873,,,3,,relleno
8933.033237789989,27323.224429065263,1940.5194588568068,,,3,,relleno
9075.546747731249,27457.28416030956,1946.0875849224637,,,3,,relleno
8975.311098571403,28501.57840234454,1793.7205047124685,,,3,,relleno
9023.979608233802,26723.334349646168,1963.4007862673034,,,3,,relleno
9071.960642999848,25586.96752136356,1981.8621200717275,,,3,,relleno
9091.552703667116,25862.232880238556,2105.4050328497474,,,3,,relleno
9063.659827022278,27887.688529643638,2023.2387846951847,,,3,,relleno
9019.893456710528,25949.837023883654,1845.2299973462225,,,3,,relleno
9006.181089386502,25762.757861536742,2219.12401846763,,,3,,relleno
8975.241312327162,26197.590982905727,2149.0296819860005,,,3,,relleno
9084.417825402214,25601.150269085585,1975.8501274050952,,,3,,relleno
8968.43360106071,27009.361827461285,1826.8367708960307,,,3,,relleno
9126.181908515098,25741.881430793343,2134.002361727381,,,3,,relleno
9020.882078106602,26130.872204257692,2122.9980139369095,,,3,,relleno
8964.886632161917,26993.15845691012,1802.6344142849591,,,3,,relleno
9044.96873404398,26872.940216436702,2199.1944724002424,,,3,,relleno
9033.027540275521,28220.218802219028,1901.9766970827195,,,3,,relleno
9104.59248458061,25447.983713078895,2234.124216862483,,,2,,relleno
9054.439083872137,25810.62805788016,2291.90731711192,,,3,,relleno
9101.920587321936,26497.16593731187,2008.1137921612853,,,3,,relleno
9057.121420667074,27096.188616998883,2018.8400578858555,,,3,,relleno
9040.442365925754,25503.377644901353,2020.8609741680589,,,2,,relleno
9153.50264106089,25605.528170464244,2164.1390386029357,,,3,,relleno
9117.841571327226,27014.113725081785,2193.579316358718,,,3,,relleno
9153.847930148659,26768.501909060607,2212.45934727012,,,3,,relleno
9115.079518558325,25506.918936102167,2106.109328472074,,,3,,relleno
8929.777487156975,26051.074366283723,2144.206700536464,,,3,,relleno
9023.598477434292,25681.49886767213,2005.233626713474,,,3,,relleno
8951.073642304114,26586.558576725492,1888.4402766217895,,,3,,relleno
9081.510245925638,27542.666712565635,2004.4517466117275,,,3,,relleno
9037.1623852403,25797.54963245805,1875.9578968314872,,,3,,relleno
8986.270652497033,28118.140342779,1785.0074195483805,,,3,,relleno
9068.75406529422,26434.361605138576,2202.225958901106,,,3,,relleno
9064.334932788408,26164.669189183987,2121.401525963199,,,3,,relleno
9068.276945615438,26729.785976508665,1922.555423988047,,,3,,relleno
9005.897199809411,25414.08309376232,2025.2347059229844,,,3,,relleno
9055.087666633286,27375.596377104124,2161.2513331352634,,,3,,relleno
9052.254190549747,25632.62730904117,2067.1062650682265,,,2,,relleno
9017.180480551157,25736.216788069098,2083.54045627188,,,2,,relleno
9155.131587376138,26321.38160487619,2162.230748774793,,,3,,relleno
9050.756978564905,25957.606595245925,2275.490154782107,,,3,,relleno
9119.239139898284,25630.253059416384,2066.6023774620376,,,3,,relleno
9055.312177527847,26882.985779498456,2170.1014575406857,,,3,,relleno
8957.52050183772,26015.29273154979,1992.564902767132,,,3,,relleno
8921.847949244931,25800.646209283383,2151.8024298388414,,,3,,relleno
9030.130272566937,26896.710055948013,2146.154279486601,,,3,,relleno
9069.588518249788,26709.912523363462,2136.083856398954,,,3,,relleno
9048.427909899692,26235.497588407383,2246.7757899475564,,,3,,relleno
9048.083876277356,25859.63291521036,2083.8152112369226,,,3,,relleno
9119.278014260504,27751.787746446676,2176.2985367245906,,,3,,relleno
9077.382889222175,27114.28041776863,2074.5369974531545,,,3,,relleno
9132.361079043372,27172.692028896843,2167.123073808072,,,3,,relleno
8980.28768916638,25989.000626162906,2182.4174279690747,,,3,,relleno
9062.699316646356,26725.434872275804,2151.723531241871,,,3,,relleno
9045.7926214894,27239.407874549084,2115.935539595426,,,3,,relleno
8992.773802721933,27134.58505299947,2129.6052489114,,,3,,relleno
8964.785156612877,25591.360259997586,2063.8168204193635,,,2,,relleno
9059.41154430339,27621.917959464346,2058.381113280341,,,3,,relleno
8948.697805764205,26742.16198683932,1968.3176899717557,,,3,,relleno
9088.128434869657,27134.6148139473,2019.0093778086634,,,3,,relleno
9042.067513392885,26303.945690454453,1968.3260665257699,,,3,,relleno
9096.598182049791,26676.7984190644,2121.381391948994,,,3,,relleno
9076.496531607107,28402.99466949719,1999.3079865887141,,,3,,relleno
8996.704024307031,27508.628624425368,1748.7036185589805,,,3,,relleno
8980.896086079754,28082.639271529002,1832.6761537306913,,,3,,relleno
8998.347568661082,26177.23617510081,2145.1519722594526,,,3,,relleno
9062.08581143877,27879.224180375375,1992.4813714430898,,,3,,relleno
9007.983495272529,26506.530886210166,1943.3430666396935,,,3,,relleno
9085.706258517415,27913.391910765356,2101.4469684266733,,,3,,relleno
9137.038873278572,26856.783992884546,2238.194377269338,,,3,,relleno
9061.028030189987,27290.675451222913,2171.4411130906556,,,3,,relleno
8994.982065026774,28106.887626860105,1852.6253890328978,,,3,,relleno
9010.253237998188,26191.94839757824,1834.5823216742806,,,3,,relleno
9046.899190466665,26778.026917662668,2205.230335027095,,,3,,relleno
8959.777863705674,27153.365615848164,1908.562631759295,,,3,,relleno
9078.421139911883,25276.867725980406,2242.0822730839436,,,2,,relleno
9132.109763061942,25938.6688490573,2095.7419228263166,,,3,,relleno
9120.992543817189,25745.819069783116,2130.8863291834796,,,3,,relleno
9113.748638901596,25539.36675879745,2115.965107948278,,,3,,relleno
9098.899463438243,26737.84819660874,2116.4061587138212,,,3,,relleno
9037.777730109816,25850.74081331115,1963.4065349289976,,,3,,relleno
9148.798881086777,27189.604572031356,2180.538529731528,,,3,,relleno
9051.245308703965,25811.57372248469,2296.614436046866,,,3,,relleno
9097.163064350847,26173.708372807618,2069.108043795819,,,3,,relleno
9048.22941023045,27130.798933443722,1994.940001010253,,,3,,relleno
9034.230178956695,28265.573001506127,1840.5446475972108,,,3,,relleno
8977.534731013633,28271.03127009745,1709.0875411096652,,,3,,relleno
9145.017357501349,26050.218383517597,2167.112519759941,,,3,,relleno
9142.736206799995,25969.485130505484,2255.9866772683804,,,3,,relleno
9107.907896491868,25774.327412989667,2215.924267393397,,,2,,relleno
9091.141870978969,26174.764082655587,2264.1505311083547,,,3,,relleno
9067.334659619766,26062.10901002921,1892.7922354199673,,,3,,relleno
9039.232532835567,27047.705996564793,2099.0132873570783,,,3,,relleno
8965.560952519263,27448.665599900003,1868.3843181580328,,,3,,relleno
8873.018778441825,24409.31515805989,2118.1760204560883,,,1,,relleno
8927.776681958732,24434.924422308548,2002.8782377297214,,,4,,relleno
9044.272516624193,23852.30658379367,2061.4454506861866,,,4,,relleno
9240.133116275512,24918.11056327164,2173.5320784552155,,,2,,relleno
8955.364860300666,24350.68964463641,1938.8071261557452,,,4,,relleno
8917.90739784046,24807.64416255158,2136.124126125413,,,2,,relleno
9274.805713322965,24285.37790442508,1988.9626313160916,,,4,,relleno
9267.289814372534,24360.242650494056,2179.875029867888,,,4,,relleno
9009.228314568874,23895.897448926506,2051.1750705988748,,,4,,relleno
9040.815343039034,24286.726158020898,1832.125927457062,,,4,,relleno
9099.658362025995,24914.062770622455,1990.7738145882433,,,4,,relleno
9147.59088466358,24130.744150918094,1970.252191405921,,,4,,relleno
9206.565193398977,24325.29348841898,2126.50261787998,,,4,,relleno
8840.922872987163,24604.769662115265,2051.4067845090535,,,1,,relleno
9076.773212426915,24684.13251248572,2096.7704278525107,,,2,,relleno
9049.590210183143,24688.39392016783,1832.8525675430824,,,4,,relleno
8807.310066296877,24305.167717399334,2004.5761183444806,,,1,,relleno
8935.062391522528,24837.878640378047,2074.168934496708,,,4,,relleno
9176.687006429302,24877.520558330536,2008.2610489662502,,,4,,relleno
8915.27043931858,24251.526764805432,2159.730326775923,,,2,,relleno
9164.474927449228,24569.80334825155,1922.030691958812,,,4,,relleno
9113.472720406948,24334.273187611136,1951.6468956885612,,,4,,relleno
9058.25465578992,24265.721445393363,2185.7169350822237,,,2,,relleno
9096.645570708022,24514.130118996556,1948.866868598767,,,4,,relleno
9156.231410654342,24696.54180418271,1999.416333886745,,,4,,relleno
9204.234176724854,24570.202853312017,1877.9652170991694,,,4,,relleno
9015.045965265597,24948.150887062224,1912.224173401763,,,4,,relleno
9197.87490487364,25019.01991881324,2154.912380835303,,,4,,relleno
9048.015017528709,24907.445033728167,1932.2760248090115,,,4,,relleno
9092.810901998324,25291.972637711926,2143.310157071062,,,2,,relleno
8821.74201507082,24393.014669090684,1999.6819822121752,,,1,,relleno
9199.60122244599,24396.867436064313,2104.281992516958,,,2,,relleno
9071.156671195986,24128.012610245376,1921.4071368355628,,,4,,relleno
9246.61554088654,24523.11488173769,2003.036616670202,,,2,,relleno
8955.66599831741,24399.50511039519,2166.377749681051,,,2,,relleno
9117.900137310067,24764.11080092658,1861.2142050599218,,,4,,relleno
8873.064967114417,24023.224970275496,2105.8775468259,,,1,,relleno
9083.901308840215,24950.829250414277,2109.677652582486,,,2,,relleno
9107.134055403434,24692.898198164625,2187.538875569536,,,2,,relleno
9121.990299419056,24435.034845513008,1815.7908943890843,,,4,,relleno
9196.867007468469,24855.008464409693,1972.9373441586488,,,4,,relleno
8973.55410946233,23991.163534506388,2106.7404123128895,,,2,,relleno
9059.04212312325,24346.30420561751,2097.936437035796,,,2,,relleno
9051.142786385497,25172.67951657357,2093.615973304648,,,2,,relleno
9099.633195452547,24209.593439442036,2144.3012422843253,,,2,,relleno
8963.467659204416,24665.92893837471,1973.8410937328101,,,4,,relleno
9038.459097275545,24777.539905378817,2207.018863227986,,,2,,relleno
8921.153772503172,24238.53205822641,2039.5997710721103,,,1,,relleno
9113.405293517288,24623.251468955357,2221.841192813259,,,2,,relleno
9290.247006713387,24385.81942147745,2181.671096563731,,,4,,relleno
8930.490879245046,24463.364477400773,2036.8895392967706,,,1,,relleno
9164.857335901916,24771.719614229834,1994.2811305949695,,,4,,relleno
8890.012697536304,24691.360078312766,2096.2934682256455,,,1,,relleno
8963.505079657307,24937.5734352855,2005.3414223357254,,,2,,relleno
9084.741908669635,24135.88910453973,1980.5442623319805,,,4,,relleno
8968.50039902755,24468.79673951928,2076.6772533370868,,,4,,relleno
9055.938348267877,24010.388581279356,1977.1216474889113,,,4,,relleno
9148.586209210225,24552.068052370178,1981.3931278416678,,,4,,relleno
9117.384811429203,24773.497622141058,1764.6715153135967,,,4,,relleno
9203.158014845818,24125.400325049417,2070.2781159798137,,,4,,relleno
9203.649054886882,24531.907060277892,2225.5052273002616,,,2,,relleno
9042.069364906962,24983.81952840064,1915.1418266728983,,,4,,relleno
9045.604114190819,24732.41368185513,2193.797107201056,,,2,,relleno
9169.637268829056,24778.355587224913,2072.45915933506,,,2,,relleno
9090.109454223011,25117.670604860014,2243.3984193251904,,,2,,relleno
8949.721358126273,24935.219672173367,2114.3284950595635,,,2,,relleno
9085.693425017129,25158.432858299686,2121.7433029277117,,,2,,relleno
8926.978300139712,24672.72752024445,2068.8980157024184,,,4,,relleno
9056.678647609087,24017.070038348596,2009.4438849052895,,,4,,relleno
8884.73776617413,24245.0160747718,1953.289549923146,,,1,,relleno
8944.678616000849,24020.305381000806,2025.741147734235,,,1,,relleno
8941.882613802953,24988.957717770478,2023.293105727525,,,2,,relleno
9047.19715639767,24696.108290194912,2028.7343637656563,,,4,,relleno
8938.415868757053,24422.32493511017,2057.4861107037623,,,1,,relleno
9076.5808877054,24312.805871211327,1836.3781882073663,,,4,,relleno
9066.108530742937,24512.464686866366,1891.7491787257575,,,4,,relleno
9164.401385410096,24335.464141255103,1893.2186642325426,,,4,,relleno
9212.47233362409,24875.280308257014,1992.5037381176405,,,4,,relleno
9012.231593412169,24336.52392132542,2028.1058466226568,,,4,,relleno
8999.627932186044,24062.73314773397,2102.4805824052924,,,2,,relleno
8936.16823380215,24361.93705055206,2018.25817873579,,,4,,relleno
9092.740014628342,24941.55865621573,2030.8998936509772,,,2,,relleno
9134.907677947815,24590.21877236128,1837.7240103459467,,,4,,relleno
8837.176362454715,24334.85676495483,2059.7521873867913,,,1,,relleno
8980.712804701952,24519.98282027997,2083.0959780233798,,,4,,relleno
8970.467483643013,24888.082980558247,2088.288982362932,,,2,,relleno
8919.85931954954,23926.540376647,2161.8682204969436,,,1,,relleno
9295.414297808322,24380.806171845477,2147.156466531803,,,4,,relleno
8892.040631799959,24507.790045982034,1994.8961622432723,,,1,,relleno
9204.342732000156,24425.754625822352,1913.7464477391964,,,4,,relleno
8976.292774315812,24999.44519180987,1955.8608067965326,,,4,,relleno
8856.285655748716,24557.108716687217,2008.042869251375,,,1,,relleno
8885.746771440388,24326.000040897292,1887.8235338557392,,,1,,relleno
8939.648576536456,24216.417841079226,1917.1052730613815,,,4,,relleno
8959.71525744771,24069.387358843567,2125.557510782613,,,2,,relleno
9133.948342569282,24589.802427644856,1827.3578872811036,,,4,,relleno
9089.968856654936,24269.088055836033,2198.800287208493,,,4,,relleno
8955.078228608365,24653.514786338757,2161.461541327466,,,2,,relleno
8998.322604270566,24049.061297376968,1899.98103899341,,,4,,relleno
9101.600135103623,24769.12309047014,1832.75986239952,,,4,,relleno
9305.333595582013,24301.13666370423,2058.2782770591134,,,4,,relleno
9088.681466569325,24400.39109071893,2196.1007778451094,,,2,,relleno
9146.26295561473,24121.970592102083,2079.43463973577,,,4,,relleno
9055.71479100646,24559.34130966841,2158.027049398526,,,2,,relleno
8887.445185306668,24452.550320049788,2019.4670106255421,,,1,,relleno
9142.15531043797,24564.484786700305,1986.1837140623338,,,4,,relleno
9076.111258827272,24869.010048652486,2143.1432787597946,,,2,,relleno
9150.59160162448,24483.111486137106,2087.2076045633644,,,4,,relleno
9195.013551237967,24707.911439477724,2035.750436231059,,,4,,relleno
9241.0552566566,24611.92526418843,2136.948351525273,,,2,,relleno
9255.976401608934,24316.95022030817,2121.463387216747,,,4,,relleno
9108.196497881365,25223.926903667325,2120.96911284719,,,2,,relleno
9057.429993891326,24438.231173237487,1839.8207055533305,,,4,,relleno
9106.524389646129,24271.11167009088,1864.6845464479195,,,4,,relleno
8850.146502044134,24015.78156666528,1971.1835340116627,,,1,,relleno
9216.326132674578,24470.27069282953,2110.6876770748113,,,2,,relleno
9018.818784029061,24634.710592424144,2193.137551675437,,,2,,relleno
9031.123191970044,24602.60543335439,2162.8751277398446,,,2,,relleno
9097.509226096301,24852.385026799893,2239.5185244249133,,,2,,relleno
9016.239707218994,24628.696202756986,1983.637834949979,,,4,,relleno
9199.364040740878,24995.91968109818,2178.5396425642384,,,4,,relleno
9152.272248693018,24275.823643046162,1906.547018397272,,,4,,relleno
9002.448293466512,24332.118616108684,2000.9837212843863,,,4,,relleno
9074.904488907843,24758.795637058924,2107.334461130724,,,2,,relleno
9277.131534999331,24672.264180515886,2116.5544144994506,,,2,,relleno
9024.045916664434,24352.032163018303,1838.0731020015353,,,4,,relleno
9055.583147311485,24330.17807835697,2130.9145198373067,,,2,,relleno
9160.542590447483,24559.461764161213,1907.660036395458,,,4,,relleno
8976.7885449874,24343.321879492345,2048.971063861295,,,1,,relleno
8977.381588059365,24630.52337321882,2198.6218199009836,,,2,,relleno
9046.189786218954,24802.990935590464,1834.4822187165316,,,4,,relleno
9197.282024704125,24978.101774246512,2129.6399295146534,,,2,,relleno
9063.367587271137,24722.20535652592,1836.9338340922893,,,4,,relleno
8866.735912227836,23985.629326888367,2010.4367740048624,,,1,,relleno
9168.036358997671,24576.70705158497,1872.2181563230772,,,4,,relleno
9039.931864809243,24409.22801555676,2208.6251417433987,,,2,,relleno
9070.198172770686,24468.99125137523,2212.8790815862603,,,2,,relleno
8815.312200146422,24031.737844854186,2026.6137506979896,,,1,,relleno
8801.030211642243,24149.98531770853,1998.4585894545676,,,1,,relleno
9218.499215218426,24758.29107407725,2106.394356163317,,,2,,relleno
9149.12250105798,24833.296380852575,1907.7675703896455,,,4,,relleno
9032.698953132693,24753.704861080758,2138.764741729923,,,2,,relleno
9125.291720698126,24845.690214564627,2102.8377212649248,,,2,,relleno
9181.145048704671,24704.777256949343,2167.1791937586736,,,2,,relleno
9044.095803020713,24270.564658014693,2077.4101775293802,,,2,,relleno
9018.06552042251,24466.714494723354,1824.9755420881634,,,4,,relleno
9045.442865689973,23848.775145773263,2065.1320176955414,,,4,,relleno
9084.27000040935,24475.971629445692,1894.9961946155431,,,4,,relleno
9097.9330009911,24899.503142111498,2132.4777852055104,,,2,,relleno
9163.843360358735,24904.454205032576,2244.8778286210013,,,2,,relleno
9156.5646699162,24848.44139954759,1898.8038065993771,,,4,,relleno
8839.79396879374,24774.446874756635,2017.2419946023786,,,1,,relleno
9093.436833792206,24761.518748365765,1796.5645391593835,,,4,,relleno
9036.403026553346,24495.328472800942,1820.0113420131731,,,4,,relleno
9153.385675738265,25141.785006907867,2148.1140559570954,,,2,,relleno
9112.693155593937,25217.49509230801,2208.515917538755,,,2,,relleno
9069.413839956704,24829.52046225693,2192.7742485263507,,,2,,relleno
9081.819355165417,25242.191116910017,2207.8189384349416,,,2,,relleno
9134.440975172307,24396.573520592436,2042.9749853131,,,4,,relleno
9199.982314524626,24304.488648867995,1940.614841526206,,,4,,relleno
9301.142559223743,24461.09617252082,2138.145534195313,,,4,,relleno
9089.760662498753,24530.083647066513,1978.6254315634826,,,4,,relleno
9133.835288882226,24106.090660614198,1927.7891471751968,,,4,,relleno
8943.557835785216,24436.7459283082,2144.3843557382775,,,2,,relleno
9049.367617702159,24319.577659709907,2016.5468795583276,,,4,,relleno
9140.874264479637,24507.496552255903,1860.0086865280653,,,4,,relleno
9074.73102823957,24883.368746823027,2108.6125559925636,,,2,,relleno
9120.548731544839,24165.567527196836,1912.5634320673187,,,4,,relleno
8976.713421827151,24595.59564693468,2100.4125687104283,,,4,,relleno
9092.78180210905,24191.79133086465,1913.70336515986,,,4,,relleno
9099.874133852754,23970.98495564532,2077.2642981772638,,,2,,relleno
8995.614206193444,24484.761014389427,1943.9163840151768,,,4,,relleno
9097.616132584868,24172.683915424626,1951.4375978615296,,,4,,relleno
8967.657400331493,24406.99451484014,1960.0727844555938,,,4,,relleno
9175.530582784379,24569.345464714726,2165.524577269263,,,2,,relleno
9078.309278003333,24157.857786908124,2145.50327355313,,,2,,relleno
9023.769597031713,24672.6882126018,1928.8538037631413,,,4,,relleno
8846.110955588569,24250.98399121684,2022.1153709030566,,,1,,relleno
8912.296690804053,24290.11411923152,2019.1944298120372,,,1,,relleno
9142.803354501852,24606.05135316879,2157.6852929850065,,,2,,relleno
8988.337157735852,23917.848484727914,2113.2405271261364,,,2,,relleno
8862.884775186087,24277.76190121361,1955.6819539340763,,,1,,relleno
9209.189734759892,24495.08282070711,2063.323433538423,,,2,,relleno
9059.438696788577,24027.97324419648,2011.2261973855527,,,4,,relleno
8951.266583989272,23987.811444117742,1901.617426898415,,,4,,relleno
8985.412164873622,24830.710873838794,1904.6355469274665,,,4,,relleno
9160.121056970516,24775.152855599856,2042.7081271192276,,,2,,relleno
9079.097206624232,24612.17259559352,2061.9317957155426,,,4,,relleno
9123.0447551928,24889.974139892256,1981.383495506905,,,4,,relleno
9027.211898034244,24326.493942395944,1967.300570948887,,,4,,relleno
9003.951051566413,23994.88301491407,2154.462831630717,,,2,,relleno
9241.253019957172,24729.512086142076,2073.0971993237185,,,2,,relleno
9050.449077616484,24822.491942969096,1831.5932094970863,,,4,,relleno
8943.539965500262,24190.349641982277,1983.1186385537105,,,4,,relleno
8937.963125812152,24199.425546691127,1916.1076876285008,,,4,,relleno
9191.317069256489,24832.768832107802,2088.311121548464,,,2,,relleno
9160.201477552579,24805.422010225633,2092.6743318048884,,,2,,relleno
8993.833978094175,24196.167589181005,1892.1583404960518,,,4,,relleno
9153.846077903645,24413.869105815556,1872.765371619526,,,4,,relleno
9071.577168603635,24206.583225331666,2157.02462065786,,,2,,relleno
8971.928419346434,24944.525384694218,2041.156111775387,,,2,,relleno
9125.528700518053,24244.850739911068,1864.5339157489916,,,4,,relleno
9161.690414896102,24186.897480268075,2068.46114796575,,,4,,relleno
8897.432090950673,24117.835906863093,2137.1041540250544,,,1,,relleno
9118.754808723308,24481.453956445464,1968.6759204815687,,,4,,relleno
9071.828180534514,24420.588685191466,2206.7990589473848,,,2,,relleno
9071.255692312461,24975.02076555882,2003.9298079878015,,,4,,relleno
8995.13457991254,24050.629861130707,2181.2094822803756,,,2,,relleno
9097.557740678318,24937.369472021543,2202.131990402207,,,2,,relleno
9335.982081503042,24496.680407022017,2180.695722560172,,,4,,relleno
9143.490927687493,24584.256548256926,1916.8794808834496,,,4,,relleno
9165.003839475734,25001.430438775093,2126.2103900782,,,2,,relleno
8997.608594598969,24205.85691879702,2112.6137641563696,,,2,,relleno
9237.268445503687,24635.416416902106,2240.6005766917224,,,2,,relleno
9013.890870737061,24766.934391456656,2052.0936488832635,,,2,,relleno
8922.556635726001,24691.057652588184,1981.4562015349495,,,4,,relleno
8995.371017409672,24192.021172519697,2083.1896596958095,,,2,,relleno
8920.477109634343,24380.67095187719,1911.8330656219628,,,1,,relleno
8838.275822339323,24487.63370149167,2084.2625506579434,,,1,,relleno
8807.336848943054,24265.472076915863,1983.152405560611,,,1,,relleno
9087.183709706524,24394.404076203293,2082.857055423138,,,4,,relleno
9044.7803137093,24137.73979203043,1899.337123792631,,,4,,relleno
9194.393528585928,24719.70927207606,2049.5025770838106,,,2,,relleno
9157.915746367651,24270.389461519433,2028.707915719041,,,2,,relleno
9048.239450911651,23974.02816310302,1964.0100530582956,,,4,,relleno
9111.928136579447,24366.933527946745,2064.060176574453,,,4,,relleno
9047.666009412262,24446.67157484648,2042.1715768650747,,,4,,relleno
9249.356904443996,24425.852596913424,2150.4829803797606,,,2,,relleno
8967.365781261336,24685.714967243544,1988.885380630687,,,4,,relleno
8950.280304071995,24759.484132292644,2005.2237342538376,,,4,,relleno
9028.965012183771,24948.47784079708,1961.482226426325,,,4,,relleno
8898.73476883312,24491.316486068892,1887.6572504104386,,,1,,relleno
9013.082938771788,24804.180624693323,2139.3950308672875,,,2,,relleno
9244.038275208683,24707.509566487974,2076.1226659257804,,,2,,relleno
9087.0236042073,24875.6307954276,2143.587957088147,,,2,,relleno
8981.865382309445,24946.547485951505,1987.2456313010798,,,4,,relleno
9072.634003654637,24369.410547917276,2105.1154383274034,,,4,,relleno
9210.263864762706,24235.14093977031,2042.362139752278,,,4,,relleno
9145.810788605004,24335.250679492365,1999.5134121395931,,,4,,relleno
9090.564181574699,24204.255562931234,1993.5604933374032,,,4,,relleno
9140.693253819834,25029.003320259606,2165.7136750265868,,,2,,relleno
9102.564581599523,24812.51976051707,2039.9920172160453,,,4,,relleno
8801.211330870921,24299.277762189395,1993.2309851363086,,,1,,relleno
9256.016645415699,24501.383745122483,2094.3857758967624,,,2,,relleno
9288.819777680434,24441.956273458592,1987.6223568488917,,,4,,relleno
9121.399887679785,24661.680417584706,1858.1958455710017,,,4,,relleno
9084.444004174338,24655.145358719852,2174.1247630928515,,,2,,relleno
8880.923381612665,24377.317976172373,2101.5896174222053,,,1,,relleno
9151.776929864209,24254.917303911716,2018.3051698424106,,,2,,relleno
9231.967382121948,24383.942578145776,1978.7387406230873,,,4,,relleno
8904.534205192615,24301.399438283825,2024.608834571734,,,1,,relleno
8879.61157136825,24841.866908393607,2069.1312846056585,,,4,,relleno
8989.13760536158,25072.611214542925,2068.585351263353,,,2,,relleno
9019.722065115846,25028.12213075787,2008.9998547984303,,,2,,relleno
9104.290539608126,25146.05149906113,2031.7612734989973,,,4,,relleno
9007.689254602821,24579.022405958924,2172.9906570991084,,,2,,relleno
9029.084317276855,24388.79773614579,1926.8920267998733,,,4,,relleno
8958.953042105375,24554.37269616642,1881.1893882658271,,,4,,relleno
9078.36499628249,24533.421646362123,2019.7601455791043,,,4,,relleno
9231.642729182802,24244.656464917993,2149.328596593277,,,2,,relleno
9077.836973256517,24137.729493417926,1921.5147247366767,,,4,,relleno
8828.960335895375,24035.414058578823,2112.9436431756176,,,1,,relleno
8936.12156374087,24321.49677256578,1895.592710602539,,,4,,relleno
9018.805997423782,24253.979953939863,1918.3680583718299,,,4,,relleno
8992.98548018905,24639.320745551475,1837.7441150565421,,,4,,relleno
8878.92054951541,24522.837833022615,2085.0371540955757,,,1,,relleno
8862.710540311118,24476.083139524955,2069.6039224559536,,,1,,relleno
9031.780446720153,24704.994767512373,1919.6659974103475,,,4,,relleno
8995.614697352845,24518.541851068378,2058.158793768322,,,4,,relleno
8956.007530384113,24471.418116239653,2071.630209732181,,,1,,relleno
9125.086596923453,24880.540414571344,1961.9663138694218,,,4,,relleno
9038.81344216662,25007.508374013523,1975.2022350260645,,,4,,relleno
9133.895246640916,24733.025274002503,1892.2075916566296,,,4,,relleno
9036.815988649201,25049.882486312068,2070.366325242915,,,2,,relleno
9072.549020674198,24451.582032366972,2089.1628301362257,,,2,,relleno
9105.49913024223,24983.017931568433,1878.5994505793522,,,4,,relleno
8959.385297951498,24674.022305462975,1867.8518014015024,,,4,,relleno
9026.313512561837,24439.681371305236,1911.4723658489345,,,4,,relleno
9054.46879978766,24331.152265086857,1883.4483278984067,,,4,,relleno
9157.951282499576,24613.027383588833,2184.3003985143355,,,2,,relleno
8957.823708350394,24286.78103199669,1956.2909170128362,,,4,,relleno
9199.858806245345,24521.20007070609,1886.8467691953663,,,4,,relleno
8892.19734798567,24101.619813212244,1947.3048124026689,,,1,,relleno
9016.789603164394,24321.37104308191,2125.11293005155,,,2,,relleno
9090.79729076587,24808.315369861684,2188.814479534573,,,2,,relleno
9077.586855955546,23901.181287220163,2060.4262031834915,,,4,,relleno
8985.489215499403,24879.278375782145,1889.0308386731087,,,4,,relleno
8928.453846399838,24396.778496970775,2009.5123979080947,,,4,,relleno
9075.157239711833,25192.110305625076,2116.79534130094,,,2,,relleno
8948.230058585368,24550.538968144385,2006.5617912934918,,,4,,relleno
8874.643968908244,24322.650884066854,2103.8487154995432,,,1,,relleno
9071.069246138715,24948.546302839477,2085.694086854455,,,2,,relleno
8948.538675532709,24472.37677440149,1911.9988087695901,,,4,,relleno
8998.906205316327,24450.046922761554,1976.7631098868862,,,4,,relleno
8981.49056531276,24574.32773307757,1899.2997766937658,,,4,,relleno
8997.468160816177,24325.604209947927,1960.8568107454637,,,4,,relleno
9116.876176614584,24673.399608720283,2165.6232432073816,,,2,,relleno
8927.787402752652,24958.757960924297,2108.464410363682,,,2,,relleno
9248.340917571928,24565.966858899686,2021.610572498762,,,2,,relleno
9127.35299584109,24451.833483002025,1863.6593888704315,,,4,,relleno
9113.6370291103,25121.18341390968,2219.705078622769,,,2,,relleno
9001.430339947266,24235.288755022342,2063.0406637951837,,,2,,relleno
9040.61585805735,24631.656759749792,2088.3430313280846,,,4,,relleno
9007.433392086949,24882.2321330028,1950.7183146232971,,,4,,relleno
9165.80622489213,24346.790224198965,2170.4223251092085,,,4,,relleno
9015.899625291248,24019.268504915995,2135.280868400467,,,2,,relleno
8928.093662408948,24054.51699340403,2144.4289955124154,,,2,,relleno
8912.407474696049,24032.356477554047,2021.1848752452863,,,1,,relleno
9172.3475180384,24526.745636419237,1936.2884379693144,,,4,,relleno
9081.622451354368,24057.72045078224,2017.8229838213374,,,4,,relleno
9043.502024433421,24692.488121807193,2185.3704717585665,,,2,,relleno
8866.26412877196,24703.45311105125,1956.6171907001694,,,4,,relleno
8926.231182506815,24680.71978879947,2157.2636005902255,,,2,,relleno
9020.369476688847,24370.58656542843,1824.5963366331882,,,4,,relleno
9282.377475855179,24317.220985437936,2129.9263371603183,,,4,,relleno
9201.8106192294,24970.325747373397,2219.482242659232,,,2,,relleno
8855.3102027154,24436.704528370225,1926.919044615485,,,1,,relleno
8850.742278165113,24303.363818789145,1952.763112884272,,,1,,relleno
9029.240139281661,24789.576355755133,2051.4070484441145,,,2,,relleno
8843.065363489146,24124.050588334612,2079.469810229123,,,1,,relleno
9166.604376156572,24825.46914744517,2224.6972713025093,,,2,,relleno
9104.972550216455,24479.004374219607,2055.192651883402,,,4,,relleno
9200.492955915173,24997.189276273588,2115.522082999867,,,2,,relleno
8806.86545140547,24307.898497979153,2007.8761707607898,,,1,,relleno
8844.649535333783,23984.627727058003,2015.6342849849016,,,1,,relleno
9213.528321888274,24322.209646484323,2041.4525436021293,,,2,,relleno
9003.47664761117,24678.96935240338,2099.1793784868933,,,2,,relleno
9043.278695109426,24681.621004122935,2214.2384620545567,,,2,,relleno
8940.98761547655,24172.214715017864,2028.4561785147673,,,1,,relleno
9186.835539712862,24589.786486664852,1933.6075604532034,,,4,,relleno
9147.93854423262,24589.433224984517,2146.3043109390715,,,2,,relleno
9061.00971312473,24308.652258238275,1883.7750863528424,,,4,,relleno
8875.681574773513,24769.228825906044,1972.521782280443,,,4,,relleno
9013.111421386795,24192.86970268386,2080.542708054586,,,2,,relleno
9000.703204445801,24287.52690369135,2131.7583110803835,,,2,,relleno
9031.339723505604,24183.002372316976,1890.763162613356,,,4,,relleno
8990.639519253953,24632.689699059425,1967.0758790375276,,,4,,relleno
9234.985813499954,24653.4521147435,2030.048881736512,,,2,,relleno
9132.649797939484,24327.528033475468,1904.9864645616608,,,4,,relleno
9045.098207167075,24496.395507467343,2184.0990185690766,,,2,,relleno
8917.872334926042,24179.733588844618,2175.3602203974483,,,2,,relleno
8895.77593047,24576.858372826762,2122.827651707026,,,1,,relleno
8885.759737895778,24277.803647880875,1968.9671335815738,,,1,,relleno
9315.496490360783,24467.95721946958,2152.6544153574537,,,4,,relleno
9322.731462188493,24473.193674136975,2095.6887446640385,,,2,,relleno
9081.21898896956,24875.417654737485,1842.2871497648202,,,4,,relleno
9222.446986075585,24642.137294689353,2107.5357448995674,,,2,,relleno
9219.349279477512,24304.059487337334,2123.9806966886104,,,2,,relleno
9012.41459377628,24971.091204676428,1903.9113789466635,,,4,,relleno
9024.518496736264,24272.711335334963,2216.2398972891383,,,2,,relleno
8913.271649887402,24185.761958020765,1929.5920275321241,,,1,,relleno
9194.393617650781,24827.978070504072,2048.202509696877,,,4,,relleno
9004.98322986244,24480.900969710085,1835.5570926470439,,,4,,relleno
9250.037912762078,24485.59343253938,2128.2767835991704,,,2,,relleno
9252.85294725971,24460.455341837966,2095.07008613845,,,2,,relleno
8948.345453381991,24624.466982621147,1936.0956149090923,,,4,,relleno
9077.35251902667,23978.877099964222,1997.8341348342776,,,4,,relleno
8924.219270863909,24638.3020985692,2062.328931977116,,,1,,relleno
8911.981682564996,24893.428739411283,1950.5634958453322,,,4,,relleno
9118.347435028381,25091.269186512152,2222.305010404379,,,2,,relleno
9137.533994226447,24260.315938438627,1972.2661144497795,,,4,,relleno
9160.929680306763,24332.36867261881,2078.5024271553084,,,4,,relleno
9337.495533245625,24381.26754761588,2106.657930892092,,,2,,relleno
9005.49823218883,24429.590655190535,1840.4681751792573,,,4,,relleno
9023.809574425915,24387.940203195518,2210.7402709570015,,,2,,relleno
9077.03995018995,24242.262163900534,2076.1553860039307,,,4,,relleno
9140.279473111072,24537.908144890425,1822.802423108039,,,4,,relleno
9232.41029235571,24422.809323898084,2096.856792626533,,,2,,relleno
8917.335818874588,24323.142530744837,2085.5202698717685,,,1,,relleno
8916.57316421793,24445.120133127166,2095.873148153329,,,1,,relleno
9117.628042571152,25006.19380668884,2229.8990031830895,,,2,,relleno
9268.087689261907,24557.30704353219,2133.1791504974512,,,2,,relleno
9063.768798693938,24872.78104054849,2041.585398070862,,,2,,relleno
9296.084065868003,24609.437830310653,2172.5013790227176,,,2,,relleno
9044.21811798487,24760.99474056351,2049.3348941044424,,,2,,relleno
8944.352990042562,24667.78114724967,2154.242279338453,,,2,,relleno
9068.87508221644,24283.804547518786,1922.160169759052,,,4,,relleno
8975.447319675211,24217.084236037455,1992.2953132570997,,,4,,relleno
8960.246691027603,24709.370633629027,2099.3563108689746,,,2,,relleno
9040.06878357901,24494.641687599455,2113.3673617602976,,,4,,relleno
9066.151199444386,24933.64880136721,2047.858562775299,,,2,,relleno
9110.512062254837,24632.462639435744,2069.4268476206357,,,4,,relleno
9009.974780179857,24206.864314107424,2172.9830815939376,,,2,,relleno
9084.06214393849,24331.9846528326,1967.5095422771094,,,4,,relleno
9033.194982095716,24112.805999443808,1940.2683481238273,,,4,,relleno
8883.581083852676,24247.989056741364,2160.7487786211786,,,1,,relleno
9264.931862620275,24355.77112907092,2172.1396692535186,,,4,,relleno
9290.907165601517,24510.605142351895,2130.5981329681726,,,4,,relleno
9169.847573375326,24765.996876775644,2168.2155353261915,,,2,,relleno
9061.240511321788,25083.19943758401,2127.457498119713,,,2,,relleno
9139.929804420874,25111.167558811427,2053.050850403062,,,4,,relleno
8846.88787155645,24284.470982480554,1953.6320675423938,,,1,,relleno
9082.91731990037,24074.594286433683,2020.0798154744266,,,4,,relleno
9170.98294986478,24255.073956899192,2035.0721931864698,,,2,,relleno
9192.065269283003,24547.042434620733,1941.1947047739004,,,4,,relleno
8946.999799745852,24108.823257764223,2089.878839219218,,,2,,relleno
9138.619943054502,24850.963723190944,1909.3678098156527,,,4,,relleno
9039.855468589614,24178.341894864843,1942.0965778460773,,,4,,relleno
8961.523264187077,24410.19639313683,2124.4093489788497,,,2,,relleno
9199.120880787332,24551.85645542441,2003.6221778509225,,,2,,relleno
8977.617809807218,25078.528245675196,2034.94669848113,,,2,,relleno
9132.010881935947,24349.231186690755,2087.5500789256266,,,4,,relleno
8996.983537976826,24730.893644686625,2102.4700305573792,,,2,,relleno
9085.885289904822,24556.13488708098,1974.468878056843,,,4,,relleno
9079.299345363488,24475.586242179656,2129.4044986631015,,,4,,relleno
8894.34634038701,24771.50647322343,1944.8221534799377,,,4,,relleno
9221.616613831266,24489.21894391019,2058.7949591078013,,,2,,relleno
9057.914639464281,24748.0551638039,2219.827608636271,,,2,,relleno
9258.539176017819,24592.48712858458,2188.1787928897397,,,2,,relleno
9069.176622454059,24967.196630953193,1951.387276715177,,,4,,relleno
9015.287707348829,24596.605534288276,1899.937477606313,,,4,,relleno
8928.217887761039,24388.795432667925,2011.9912248503965,,,4,,relleno
9089.335032988738,24158.994579104903,2074.5516196663784,,,2,,relleno
9069.107284008602,23963.71722850068,2079.1308175228687,,,4,,relleno
9089.772589235112,24284.90136151831,2202.7457670887675,,,2,,relleno
9123.407114847812,23957.59879961095,1986.914969729721,,,4,,relleno
9195.467668535985,24627.305036145746,2033.8401592381795,,,2,,relleno
8854.216858599288,24028.113466614785,2107.8502951811975,,,1,,relleno
9034.761752419583,24559.93964089567,1943.206826264495,,,4,,relleno
8975.57701195728,24428.708673341887,1887.4596869706088,,,4,,relleno
8965.28568912881,24684.63197809222,1928.271675483499,,,4,,relleno
9159.196690146833,24683.213393610768,2021.0066261710283,,,4,,relleno
9231.95859310443,24768.460386711333,2230.8394853919694,,,2,,relleno
8858.890154895613,24605.2670105604,2079.8251297424613,,,1,,relleno
9190.08362542618,24719.517372405935,2099.130864101293,,,2,,relleno
9024.973632585474,24186.96194896352,1967.122831817001,,,4,,relleno
9161.635474282344,24872.435813846692,2063.446543970475,,,2,,relleno
9052.427292492528,25044.13589166563,2180.7076782257723,,,2,,relleno
8997.91614423367,24352.191234636914,2066.6431902382874,,,2,,relleno
8967.042473688363,24184.73747114695,1960.1778256379214,,,4,,relleno
9208.362456973044,24728.45243273376,2214.0401730806693,,,2,,relleno
9030.211144948664,25044.515408056155,2193.934205258844,,,2,,relleno
8810.97176432553,24471.03174329815,1998.2496338503433,,,1,,relleno
9011.284783518555,24508.658296967395,1959.5486186033195,,,4,,relleno
8867.681193242197,24426.222865858246,1973.2116138067477,,,1,,relleno
9304.16035076657,24475.761044360403,2085.2415719573764,,,2,,relleno
8935.58190633411,24309.214701140612,2188.404478985561,,,2,,relleno
9059.251299511348,24516.40157018827,2169.171953750827,,,2,,relleno
9218.219055367608,24949.836083299702,2160.6973130419774,,,2,,relleno
8923.203010733567,24253.988957609614,1897.6617392684896,,,4,,relleno
9146.222813112403,24091.732701031902,2109.397305706183,,,4,,relleno
8940.819265866614,24158.579808234226,2107.6322616294665,,,2,,relleno
9084.008375710266,23881.59731827845,2013.4538360076406,,,4,,relleno
9164.555529239742,24821.70410601943,1891.679117235598,,,4,,relleno
8911.415586630957,24551.33253302939,1939.5940882511848,,,1,,relleno
9255.995571152098,24484.040300952118,2081.9442418215986,,,2,,relleno
8984.457358908527,24483.4109587511,2118.2452598987775,,,2,,relleno
9019.306747796598,24944.63088573128,1970.9464926166386,,,4,,relleno
9085.075111940203,24600.062935161568,1821.514395477768,,,4,,relleno
8997.941647529062,24711.499184978522,1864.8834979832243,,,4,,relleno
9047.654667884699,25183.259682304455,2160.2107783914585,,,2,,relleno
9142.02195243748,24041.459233526482,1997.16272027851,,,4,,relleno
9188.826439247126,24695.466231143077,2128.8193328982366,,,2,,relleno
8866.426395182469,24453.652591556678,2120.958210256669,,,1,,relleno
8970.610017660061,24310.85214643453,1840.5137345680862,,,1,,relleno
8929.327169577993,24672.4279410086,2056.604871190549,,,4,,relleno
9215.010124356237,24116.884225094385,1973.5006751357018,,,4,,relleno
8973.40844354516,24338.49974006228,2094.6928075603587,,,2,,relleno
9180.629959598502,24453.538486508045,2190.411441855486,,,4,,relleno
9032.614626968114,24918.40550749198,1974.6533515893536,,,4,,relleno
9112.720150884785,24703.359259839184,2131.178530736666,,,2,,relleno
9000.679196214003,24416.751967763303,1958.7561239993913,,,4,,relleno
9045.410260116,24190.73485372077,1998.2929707523695,,,4,,relleno
9086.882902808406,24438.295872197774,2084.1060919828374,,,4,,relleno
9334.651951422898,24419.4181394822,2122.126139621434,,,4,,relleno
8968.117902959691,24062.573810497863,2101.6540788983634,,,1,,relleno
9223.36220037169,24956.62163497092,2170.9962569751597,,,2,,relleno
9062.893207216412,24596.731095310886,2061.0994202729944,,,4,,relleno
9165.77764315786,24624.36180032069,2101.800286799741,,,2,,relleno
8874.622837000097,23973.15688530969,2169.5565877339095,,,1,,relleno
8948.986034972882,24604.19696504326,2181.1848596705117,,,2,,relleno
8944.679671652812,25041.653091695578,2132.014362102945,,,2,,relleno
9312.17236122904,24553.35459983341,2121.5937574295494,,,2,,relleno
9085.708243334775,24702.000162494907,1940.7192264225027,,,4,,relleno
8983.477889355861,24493.50004157309,2029.2996264871924,,,4,,relleno
9143.291161176201,25136.44745788963,2218.9513813523104,,,2,,relleno
9004.03234210169,24852.678918762056,2147.5586280842076,,,2,,relleno
9061.130700287606,24288.081061208853,2200.116499677597,,,2,,relleno
8996.790623736026,24645.505118750712,2041.9818088450531,,,4,,relleno
9024.74855867772,24685.035220327034,1880.3823411947667,,,4,,relleno
9246.499027038239,24513.003237831843,2158.073643687468,,,2,,relleno
9066.437035810644,24887.020551699297,2031.2079076128275,,,4,,relleno
9180.205325639605,24284.551975992825,1934.376518329398,,,4,,relleno
9131.540743516489,24355.0834578742,2100.9801522351086,,,4,,relleno
9190.371007545484,24889.368645589562,2043.764968722201,,,4,,relleno
9161.280907130058,24394.914089950402,1924.150997408493,,,4,,relleno
8938.120023152014,24283.289719344986,1933.6465306970351,,,1,,relleno
9192.138779395944,24815.99760998374,1968.9408961952586,,,4,,relleno
9062.767095559486,25190.200821008595,2242.329573698902,,,2,,relleno
9091.956936056937,25109.96906315861,2253.773955545065,,,2,,relleno
9116.78355015497,24619.798581641433,1858.0589242239412,,,4,,relleno
9116.055055772558,24229.416023731934,1995.3518671260424,,,4,,relleno
9256.955937228367,24255.677939699803,1986.7968167455417,,,4,,relleno
9203.015084319046,24668.76731844479,1941.593728609759,,,4,,relleno
9174.020558801369,24781.888764298958,1895.07011546191,,,4,,relleno
9077.68229990034,25106.46188468722,2111.3393317455666,,,2,,relleno
9181.004284452913,24085.580513622455,2084.601603157701,,,4,,relleno
8880.665862318583,24124.187877997305,1988.0239025370697,,,1,,relleno
9225.014157666652,24452.979738658065,2146.2576924961545,,,2,,relleno
9245.86994165171,24659.6937251883,2098.546434502395,,,2,,relleno
9022.39982321522,24130.57871169561,2052.2642066399976,,,4,,relleno
9138.468816377192,24795.628809612776,2152.830138153666,,,2,,relleno
8996.297599993117,25139.732711995144,2074.5389770774295,,,2,,relleno
9184.93637703417,24184.023372464588,2118.5568695873676,,,4,,relleno
8982.643183603665,24519.684887219842,1886.2494723494954,,,4,,relleno
9191.421205800738,24584.994208696993,1866.5353539827202,,,4,,relleno
9024.26999674921,24123.3837528106,2123.8316670593226,,,2,,relleno
9109.985965309039,24884.79905596253,1850.1507682051042,,,4,,relleno
8994.29777789303,24707.0103132342,1954.9375233175986,,,4,,relleno
9054.030416315116,24354.576267788914,2135.675688148794,,,2,,relleno
9072.210591095341,24946.927002842527,2085.1025422213647,,,2,,relleno
9144.604176804167,24396.685110844814,1830.0263970063886,,,4,,relleno
9040.854514378289,24766.02470632719,2168.8203754316137,,,2,,relleno
9140.927202001376,24599.650950704872,2008.0843553567377,,,4,,relleno
8915.597590470978,24800.043016382508,1996.9588151998255,,,4,,relleno
9119.690960684822,25023.889785533956,1986.4538829806177,,,4,,relleno
8954.772109845515,24839.915038757477,1982.2495037563174,,,4,,relleno
9024.982862246658,24581.682482254993,2153.8645217418666,,,2,,relleno
8948.068381095361,24870.185122266314,2095.844348579528,,,2,,relleno
9192.72610271773,24784.06318711096,1910.1580965474684,,,4,,relleno
8936.742193374266,24501.617870979822,2036.3225636343936,,,1,,relleno
9054.144996675544,23926.432214335113,1990.1954597469992,,,4,,relleno
8946.379052779303,24316.211808971577,1919.7599592387367,,,4,,relleno
8928.516351008811,24073.397294550978,1992.0658852698684,,,1,,relleno
8907.098728764106,24358.278893959978,1873.584120484405,,,1,,relleno
9153.411888903676,24413.81881273789,2208.052889169935,,,4,,relleno
9083.024706519062,25079.580727204197,2141.6878371220387,,,2,,relleno
9116.665660671266,24471.35242350263,2171.4165787985785,,,4,,relleno
9121.932554870298,24543.498476034445,2022.5902990073919,,,4,,relleno
9271.75381430644,24451.766357214907,1995.18547763529,,,4,,relleno
9277.35907117042,24609.1564724808,2149.7138294862452,,,2,,relleno
9030.60862517488,24492.608049274302,1894.5244089489643,,,4,,relleno
9107.420507710072,24789.0531386163,2138.4572137396976,,,2,,relleno
9143.90851821311,24479.938699237995,1879.2777147682086,,,4,,relleno
9246.78041759137,24508.7097926719,2055.941116235501,,,2,,relleno
9091.047336908465,25065.662490112987,2026.2374889759747,,,2,,relleno
9018.025291255371,24265.53066921471,2169.346397699099,,,2,,relleno
9136.610250589036,24052.169646024162,2041.3940492985507,,,2,,relleno
9119.066944882172,24906.326488589588,2149.9758502859,,,2,,relleno
8910.651745637537,24321.09876375273,1896.0067071300505,,,1,,relleno
8903.604330241173,24837.47955038354,2078.7283370340847,,,4,,relleno
9055.866660797807,24642.659546002356,2211.262053977855,,,2,,relleno
8949.490991267761,24755.734073772786,1963.8411556080346,,,4,,relleno
9093.39651402647,24121.382667931884,2153.7743377281763,,,2,,relleno
9109.020788246578,24398.89297843667,1828.0182429660683,,,4,,relleno
9207.469629637442,24883.003178429764,2075.234160835416,,,2,,relleno
9082.670412368705,24912.08865263121,2224.6710212289563,,,2,,relleno
8930.799519564614,24290.55771416314,2119.365002161796,,,2,,relleno
9088.401626954417,24506.230796976804,2060.423787655736,,,4,,relleno
9151.817296215017,24915.909451399428,2252.5650814634932,,,2,,relleno
8999.444771056045,24474.833547950497,1991.3758935956805,,,4,,relleno
9083.55366871458,24375.469306295196,2219.0837059899686,,,2,,relleno
9308.91022386131,24483.754996250624,2057.4125362782593,,,4,,relleno
9029.531714731504,24215.138648293254,2099.7064143242997,,,2,,relleno
9052.696828414239,24261.242679849605,1909.4786060866784,,,4,,relleno
9238.864810810504,24135.69836217463,1974.5807859658062,,,4,,relleno
9255.018792698611,24458.46923915033,2185.720146401466,,,2,,relleno
9067.097917601337,24197.973010307862,1889.1300178355827,,,4,,relleno
8936.270188033335,24683.63141492836,2012.0681051437095,,,4,,relleno
9193.30210290907,24949.125602460223,2213.462381233124,,,2,,relleno
9161.823564780798,24364.787429042713,2001.0626114443714,,,4,,relleno
8996.504619741998,24379.125942043294,2026.1940608893296,,,4,,relleno
8907.240427541616,24201.89052461271,2059.5993876732323,,,1,,relleno
9171.308782833674,24218.81388626735,1909.868021917082,,,4,,relleno
9111.537752881472,24558.20137384386,2066.973485693416,,,4,,relleno
9270.041071875594,24593.862648944647,2000.995402759697,,,4,,relleno
9242.447193024465,24454.390514577623,2136.3843898669543,,,2,,relleno
8880.785189369199,24296.79336939962,2040.5290284287018,,,1,,relleno
9200.474063591133,24077.6242763215,2006.6541239857893,,,4,,relleno
9007.028379886768,24710.51414621032,1928.955916349298,,,4,,relleno
9248.684113229701,24475.763087356103,2149.643216036934,,,2,,relleno
8872.7006858239,24575.478693144294,1965.1371354286389,,,1,,relleno
8925.109493841408,24653.787739026353,2005.2935651092814,,,4,,relleno
8984.136552453901,24761.803815986023,2215.598050797243,,,2,,relleno
9066.264137075324,24488.15324639826,2212.794209216575,,,2,,relleno
9097.939874670128,24799.017493395768,2050.9443777838123,,,2,,relleno
8880.56386224482,24778.59083050246,2052.0125186657347,,,4,,relleno
8985.738544760501,24051.47779772212,1964.1954390365743,,,4,,relleno
9028.645591958331,24620.30112555227,1912.6786569198855,,,4,,relleno
9188.231437210135,24620.4767645721,2243.305695419964,,,2,,relleno
9010.931400757174,23897.915067310845,2066.3343587046006,,,4,,relleno
9036.678884579811,23889.43702900396,1970.374007573411,,,4,,relleno
8816.911233370392,24027.34864927579,2045.2101977312861,,,1,,relleno
9106.935033538062,24713.971586330226,1933.4642527699816,,,4,,relleno
9107.70423700683,24779.15099564445,1877.8010620982977,,,4,,relleno
9009.121076550227,23904.368505328734,1995.5209363579693,,,4,,relleno
9270.87473595965,24487.912968979108,1977.6162430906847,,,4,,relleno
8948.49431584992,24109.512327766613,2051.0655579616873,,,1,,relleno
8883.792904746018,24559.592396249405,2028.0258807098348,,,1,,relleno
8946.580721111652,23999.20938336231,1960.5359158064289,,,1,,relleno
9025.03442685469,24426.35374765832,2062.4691904580945,,,4,,relleno
9092.36202624935,24159.19258527076,1907.34806424662,,,4,,relleno
9154.927175372623,25040.422206347437,2174.533771292575,,,2,,relleno
9108.65277714067,24934.875827425043,1837.4615836596286,,,4,,relleno
9083.167038700878,24603.769240982132,1920.4184307018152,,,4,,relleno
9244.078165915367,24707.623970314435,2037.877459906554,,,2,,relleno
8969.794064696438,24138.45042310053,1867.6711534516812,,,4,,relleno
9136.240374334222,24822.235500919367,1911.170672811794,,,4,,relleno
9054.879234233384,24687.252580660945,2131.599187727761,,,2,,relleno
8987.250623604137,24207.571001297285,1884.1118411427915,,,4,,relleno
8973.266686246425,24021.28428864531,1960.6367552975285,,,4,,relleno
9068.937639894908,24483.979124061465,2191.7549527521523,,,2,,relleno
8895.12294373772,24199.87702654102,2152.6001163181554,,,1,,relleno
8998.473796521688,24663.748267496154,2194.971488155403,,,2,,relleno
8965.253585506372,24233.249146636525,2183.51420982297,,,2,,relleno
9076.447176620548,24740.554560157678,1797.0045855032442,,,4,,relleno
9066.421531708304,25151.238204915633,2121.533824083165,,,2,,relleno
8863.879398515486,24257.184137355034,1941.143139931462,,,1,,relleno
9115.308074428325,25000.953289555153,1995.129853366397,,,4,,relleno
9063.742856274894,25242.65999954407,2172.7433238529993,,,2,,relleno
8996.894608372622,24377.927570321328,2058.808916424322,,,2,,relleno
9207.488017304657,24770.00135650926,1973.688507208711,,,4,,relleno
8966.204497338229,24022.09453862587,1967.3839433061682,,,4,,relleno
8853.251165614654,24736.36198910378,2072.387036043612,,,1,,relleno
9008.300426902935,24584.558417954915,1939.4428223462448,,,4,,relleno
9213.990482674635,24544.791876103678,2211.59884735394,,,2,,relleno
8996.85688876015,24685.269692772563,2091.367540601002,,,2,,relleno
9022.814248825822,24431.974301941595,1826.9170585192198,,,4,,relleno
8897.771854290086,24324.6745280304,2049.8980189855606,,,1,,relleno
9063.368229793932,24331.12322897621,1844.4620039537976,,,4,,relleno
9097.844369807426,25240.514068389213,2214.05263161344,,,3,,relleno
9144.991462505595,24565.909516782238,1833.2723389669675,,,4,,relleno
9140.213887378457,24767.74314214995,2243.7328946780226,,,2,,relleno
9020.185254470874,23880.426006246118,1997.2783850829737,,,4,,relleno
9079.879241468534,24343.591241116676,1907.310782567022,,,4,,relleno
9132.912234328132,24879.91896172267,2071.4919564568845,,,4,,relleno
9058.34459215756,24481.36901034093,2094.110901352904,,,2,,relleno
8858.387000854573,24207.538613367673,1910.4233831734957,,,1,,relleno
9118.826859020186,24307.713525198265,2030.7780022161937,,,4,,relleno
8981.306434661337,24132.714068885307,2082.7195669025114,,,1,,relleno
8918.522690332224,24190.974473930357,2035.1672156700292,,,1,,relleno
8963.246264529853,23949.27191149089,2009.2681473011971,,,4,,relleno
8948.681686345537,24021.646805025623,2132.928121582501,,,2,,relleno
8903.60761543992,24473.39266266415,2125.7904013905513,,,1,,relleno
9158.875736431974,24488.067118293504,1859.2862277986026,,,4,,relleno
9117.880766148202,24521.17422358344,2129.7055450613307,,,2,,relleno
8958.673427688715,24939.652296293272,2151.6281350500526,,,2,,relleno
8953.323734083519,24138.64889629044,1947.5103476603756,,,1,,relleno
8856.24514862765,24242.947846571642,2117.69512206003,,,1,,relleno
9056.737182244206,24967.793842576255,2049.7645637179944,,,2,,relleno
9036.803003112278,24186.1778090712,2001.9420041708577,,,4,,relleno
9113.815241090455,24241.213587500613,1953.0709144055786,,,4,,relleno
9112.316198793837,23916.96172573155,2033.6075284032718,,,4,,relleno
9269.470364494748,24486.37677311599,2018.3231497390418,,,4,,relleno
9320.011323186227,24418.761986273767,2128.9089997035912,,,4,,relleno
8917.759930000619,24218.350296269644,2191.991351051673,,,1,,relleno
9151.005513036958,24741.605679037584,1980.3670225510048,,,4,,relleno
9148.727808262563,24790.71320251263,1983.8405333735534,,,4,,relleno
9069.276304151888,24869.465409823297,1879.8191090109767,,,4,,relleno
9079.6321071246,24149.47106544712,2172.254041691842,,,2,,relleno
8921.30003868997,23880.936506382484,2135.6445132826293,,,4,,relleno
9030.327897619512,24478.6361046428,2072.538076068978,,,4,,relleno
9029.97157571816,24482.63226253075,1972.3187924866677,,,4,,relleno
8922.417479368807,24204.800083732123,2041.006996179618,,,1,,relleno
8896.71096958232,23965.34540533013,2048.7507102581408,,,1,,relleno
9172.598307277058,24997.067919202873,2032.240598587348,,,4,,relleno
9179.62639796453,24450.71791419951,1903.9347648504179,,,4,,relleno
9333.161881353886,24414.75257851887,2123.2299925708803,,,4,,relleno
9009.381909432626,23902.69816348006,2087.2884660131567,,,1,,relleno
9103.926998902582,23962.28265978553,2056.71726372354,,,4,,relleno
9107.803925668728,24269.21709944354,2030.8732661289455,,,4,,relleno
8959.333489594113,24536.246058730456,1879.0063488601777,,,4,,relleno
9072.94332303551,24722.254231522045,2223.991248650939,,,2,,relleno
9166.17997851768,24925.150745056682,2187.0049771757645,,,2,,relleno
9106.226344313509,24660.060138697678,2092.573995015591,,,2,,relleno
9196.13653107217,24835.425124033445,1929.8170310369921,,,4,,relleno
9295.362139063343,24537.431983700208,2181.8132216413646,,,2,,relleno
9068.374550558765,24546.41982226101,1921.7839706920838,,,4,,relleno
9116.321709734744,24271.7895036315,1919.138213434785,,,4,,relleno
9033.034971044348,24174.997932515704,1959.7805223066923,,,4,,relleno
8978.163682755026,24048.17533165428,1967.4019769896236,,,4,,relleno
9173.814318688643,24689.695352420724,2049.267650162077,,,2,,relleno
9072.720851684911,24674.491523085897,2168.776875487822,,,2,,relleno
9253.796315602245,24595.883536263536,2081.415454580701,,,2,,relleno
9124.076365350898,24594.18864891619,1902.011716806605,,,4,,relleno
9089.340378575533,24445.68075642331,2211.6685593751968,,,2,,relleno
9200.485740212198,24193.078043925274,2157.601657492903,,,4,,relleno
8992.150487911946,24409.11195808645,1898.1401543493796,,,4,,relleno
9067.386064722663,25259.749862134733,2185.009903249765,,,2,,relleno
9151.537835889183,24826.173469064062,2152.8781377339214,,,2,,relleno
9004.231749952462,24283.066265881753,2036.633162943918,,,4,,relleno
9166.183008404601,24242.904812415363,1937.111040340866,,,4,,relleno
9143.796497760975,24555.42895172359,2086.171375670427,,,4,,relleno
9079.05536659808,24713.481655774463,2037.5093528881487,,,4,,relleno
8846.868601062715,24386.83934462728,1942.4567856157178,,,1,,relleno
9281.766318296475,24677.359069984494,2096.34815074376,,,2,,relleno
9176.899346175276,25010.126381686805,2156.7312439308043,,,2,,relleno
8948.542643335291,24147.842604447527,1870.876833118588,,,4,,relleno
9118.962182595329,25045.13214325106,2045.9386586549235,,,4,,relleno
8958.712081841632,24757.471549522295,1949.2793133477762,,,4,,relleno
9073.7128093391,24059.00142240013,2083.151980164759,,,2,,relleno
8931.338720421003,23989.43883561835,2104.704078079167,,,4,,relleno
9149.59849621973,24623.7930511721,2130.125868454537,,,2,,relleno
9000.583213884527,24871.664728140262,2063.5848675051093,,,2,,relleno
8888.724190953213,24457.80939965337,2077.593955603337,,,1,,relleno
9158.856744014285,24727.580858701844,1977.8024131720904,,,4,,relleno
8922.814529403222,24335.27546405832,2029.520769125052,,,1,,relleno
9105.460912485738,24523.18302489849,2046.8035082777462,,,4,,relleno
8926.17857573001,23935.44612010573,2061.3856830321693,,,1,,relleno
8951.782145338228,25033.156765296637,2106.6244964002994,,,2,,relleno
9244.157477808549,24604.137089068132,1942.2994195224285,,,4,,relleno
8981.6052828858,24012.384131848532,2036.848396784518,,,4,,relleno
9087.551593843307,24152.76345513103,1938.9735801470324,,,4,,relleno
9092.251161895192,25101.042503138066,1996.2649518369903,,,4,,relleno
9240.760846486784,24369.89015860543,1950.0313290492854,,,4,,relleno
9080.529381533883,24378.643717874325,1908.3396059912993,,,4,,relleno
9086.396400452886,24562.33121501802,2161.3892039169873,,,2,,relleno
9104.63155606597,24428.977541164364,2087.5134386400255,,,4,,relleno
9005.774228171993,24203.409566079838,2075.3765779146906,,,2,,relleno
9314.769309178355,24480.428308219947,2191.5194324424015,,,2,,relleno
9134.72664016482,24448.829510510397,2128.5282229353825,,,4,,relleno
9120.45582701709,24836.78242897149,2164.4220511148537,,,2,,relleno
8960.478201061367,24314.220747570744,2094.5515021175897,,,2,,relleno
8987.64745292283,24806.807140205645,2085.2027498584703,,,2,,relleno
9319.176209540907,24351.07967330471,2089.5178267065867,,,2,,relleno
9266.06469962567,24563.960399300784,2195.7166220746844,,,2,,relleno
9082.22632795866,25314.585994716923,2238.0067561364267,,,2,,relleno
9118.466376180424,23962.232628113365,2003.6509316267257,,,4,,relleno
9069.214891847758,24858.14419578168,1840.2851034874016,,,4,,relleno
9025.340417858522,24368.00648080707,2207.89456922179,,,2,,relleno
8981.01601642602,24515.45527924304,1867.7950599399571,,,4,,relleno
9015.72150277802,24865.44163693391,1982.6130256996182,,,4,,relleno
9169.851687477018,24760.146406589054,2133.1049414550525,,,2,,relleno
9082.537639452143,24576.763059247707,1804.9910951330537,,,4,,relleno
9170.329572254092,24136.582296089804,1985.217546547868,,,4,,relleno
9189.245595466326,25019.17579505645,2118.73007887183,,,2,,relleno
9045.735859130178,24195.17849228694,2052.049695542799,,,4,,relleno
8897.105887966069,24329.17638229688,1953.1856743659237,,,1,,relleno
8805.834928924847,24232.466590417018,2027.5628457500827,,,1,,relleno
9084.928427574143,24791.4550104612,2038.8195647710695,,,4,,relleno
9018.197619249873,24594.772233474356,2092.7949911123596,,,4,,relleno
8971.7383906799,24649.365729850404,1975.612079134912,,,4,,relleno
9139.536943006855,24013.52279219002,2071.925632854716,,,4,,relleno
8922.789518157975,24919.72255897604,2081.9045042220087,,,2,,relleno
9170.266903580248,25016.943122860626,2077.4484050128285,,,2,,relleno
8899.104374380364,24198.60291509729,2046.99280792184,,,1,,relleno
8875.211565557214,24762.929959556506,1938.143618140929,,,4,,relleno
9174.883074012487,24794.948632065818,1983.3140401766873,,,4,,relleno
9055.634901476222,24695.77432461072,1841.6787708137838,,,4,,relleno
9037.673477396876,25088.241613328242,2195.6339578981792,,,2,,relleno
8954.97619858183,24651.331972488097,1933.742801035651,,,4,,relleno
9026.718244087191,23860.94656183191,2015.5601600128632,,,4,,relleno
9099.336364338586,25213.26454325167,2203.9678943068006,,,2,,relleno
9018.336331344131,24037.78178785958,2014.333756438907,,,4,,relleno
9210.68952127456,24737.845706558976,2136.476069033583,,,2,,relleno
8984.644827024536,24576.817890640992,2026.3884355939358,,,4,,relleno
9082.230816679423,24930.610121612997,2054.595755942021,,,2,,relleno
9150.86217197249,24307.159582353797,1865.1263957645397,,,4,,relleno
8931.841402922537,24716.396798033038,1967.5742997587693,,,4,,relleno
9129.122734367515,25190.764133357803,2176.26666179187,,,2,,relleno
9077.750746850124,24451.94752735096,2022.2859371303623,,,4,,relleno
8951.644079987454,24228.862910030515,2176.706041321859,,,2,,relleno
8922.785759017204,24407.27273323242,1987.4804633593901,,,1,,relleno
9213.655741971335,24299.649178510084,1957.770493738756,,,4,,relleno
9041.483830135663,24375.54115385892,1836.1433628286502,,,4,,relleno
8988.841517052737,24761.020647663536,2160.6090877502934,,,2,,relleno
8881.412807706363,24737.085840813274,2065.7857767455303,,,4,,relleno
9128.515434605846,24105.715063481355,2013.3568796815343,,,2,,relleno
9185.085678617346,24648.118251174685,2005.0564921715966,,,4,,relleno
9093.387042226565,25049.00446842887,2144.3273166715135,,,2,,relleno
9042.79070375069,24550.706997832145,2069.265008345661,,,4,,relleno
9173.355005466905,24167.732067235982,2116.725123665214,,,4,,relleno
9066.362474315756,24738.725394216035,1840.83811164945,,,4,,relleno
9229.406143649194,24885.890871440904,2157.6710501714824,,,2,,relleno
8808.784121246885,24443.388268330407,2040.1435281879508,,,1,,relleno
9170.938564307784,24210.931964400934,1958.1566522313294,,,4,,relleno
8941.764646905358,24289.674888657126,2204.6838235061978,,,2,,relleno
8844.437522352197,24476.859437173516,1938.4943237538043,,,1,,relleno
8969.32588915636,24324.269767011825,1871.3184802989574,,,4,,relleno
9239.223215859645,24687.627094090607,2072.004348742796,,,2,,relleno
8988.320615471584,24030.627136864372,1935.8691147963689,,,4,,relleno
9172.441259257641,24328.583108287807,1989.6609884098932,,,4,,relleno
8974.065869561036,24431.671556385194,2010.829168606203,,,4,,relleno
9096.292516344884,24465.382626895,2224.8594798644485,,,2,,relleno
9046.591526862681,24510.818059935606,2216.371098116481,,,2,,relleno
9197.252903518605,24917.155047286844,2097.1849089290154,,,2,,relleno
9187.491343893358,24819.65490723479,2075.4367952572834,,,2,,relleno
8921.83552336306,24349.717968645087,1957.9548256885487,,,1,,relleno
9246.392133602887,24468.4593893969,1940.8879604423905,,,4,,relleno
8840.386279350936,24750.904721255363,2025.4317625381057,,,1,,relleno
8959.677655430114,24353.743379492847,1894.768138471207,,,4,,relleno
8990.894986689136,25047.73051050737,2081.647438528227,,,2,,relleno
9121.272629045414,24123.618020661426,2100.8707514816774,,,4,,relleno
9195.17866490479,24443.34042077812,2218.742338651361,,,2,,relleno
8818.206583792553,24404.243971182972,1995.3515874573081,,,1,,relleno
8993.291870529372,24885.344944891913,1984.08347892082,,,4,,relleno
8838.176574730596,24513.242942362653,2054.693713782663,,,1,,relleno
9149.275894516511,24823.919231491196,2001.681898186959,,,4,,relleno
8903.145214141887,24882.57615247653,2044.719682792285,,,4,,relleno
9085.021656020006,24429.31534389043,1920.3245678563906,,,4,,relleno
9043.50990993115,24270.805858493288,2116.777100861549,,,2,,relleno
8984.189725715842,24463.81290763228,1943.039433614015,,,4,,relleno
9064.104634765112,24032.145736136386,2147.787796942558,,,2,,relleno
8851.017479454644,24120.7132028339,2100.2476068855594,,,1,,relleno
8997.986568362692,23873.745071319077,2083.3211109532303,,,1,,relleno
9107.868508734731,24108.28089909502,2160.0039943318593,,,2,,relleno
9074.06033273384,24796.127349457518,1844.276306681859,,,4,,relleno
9093.516279574242,24893.842972890663,2045.8826304302556,,,2,,relleno
9212.534962587406,24884.97362020768,2107.6655495437712,,,2,,relleno
9081.186777574687,23970.608046163346,2001.559625006029,,,4,,relleno
9152.437221907201,24588.44121829783,1872.488301941805,,,4,,relleno
9100.891602091753,24728.85300383658,2007.1041504870182,,,4,,relleno
9301.754771219923,24595.37201857217,2186.412107540038,,,2,,relleno
9065.435398380738,24646.676882975855,1873.4222514543692,,,4,,relleno
9127.90502762845,24994.39819795963,2171.740695627891,,,2,,relleno
9165.530223375841,24602.344495087327,2018.5416960352811,,,2,,relleno
9079.595926219346,24108.145222421197,1917.4004008046234,,,4,,relleno
8956.083864153059,24800.57023231829,2165.1589847462483,,,2,,relleno
9028.02058624182,24819.661877413007,1989.92862068879,,,4,,relleno
8903.025969067834,24415.321221029248,2084.066044995817,,,1,,relleno
9149.822205432516,24107.31997847953,2019.8659189575162,,,2,,relleno
8865.819359845511,24634.24317122711,1965.564228408706,,,4,,relleno
9011.871246042905,24999.29104316432,2162.435019768744,,,2,,relleno
8994.28584209902,24823.63253214531,2041.7962234549468,,,2,,relleno
9134.650442496099,24506.400597708605,2143.7378939275764,,,4,,relleno
9018.64339065074,24606.89547876432,1909.9213261863435,,,4,,relleno
9244.282766895838,24270.8152970507,1973.0170143604578,,,4,,relleno
8824.801563415938,24140.593592022502,2004.7736407437883,,,1,,relleno
9234.595282706063,24256.930637714555,2137.0022372822527,,,4,,relleno
9000.736596711775,24037.333723689568,1904.980181257226,,,4,,relleno
9179.835301299856,24872.56970860918,2035.2769527908831,,,4,,relleno
9092.322036362597,24259.695483024658,2081.4475130797955,,,2,,relleno
9161.576516949819,24585.868364193742,1867.23857243605,,,4,,relleno
9015.507557961106,25018.789253232797,2152.430515449577,,,2,,relleno
9158.687982322139,24684.984195389978,2195.4960605647175,,,2,,relleno
9176.378030421596,24799.486298983793,2171.183417255932,,,2,,relleno
9005.20194029465,24151.361406307522,1982.5697963623184,,,4,,relleno
9036.364937830303,24119.97653221597,2000.0457807449566,,,4,,relleno
9078.657462449402,24583.421595986543,1898.2162207638778,,,4,,relleno
8971.146957822375,24610.52106116515,2034.5307975610503,,,4,,relleno
9263.125736490005,24422.891917079625,2111.1967590486192,,,4,,relleno
9190.928548569742,24728.848121983672,2217.146001402783,,,2,,relleno
9179.669476017818,24686.919669679257,2024.0964375581498,,,4,,relleno
8852.121705720177,24710.47190178975,2037.4472352033238,,,1,,relleno
9199.28061830988,24861.998568950963,1954.5647178171134,,,4,,relleno
9114.460323106056,25121.99959493779,2131.955970178642,,,2,,relleno
9143.059394929287,24199.66977073253,2119.6130782479004,,,4,,relleno
9008.592437956859,24785.11438402191,2173.0441524129683,,,2,,relleno
9190.35868328554,24577.2047470212,1976.2562060831901,,,4,,relleno
9076.903097598715,24441.43312932251,1946.3181561063143,,,4,,relleno
9099.995911751092,24565.197640412312,1925.5809518203018,,,4,,relleno
9120.143846115263,25206.495697480004,2252.6607531472573,,,2,,relleno
8997.884871420189,24118.734833482074,1957.042024678035,,,4,,relleno
8981.609144452257,24789.254155737173,2128.0699664150316,,,2,,relleno
9032.881752293795,24080.642179661874,1975.8181159145977,,,4,,relleno
9087.296960830705,24310.94964072905,2145.455757306025,,,2,,relleno
9215.672615880445,24715.39028613986,2100.5096642541666,,,2,,relleno
9261.576673614396,24244.06759774779,1992.9500023270048,,,4,,relleno
8982.31165564259,24376.224215056973,1971.4907285638708,,,4,,relleno
9102.537894420067,24717.65964862773,2165.4448557733135,,,2,,relleno
9188.798517682553,24990.840923520038,2030.4069822315512,,,4,,relleno
9159.836975373652,24661.145382533417,2088.265939000969,,,2,,relleno
9254.719789880188,24641.968987031098,2149.6931067613277,,,2,,relleno
8928.366354889744,24264.89105039568,1920.4120006884973,,,4,,relleno
9017.031715254394,24435.23793277165,2077.1636440517755,,,2,,relleno
8941.513583423713,24089.111494791927,2070.099290127499,,,1,,relleno
9076.259414023787,24489.673840727606,1929.0211908727058,,,4,,relleno
9059.624531180905,24201.809371468884,2032.8731339935152,,,4,,relleno
9145.70757812992,24385.127846553474,2187.2307470084224,,,4,,relleno
9168.7490544252,24243.265772076014,2066.847757510376,,,4,,relleno
8957.444763946307,24606.476999628554,2156.4719301416526,,,2,,relleno
8949.340394820985,24362.28653932379,2106.773115301048,,,2,,relleno
9085.68765088081,25250.726050533187,2228.811623820399,,,2,,relleno
9083.4927498643,24669.473007955054,1934.2829451192533,,,4,,relleno
9219.059140580934,24211.29984330725,2085.838374039417,,,2,,relleno
9136.079452797158,24573.278759722372,2156.938916278894,,,2,,relleno
9029.506922715627,24270.90517049653,2159.4212850972044,,,2,,relleno
8861.555159913809,24465.089526209063,1921.1763940272756,,,1,,relleno
9180.641152144395,24035.700127587872,2016.6996164947743,,,4,,relleno
8962.311416472312,24774.3076005413,1955.1174485868328,,,4,,relleno
9028.92353034053,25003.891266885665,2076.9574966420064,,,2,,relleno
9196.894436182487,24389.88770164991,2132.3766410934045,,,2,,relleno
9035.295567510877,24504.746995433157,1864.1331449309328,,,4,,relleno
8995.69542677787,23922.93699393256,2116.481275157779,,,2,,relleno
9028.969915306967,24712.785803382438,1857.6855076515376,,,4,,relleno
9240.322381082167,24374.765861499756,2075.1853196546626,,,2,,relleno
8915.4287276869,24272.959231440716,2014.973570744326,,,1,,relleno
8977.319952129368,25058.021251658825,2118.397780784543,,,2,,relleno
8972.459487286971,24699.483661320923,2154.204942288446,,,2,,relleno
9143.227995614227,24471.45998969181,2043.3534820507086,,,2,,relleno
8932.219330799058,24555.6962295624,1996.9538036792826,,,4,,relleno
9092.7632077475,24896.1448995699,2116.9874882807158,,,2,,relleno
8899.071248484752,24751.72234472618,2009.6032265076258,,,4,,relleno
9007.322351801455,25017.212867179584,2066.5846621261735,,,2,,relleno
9052.450869727827,24300.091757700593,1999.295896120218,,,4,,relleno
9191.546088520538,24852.23164049949,1938.601048671245,,,4,,relleno
9074.643903692475,24310.875623128864,1861.7952961154745,,,4,,relleno
9040.577198915249,23997.8214605747,1919.4383913213278,,,4,,relleno
9171.828264000394,24946.612316639974,2128.5174878965026,,,2,,relleno
8923.109873487922,24454.257965262957,1944.3065601209864,,,1,,relleno
8970.596301199805,24291.991494452923,2088.364068967073,,,2,,relleno
9011.755093550097,24441.849378014693,2154.082480382142,,,2,,relleno
9009.210056911696,24590.99682550157,2063.1718079007505,,,4,,relleno
9119.775711038119,25031.222347338808,1962.8325742254658,,,4,,relleno
9010.18514111162,25083.733846045277,2128.320764328799,,,2,,relleno
9239.526581770826,24882.03289860436,2115.5373864030967,,,2,,relleno
8938.086743516255,24204.60580022165,2156.9651717242255,,,2,,relleno
8978.738269558798,24427.407627620047,2072.1863065114158,,,1,,relleno
9262.104680946004,24716.02088243054,2155.95062713554,,,2,,relleno
9060.983368276167,25106.236548455137,2106.3102875387335,,,2,,relleno
8948.63722620007,24350.535056909248,1878.5989281354318,,,1,,relleno
9086.801066826964,25153.322156463197,2070.0537141505747,,,4,,relleno
9092.714495436481,24733.220532524432,1814.226815708895,,,4,,relleno
9272.95171559219,24545.06644856773,2179.718314462168,,,2,,relleno
8821.258052804858,24189.066145833578,1979.7297526474229,,,1,,relleno
9211.41291001978,24280.105850491964,2011.2775950903092,,,4,,relleno
9097.739265571794,24499.82691733504,2029.7087035152197,,,4,,relleno
9093.030251252078,24993.380373334538,2025.4835042338152,,,4,,relleno
8999.717064557723,24548.362403169343,1853.3053616867655,,,4,,relleno
9181.638842038034,24498.49246792059,1843.4245303219193,,,4,,relleno
9154.1858282503,24739.735000942223,1821.8019710484218,,,4,,relleno
9111.280606835808,24176.618856073055,1925.7248000225102,,,4,,relleno
8811.484190015568,24137.42692947102,2039.6006724711501,,,1,,relleno
8879.953406410266,24751.296872054052,1990.4313726432015,,,4,,relleno
9155.43275832317,24158.114747991072,1964.926193843235,,,4,,relleno
9239.74305947869,24200.620343977982,2006.1770550342872,,,4,,relleno
9120.53467200061,25106.61987514941,2110.7449065291144,,,2,,relleno
8878.681726209492,24452.90763683481,1906.678839741103,,,1,,relleno
9173.393560215263,24570.8487901874,2070.8698997212296,,,2,,relleno
9325.657056668771,24471.44434912163,2090.3940938662754,,,2,,relleno
9136.547327175513,24908.417603734408,1856.8293038711213,,,4,,relleno
9038.930871905455,24927.110962737053,1956.5800579098895,,,4,,relleno
9012.215720989856,24914.64609213321,1904.8092519728557,,,4,,relleno
9066.714942070865,24386.293692481664,2227.6008221188217,,,2,,relleno
9027.388603856629,24643.48889769831,1886.2710517295586,,,4,,relleno
9025.799017010677,24496.570771799667,2048.2306793860803,,,4,,relleno
9096.234715907549,24856.37551396412,1943.5610830621904,,,4,,relleno
9232.82480364618,24909.614646953945,2115.968074296806,,,2,,relleno
9162.26803167939,24246.739865083546,2096.0072333000353,,,4,,relleno
8902.386239473944,24029.875899752802,2175.1530038834653,,,1,,relleno
9140.500134102673,24648.38098139785,1854.2866827552689,,,4,,relleno
9123.954748423734,24114.22761565705,1926.3507381986622,,,4,,relleno
9144.802728934463,24636.62685949712,2019.6325135747918,,,4,,relleno
9010.813069858652,24536.730157649374,2222.7255999008194,,,2,,relleno
9078.636654683265,24730.366093106364,2214.478095157066,,,2,,relleno
9009.789549187662,24717.54915197676,1967.1428958706563,,,4,,relleno
8922.378320973334,24397.926530377605,2010.2672762405734,,,4,,relleno
9049.476836560883,24946.917115020504,1850.7847979208066,,,4,,relleno
9020.609740280308,24687.145991232675,1848.8055181266104,,,4,,relleno
8975.291766528653,25058.1659893106,2031.999842247266,,,2,,relleno
8833.434096396488,24485.914451785808,2002.1350439377009,,,1,,relleno
9198.29983322083,24488.19165267771,1945.541330206473,,,4,,relleno
9109.932723943226,24937.323903144086,1875.9833983514388,,,4,,relleno
9042.08106412215,24590.54299332099,2224.4784140194074,,,2,,relleno
9137.58391244176,24636.599381954657,2064.012169830204,,,4,,relleno
9155.670249841412,24410.968014164868,1883.2250643846485,,,4,,relleno
8852.865161562338,24362.875217184574,1993.5372845620216,,,1,,relleno
9226.200637184595,24720.331981820476,2226.349972693742,,,2,,relleno
9116.205349238682,24443.99070431322,2130.4700385029873,,,4,,relleno
8937.869575112907,24476.08566288928,2010.1750455112533,,,4,,relleno
8866.343003934777,24196.33394878515,2071.840328497301,,,1,,relleno
9138.924178151725,24487.646366415836,2031.2657773490212,,,2,,relleno
8841.355937632634,24434.77163661634,1981.2310312848747,,,1,,relleno
9007.260532273514,24274.597409073667,1951.718319610882,,,4,,relleno
9188.044305345411,24763.94106884758,1934.4504065638787,,,4,,relleno
9178.665285239946,24087.23639600816,1967.6383181953054,,,4,,relleno
9195.34926519915,24686.879730914603,2172.595833222435,,,2,,relleno
9081.164719794262,24168.878049584415,1885.6873145443183,,,4,,relleno
9035.211066837966,24798.34292189687,1819.5981333373777,,,4,,relleno
9098.407726186213,24714.707426472574,2194.3325265913936,,,2,,relleno
8991.358598815008,24597.576018112184,2164.8249501133732,,,2,,relleno
8827.910318525997,24249.0767974141,2095.8919355157586,,,1,,relleno
8998.578835914963,24344.842925615707,2087.1292006978983,,,2,,relleno
8894.372150497471,24706.58262800951,2112.2967584552207,,,2,,relleno
9139.925504483572,24926.389661249945,2223.8858317408567,,,2,,relleno
9030.324356327928,24178.812517120652,1899.5897994017644,,,4,,relleno
8847.35434463311,24157.23215550361,1910.0179850771638,,,1,,relleno
8948.812874617237,24317.20772365737,2154.8768424046807,,,2,,relleno
9002.745689508674,24549.019452581764,2015.104467943978,,,4,,relleno
9256.625420468323,24359.31002090049,2049.873537684055,,,2,,relleno
9188.591133415106,24413.86617703523,2029.3382130378454,,,2,,relleno
9019.839272537136,24969.848080669784,1925.7104465593552,,,4,,relleno
8989.64876071842,24990.692082968028,1975.4629012442056,,,4,,relleno
9215.354845719352,24671.80465528424,1959.3602822464184,,,4,,relleno
9072.946659603527,24123.590466269245,1907.44855217687,,,4,,relleno
8851.815911165046,24169.262620922287,1904.4992309579566,,,1,,relleno
8859.716251881116,24300.310139087822,1940.4217439537342,,,1,,relleno
9126.73887567985,24260.66550657621,1976.5937249933547,,,4,,relleno
8883.505639867186,24083.19850473624,1913.7468777877036,,,1,,relleno
8938.381019006441,24010.47455988997,1952.8854181635309,,,1,,relleno
9210.3118149307,24899.69576403437,2112.91157817917,,,2,,relleno
9155.014659289036,25156.7061406917,2152.9911865791637,,,2,,relleno
9152.34628852112,25020.32980390818,2246.704875038712,,,2,,relleno
9249.171114364864,24635.35609710234,2108.2080282022453,,,2,,relleno
9103.152334514709,24320.458885421387,2013.1462253350096,,,4,,relleno
9061.704833179245,23858.671955738093,2030.23945807678,,,4,,relleno
9013.68106853977,24707.607490651575,1980.359532806806,,,4,,relleno
9084.561057321185,24939.8622307091,2163.651481352266,,,2,,relleno
9199.603714071867,24074.910354778847,1973.6816053242444,,,4,,relleno
9178.524122899307,24888.58272054619,2010.0740301369185,,,4,,relleno
8870.144809638596,24463.73626288609,1957.0451633820385,,,1,,relleno
9105.208058970304,23993.277111897143,2080.4426554253528,,,2,,relleno
9141.953390726781,24651.826936927195,1798.2368768910237,,,4,,relleno
9036.364307841135,24078.30926448177,1994.36656795519,,,4,,relleno
9130.37304302806,24336.1902641752,2133.950071195181,,,4,,relleno
8863.348752418307,24355.23216770158,2066.0256049548043,,,1,,relleno
9008.962510107454,24157.291892752455,1866.9737221276844,,,4,,relleno
9146.928500552807,24353.015458520233,2019.6726865952917,,,4,,relleno
9081.19804673997,25338.75923711747,2256.046240488514,,,2,,relleno
9129.055907965789,24626.665784185818,1967.549630697021,,,4,,relleno
