Este_val,Norte_val,Cota_val,recpe_og,recpe_val,KNN,RandomForest,GradientBoosting,XGBoost
8895.0,25602.5,1507.5,12.4,12.56281757,13.746735847398332,15.328132615508899,15.592566222046894,15.947163
9015.0,26022.5,1837.5,15.4,15.37941742,15.633477804428686,15.69,14.691318662985621,15.566971
8915.0,25707.5,1582.5,16.1,15.95104885,15.545210342059656,15.622540472225767,15.69,15.668793
8945.0,25137.5,1477.5,14.6,14.79894257,14.654233186988773,15.36,15.22577698420471,15.122951
8865.0,25782.5,1657.5,15.1,15.04849243,15.541352124539552,15.589108076290039,15.69,16.182478
9095.0,24987.5,1882.5,15.5,15.61441803,15.180179491835391,15.192584422370158,15.191149085729345,15.36
8655.0,25827.5,1222.5,12.0,12.00000095,12.137704431695669,14.34953855375459,12.71837123598287,12.6402
8865.0,25797.5,1627.5,15.5,15.41382408,15.582780753980435,15.560676955841451,15.640991556283298,16.182478
8885.0,25602.5,1567.5,19.9,19.54638863,16.922928086255904,15.788554849458555,15.73,16.691782
8975.0,24972.5,1837.5,17.6,17.48542976,16.628804715792622,16.090167699193884,16.398946030508036,16.866869
8965.0,26397.5,1612.5,12.8,12.80000114,14.287568254385603,15.82665117823479,15.552484678623644,15.39078
9135.0,24747.5,1807.5,17.2,16.87456703,15.64274832713468,14.933531619459297,14.504266539995847,14.33238
9095.0,24387.5,1417.5,17.4,17.32188225,17.74796434164901,16.159955397126453,15.638046850975556,15.327104
8955.0,25032.5,1492.5,13.2,13.45515251,14.04039197371895,15.357160138036836,15.195033824479246,16.714342
9085.0,24912.5,1792.5,16.2,16.22631073,16.373817279529565,15.69341714617987,15.4,14.9279995
8905.0,24987.5,1342.5,10.7,10.79146099,11.219603539837705,13.999432933887139,12.417687931166384,13.970102
9065.0,24972.5,1687.5,16.4,16.45325661,16.4,16.083959688483425,17.703775291918074,18.291906
9025.0,25752.5,1732.5,11.8,12.60742092,13.8,15.771386002731942,16.31,15.827316
8825.0,25542.5,1657.5,13.4,13.6623745,14.697647491670855,15.722081539468487,16.2,16.593851
8965.0,25497.5,1777.5,17.1,17.16914177,17.385609824521747,16.2,16.602912126786688,16.480104
9035.0,26157.5,1822.5,18.3,18.21307182,17.19241092241634,16.660782336493586,18.185859329758994,18.07814
9005.0,25557.5,1702.5,16.0,16.29027939,16.4,16.09912167602496,16.90409112548343,16.901503
9045.0,25902.5,1837.5,15.4,15.38771534,15.595895401296293,14.930074738986622,15.393427584005705,15.028196
8905.0,25107.5,1417.5,20.4,20.01387024,17.507436498060688,15.339061672521016,15.40399781064268,15.684867
8905.0,26217.5,1432.5,15.8,15.80000019,15.626318151507922,15.599904511701215,15.353411796573933,15.8263
8965.0,25377.5,1657.5,21.2,21.19844437,19.239378928522953,16.19913454627448,16.401998830004786,16.39988
8965.0,25377.5,1492.5,15.5,15.5,15.3193895290542,15.487664422092411,15.4,16.2
9045.0,26202.5,1852.5,16.9,16.83794022,16.870899599306245,16.40535164755359,16.8,15.543193
8975.0,25227.5,1717.5,20.4,20.42209435,19.634000815556195,16.31,16.7,17.046703
8905.0,25992.5,1687.5,22.0,22.0,19.72428689629253,15.604377710684497,16.03929694232372,15.69
8975.0,26202.5,1597.5,14.3,15.76309776,15.36,16.262209137056914,17.5,16.50895
8955.0,24807.5,1522.5,21.6,21.12189865,19.42428707777897,15.576023214495468,15.630473310941593,16.105886
8975.0,24807.5,1477.5,10.6,10.9648962,12.416801768935635,15.152961343235571,15.298211892670627,14.70973
8915.0,24837.5,1372.5,19.1,18.73090363,16.674431255664963,15.028368664409138,14.001482361928582,14.131193
8935.0,24837.5,1327.5,10.2,11.28322887,11.82420639538215,13.678559280500531,12.190837383833822,12.898566
8965.0,26202.5,1627.5,23.5,22.53435516,20.576388425573214,16.399255220229787,17.522387943232495,16.009375
9025.0,26787.5,1672.5,15.4,15.39999962,15.499091106336685,15.687351558506602,15.594551879357692,16.202059
9025.0,26592.5,1762.5,14.8,14.76724434,14.863310394589655,15.69,15.537584758378147,16.202059
8915.0,25152.5,1552.5,16.0,15.94982433,15.873401837380806,15.958633194807799,15.897493751362742,16.841736
9105.0,24387.5,1372.5,15.1,15.19096088,15.64065060605875,16.0,14.776353907931178,15.497636
8875.0,24957.5,1312.5,15.1,14.61026955,14.280847012486243,13.951381051102194,14.309415756828107,14.008027
9035.0,26022.5,1747.5,14.1,14.17712879,14.424822552998835,15.677074051748534,15.199102246086412,15.602148
8885.0,24957.5,1282.5,14.3,14.01377106,13.8,13.889745650560943,14.297573716267138,13.850618
9135.0,24747.5,1747.5,13.2,15.12967014,14.798477176232703,14.928604026487385,14.504266539995847,14.33238
9045.0,26007.5,1807.5,14.8,14.83963299,15.125817824320594,15.0580121523567,14.689974585907983,15.321076
8945.0,25812.5,1567.5,14.7,14.56654739,14.705197771704855,15.36,15.4,15.5
8995.0,25647.5,1747.5,21.0,20.64297867,18.50818574769293,16.204650664340694,16.34939920020009,16.7
8925.0,25407.5,1612.5,15.6,15.76394367,15.731010542502913,15.842214240230156,15.5782834791168,16.120342
8945.0,25707.5,1687.5,22.5,20.87524223,19.217426921362115,15.94638254821534,16.205375186978426,15.852594
8895.0,24987.5,1267.5,12.6,12.3397274,13.016293378155563,13.852091405862543,13.968723436893093,13.792405
8805.0,25497.5,1627.5,16.2,16.14918137,15.82350337008003,15.666695434514448,16.329533030227466,16.248655
9145.0,24747.5,1732.5,18.5,17.26836014,16.71911772840821,15.039836860912255,15.04557745543264,14.622013
8945.0,25812.5,1612.5,13.9,13.91422272,14.875840788620861,15.36,15.4,15.5
9045.0,25587.5,1777.5,14.9,16.48135757,15.260458319327252,16.0049917051803,16.8,16.244963
9045.0,24972.5,1732.5,17.2,17.19075966,17.195912013609306,16.2,17.318157638727936,17.51
9095.0,24972.5,1822.5,16.4,16.66834831,16.481189195022797,15.928688390888768,16.24945058559719,16.710266
9095.0,24972.5,1807.5,18.8,18.01652718,17.46345117772883,15.915579206104908,16.24945058559719,16.710266
8925.0,25707.5,1642.5,12.7,13.4954567,14.103687610222938,15.608613709905166,15.831725023506445,15.629454
8755.0,25812.5,1402.5,14.7,14.69999886,14.8,14.887615207513496,15.109574708236256,14.293834
8825.0,25797.5,1552.5,18.9,17.15582657,17.848070714659297,15.541455078977863,14.815022639691959,15.411622
9135.0,24777.5,1792.5,14.0,14.16794395,14.7,14.906971793276938,14.924880126324258,14.84648
9075.0,24387.5,1537.5,22.8,23.05593872,23.01808988060046,16.8,16.097947378972414,16.340853
9245.0,24432.5,1597.5,13.3,13.30000019,14.18519836493231,15.210502651356334,16.275307810593546,16.8
9145.0,24837.5,1822.5,13.1,13.14932156,13.679108129440477,15.048819252647819,15.21741783478361,15.1
9015.0,24597.5,1327.5,11.0,11.11972904,11.627345420885453,13.97626864508939,12.556447256824336,13.409439
9025.0,24597.5,1282.5,14.5,14.37736511,14.330181335020749,14.01,13.776577281400588,13.671081
9075.0,24597.5,1462.5,14.6,14.60000038,15.56098009853514,15.099885006085394,14.8,14.882815
8895.0,25707.5,1522.5,13.8,13.89790535,14.29822056679959,15.395763803151137,15.904617431971149,15.182081
9135.0,24747.5,1762.5,15.4,15.44231319,15.329754470029547,14.924641660600393,14.504266539995847,14.33238
9015.0,26592.5,1792.5,14.5,14.51171589,14.689417855294762,15.689813181749622,15.537584758378147,15.896041
9105.0,24387.5,1357.5,15.3,15.28241253,15.64096188979728,15.977786644591815,14.776353907931178,15.181538
9045.0,25167.5,1822.5,22.2,22.20000267,19.719853354012976,16.15456649728541,16.58658738695094,16.8
9085.0,25587.5,2272.5,9.34,12.03394985,12.664035056982717,16.90245612908914,20.260642487840297,18.074177
9035.0,25992.5,2272.5,16.47,16.88793945,15.604568999554578,16.39888394754381,19.05188340573827,18.041195
9045.0,25497.5,2287.5,13.3,13.84248066,14.053737041905627,17.84098887809722,14.592429439694055,18.02006
9095.0,26007.5,2302.5,26.72,22.70690536,19.290237469555986,14.611596561963264,18.5,14.416681
9025.0,25992.5,2257.5,13.83,18.54434395,15.946179809291756,15.926666975187176,14.331180690068702,15.599944
9075.0,25992.5,2212.5,14.44,15.4901123,14.691748938691351,15.022814705149633,15.682499990030172,15.89637
9045.0,25392.5,2272.5,19.24,18.81424332,16.4,18.5,21.9397965059478,19.247877
9065.0,25092.5,2242.5,17.37,18.16727448,18.734950706993775,18.02537839933405,20.352090056948068,19.920828
9125.0,25077.5,2242.5,25.96,24.53936577,21.911465886348868,17.842625362502854,19.412303492889503,18.993517
9065.0,25197.5,2272.5,24.01,23.55637932,20.673595263784925,17.60751281940644,23.003756440060304,21.258535
9045.0,25287.5,2257.5,15.79,16.73489761,16.25295046275143,18.12137697091322,16.8602768918675,16.856228
9015.0,25542.5,2197.5,23.35,22.21459389,20.32213907399646,19.205401288190362,20.05705041200894,20.260891
8985.0,25167.5,2272.5,20.78,20.14517021,19.15032224284965,19.276091913361306,24.375187248761645,22.06908
9065.0,25197.5,2242.5,21.87,22.5603466,20.306638586767452,17.78006950456742,19.06627581142286,19.17996
9065.0,25242.5,2257.5,19.99,21.10344315,18.954177625309892,16.858299425451246,16.50280984214745,16.399563
9045.0,25242.5,2197.5,16.87,16.81688881,18.72022519698101,18.899772230298694,18.890758811402396,18.16754
9095.0,25407.5,2227.5,12.01,13.2220068,13.203461308138122,16.630140350971004,17.08511677756054,16.87106
9105.0,25947.5,2152.5,20.16,18.97972488,18.27465506212451,16.75270934378307,16.066386001575392,16.690313
8995.0,25782.5,2197.5,16.45,16.90090942,16.993665751901958,18.7197985454733,19.28,18.9864
9025.0,25992.5,2242.5,24.35,20.77255821,19.31957665115959,16.411049504929128,17.71913728679846,17.261309
9135.0,25992.5,2212.5,10.95,12.63182926,13.981957872489678,15.123349967794084,14.5,15.7952
9005.0,26052.5,2242.5,18.72,11.65999985,17.9,18.03979821554106,19.292952766773844,17.423332
9015.0,26052.5,2212.5,16.89,18.33117867,17.730682092183162,18.021493124390364,19.35526115467496,18.08376
9025.0,26037.5,2197.5,26.22,23.4217701,20.45,17.8,16.876780019055605,15.842673
9115.0,26097.5,2197.5,12.65,13.00617886,12.561589809109039,13.852676254702487,14.280427293731304,13.669801
9155.0,26097.5,2227.5,19.18,17.3892498,16.186740259231346,15.52718787202292,15.269548312991764,15.599248
9145.0,25452.5,2287.5,25.09,24.74552536,22.8569622866271,18.02463403484376,19.06400507295787,18.4935
8975.0,25647.5,2182.5,19.89,19.33733368,18.048701279199847,19.775658884669113,20.2049907736911,19.448452
9135.0,26097.5,2272.5,20.45,18.36794281,14.411257058403352,14.090557431754378,16.38911811276947,15.1
9045.0,25557.5,2272.5,26.99,24.48923874,16.607188470492904,19.093208945639102,24.473131076592498,22.082167
9105.0,25557.5,2272.5,38.75,30.86226082,25.525735443582434,18.937950635279215,26.994591659428316,22.1325
9175.0,25497.5,2272.5,28.0,27.80647469,23.971450604725757,18.081894690308392,25.319459403151747,20.443714
9145.0,25587.5,2287.5,23.56,23.99328804,22.30614710032874,18.182402352951996,19.06400507295787,17.505531
8995.0,25632.5,2272.5,23.6,22.71552849,20.26816222169782,18.95987125026398,22.89416612962713,21.6011
9115.0,25797.5,2272.5,9.69,13.29672146,14.059133781707066,17.192168345387834,20.40030886223621,19.490599
9095.0,25842.5,2272.5,29.54,22.75481224,21.289496878150427,18.62330950223316,21.209298252285308,20.260782
9125.0,25797.5,2227.5,17.05,17.16030312,17.945520868522337,17.5,17.596726718508698,17.661034
9025.0,25887.5,2272.5,25.41,21.37240219,19.66831259287719,17.793040629589456,21.720920197421435,19.699339
9095.0,25887.5,2257.5,26.14,21.93207932,19.354308964686783,18.03607344355862,15.611256945023511,15.5689535
9095.0,25902.5,2287.5,20.03,18.23223686,18.693807734332943,16.87283344864702,17.50632755424708,16.627478
9135.0,25947.5,2287.5,13.34,14.49603176,13.740685297394673,15.335339539142975,15.599921896574697,16.0
9085.0,25947.5,2272.5,17.04,17.61314201,17.504507298330992,15.69,16.391398393349064,16.467585
9025.0,25992.5,2302.5,11.66,11.65999985,13.02479597409203,15.25785848052457,14.096880105051262,14.387463
9095.0,26007.5,2272.5,16.41,17.00801086,17.63685033575194,14.33140291811751,16.50725331847249,14.32934
9125.0,25977.5,2302.5,16.27,17.51434708,15.630441534440422,16.141482814659575,20.1879112499337,17.601255
9135.0,25977.5,2287.5,15.12,15.31727219,14.167398700764357,15.16269182993122,15.644811272920181,15.199401
9135.0,25977.5,2272.5,17.42,15.3644619,13.848231824470448,15.4639914149979,17.388155554731174,16.872335
9155.0,26007.5,2302.5,25.87,16.92651749,15.567548625700303,14.860572967474052,17.195751794311267,14.02503
9155.0,26007.5,2257.5,16.99,13.04286385,13.097378602853446,14.517315416327671,12.061459271853684,12.1504345
9125.0,26052.5,2302.5,17.5,15.44636059,15.543925346380085,15.2,17.453361590174765,15.499726
9135.0,26052.5,2302.5,11.21,14.75865459,13.9813549961015,14.636467739274744,16.74030712634652,15.783249
9155.0,26037.5,2272.5,7.2,11.00117493,11.042987042623999,13.532582443819914,14.4551714048039,13.335823
9155.0,26037.5,2257.5,11.47,12.35391426,12.61758717858278,13.80848400285418,12.118645000765799,12.359649
9075.0,24942.5,2137.5,27.88,27.07837486,21.2,19.273279377082876,19.093771309687074,18.179943
9205.0,25002.5,2167.5,22.89,20.27684021,15.606006158784547,18.54776674139552,17.753559834583474,19.234535
9045.0,25827.5,2212.5,19.44,19.27900124,18.163038011815182,17.5,19.542149279696606,18.19302
8975.0,25032.5,2152.5,26.52,26.1836586,25.01139883184102,21.103311755763073,22.08174951950691,22.2
9045.0,25152.5,2182.5,26.98,26.57564926,22.728710356967525,19.591025768129057,19.60285457977425,19.179546
8885.0,25287.5,2167.5,38.46,29.0906601,30.13581073185933,21.810026925060473,23.16309674503968,22.359083
8905.0,25272.5,2182.5,37.59,34.61853027,27.98050926769812,20.831928878935496,22.102280956329324,20.731586
9015.0,25512.5,2107.5,27.1,24.87880516,22.623638605300002,20.395420942078626,21.209404464935375,20.965607
9065.0,25692.5,2107.5,27.68,23.84113503,19.291340052548005,17.410720819659772,16.28872876229932,16.50622
9255.0,24702.5,2212.5,23.25,22.50253487,20.628968663880762,19.15759365163217,22.608347107446715,21.087313
9165.0,25077.5,2167.5,23.79,23.36639214,20.024044802282987,17.366857094354682,17.366781856771986,18.311224
9025.0,25437.5,2107.5,23.79,22.96831512,22.199228843480892,20.368845198626257,21.209404464935375,20.86074
9245.0,24702.5,2242.5,20.34,20.37264633,19.44068310542833,18.72037800282671,18.731028688629202,18.95315
8995.0,24972.5,2137.5,28.51,25.53500748,22.958797229999625,20.447595180325102,20.77889679284523,21.197502
9095.0,25047.5,2122.5,22.42,21.35699654,19.594020693239592,18.077701036683916,17.73207854694471,17.5
9045.0,25347.5,2092.5,23.0,20.52698708,19.804269659482774,19.514175824574064,19.32042726583488,18.700039
9065.0,25647.5,2107.5,15.68,15.52139854,17.901340524261936,17.6,19.037380147256407,18.682592
9015.0,25647.5,2107.5,20.63,20.56583023,20.316783253943377,19.652162201185664,20.30242025206641,20.39185
8985.0,25032.5,2167.5,29.72,28.34173584,25.168899915306568,21.129838321290666,22.10424687127593,22.16382
9065.0,25752.5,2092.5,19.61,19.25937653,17.8,18.074791480293417,17.851160191665414,17.5
9035.0,25752.5,2107.5,22.22,20.95506096,19.602385070467705,19.54116456274186,20.02306811452688,19.376696
9075.0,25617.5,2107.5,19.19,18.24697876,17.929111322951595,17.70654250827008,17.387597862121545,17.197084
8995.0,25647.5,2092.5,20.26,20.22477531,20.555139616592555,19.926197976577917,19.901009901560172,19.734432
9085.0,25062.5,2137.5,21.14,20.36577988,20.45,17.8,16.4,14.988571
9105.0,25707.5,2197.5,23.47,22.2577858,21.142842122462106,17.756693269605716,16.58206378430878,16.8
9155.0,25152.5,2167.5,13.01,13.9646349,14.8,16.965408771609383,16.381649958254123,16.940483
9205.0,25002.5,2122.5,26.96,24.75579834,21.799383813242073,18.711583542402746,17.22172910440112,18.434946
9035.0,25032.5,2227.5,18.09,18.6484623,18.94930433945484,19.528246840818806,21.19119015040883,20.985666
8875.0,25452.5,2137.5,28.65,27.92974281,27.69307731981244,21.93246903055379,22.695891942195207,21.197737
9105.0,25092.5,2167.5,26.39,25.6517086,22.51358739466689,18.043486735816746,19.143796707143558,19.278267
8995.0,25752.5,2107.5,26.3,23.11593246,20.39315531973677,19.933475853629552,20.4,19.692144
8945.0,25167.5,2167.5,18.78,18.72379684,19.772404788164554,21.141374471726053,20.831572305700444,20.778645
9215.0,24747.5,2182.5,19.68,19.84345627,20.029600651525445,19.226611653945973,19.8058097177346,18.80344
9025.0,24972.5,2122.5,19.02,21.09285545,20.398762920307814,20.444421731097393,21.4393200500369,22.2
9145.0,24852.5,2152.5,23.29,23.01739311,20.81377407575452,19.197984711399847,18.983422832493215,18.744532
8965.0,25092.5,2152.5,19.93,20.16479492,22.18343474243431,21.02821407173949,22.478583686712216,22.068983
8965.0,25152.5,2122.5,17.92,18.53638458,20.504070482524696,20.80893900669654,20.462000685458452,20.317936
9205.0,24747.5,2212.5,20.26,21.77732658,19.949667534435324,18.697340875363185,17.45974938117134,18.426683
9255.0,24852.5,2182.5,23.11,22.76652527,23.384876400644842,19.34585551577448,22.59825249265653,20.842798
9275.0,24792.5,2212.5,26.63,19.7482338,22.794206164154,19.189451774782416,21.427212292943594,20.688597
9055.0,25002.5,2182.5,22.07,20.17959785,19.800574981780812,18.908302732719278,18.631987378026732,18.19085
9035.0,25347.5,2092.5,17.55,19.82050705,19.2144194364461,19.932104999035946,20.021563614631948,20.25058
9055.0,25392.5,2107.5,12.98,13.38725853,16.39524901478769,17.8,17.026558681675894,16.8
9065.0,25197.5,2167.5,19.4,19.87752342,19.930979130563145,18.49849394796329,19.52281746846146,19.80365
8995.0,25752.5,2137.5,15.36,18.81340599,17.196390779557394,19.61186837634606,19.30621861817578,19.110891
9125.0,25152.5,2242.5,24.47,23.6422596,20.630279474723302,17.73051636082976,18.14662672633162,18.04069
9065.0,25467.5,2152.5,20.73,19.7052021,19.279474873708157,18.442358064336535,19.825706203630713,19.39231
9045.0,25602.5,2122.5,21.28,21.15313339,20.397993969613474,19.342747844075966,19.290440603034423,19.29019
9135.0,25152.5,2197.5,23.53,21.41197205,17.75867034062358,17.361810286352785,15.849660779916753,16.690926
9115.0,24942.5,2227.5,20.4,19.90682602,19.369692919168106,18.962480248371364,20.939012399843417,20.019154
9045.0,25032.5,2242.5,23.22,20.96052933,20.529060221193657,19.290762444811794,20.809883321267183,20.639967
8985.0,25302.5,2167.5,24.13,20.59841728,20.99009793527613,20.703999241012482,20.835416819966163,21.3523
8995.0,25257.5,2272.5,22.78,20.88338852,20.411023487689015,19.220006905864558,24.483162462668876,22.2
9135.0,25257.5,2212.5,14.75,15.24954414,15.242955223504097,17.23451921733775,16.711673001146877,16.869
8995.0,25752.5,2122.5,16.39,19.88153458,18.176859356938976,19.722498241447912,19.996223557019448,19.50025
9225.0,24852.5,2242.5,17.72,19.07335281,18.962131021667133,18.991124005802956,19.64030295225215,20.583282
9195.0,25002.5,2257.5,22.91,22.34430504,20.026831455069313,18.02125049969337,18.062199598867284,17.802654
9035.0,25242.5,2182.5,19.96,18.49306107,19.876461220390812,19.650395314085358,19.939552055289163,19.321068
9125.0,25257.5,2182.5,15.98,16.70232773,16.723893229463304,17.401908802220404,17.098992400805635,15.890517
9095.0,25257.5,2122.5,16.24,16.40382576,15.895345455769508,17.5,17.32742268340222,16.367601
8995.0,25302.5,2137.5,19.31,19.88977814,19.83753057168523,20.26802573450928,19.97137677394384,20.010736
9085.0,25407.5,2197.5,20.99,19.63471413,18.20731913248181,16.387428592602554,15.624064366219496,14.265373
9085.0,25467.5,2137.5,18.08,17.95398903,16.41461025250009,17.60179660815557,16.368678109676917,15.600817
9125.0,25587.5,2257.5,27.31,26.79996681,22.0560029905841,17.705020910564745,16.887648947010227,15.956172
9175.0,24747.5,2257.5,10.58,12.15965271,14.464072136866916,17.966397149062573,17.8,16.637571
9055.0,24747.5,2257.5,30.82,29.38910484,23.422671629084263,17.823053090434552,16.2,16.03235
9245.0,24792.5,2272.5,20.43,20.9988575,19.49406784067041,19.198261045908122,25.248083784148847,22.402172
9105.0,24942.5,2242.5,20.65,19.58979988,19.86275510112334,18.722233908738133,20.30023382474531,19.458454
9055.0,25002.5,2212.5,17.95,18.57090569,18.785724214911983,18.49302734615173,19.200085436178046,19.58258
9065.0,25197.5,2182.5,23.96,20.46217728,20.255474601624975,18.3042964165875,19.198428038408498,18.179785
9195.0,24747.5,2227.5,23.52,19.65002251,19.93227035795813,18.65611008337462,18.5,18.497246
9255.0,24897.5,2227.5,30.29,26.96967506,25.13650438669554,19.238558493605858,23.117406829470998,22.269321
9065.0,25197.5,2152.5,19.23,19.20365143,19.47488248820109,18.45202266584899,19.497387618146806,19.80365
9015.0,25272.5,2182.5,19.13,19.0932312,19.37735949615822,19.89653295665356,20.04850848068775,19.352556
9105.0,25257.5,2152.5,21.9,20.89979362,19.539126876137026,17.592141398030698,17.6,17.253967
8975.0,25302.5,2182.5,15.87,17.52588844,17.5,20.16818261461363,20.363617658894018,19.6468
9045.0,25467.5,2182.5,19.16,19.43870735,19.795361303605002,19.50792347749603,19.959513592106227,18.899893
8975.0,25107.5,2212.5,40.83,37.63652039,27.326356324130902,19.80248433955597,21.285755973545466,20.211973
9135.0,25887.5,2152.5,18.05,17.87197876,16.653689605357833,16.70211131356539,15.4,16.732313
9085.0,25992.5,2152.5,11.42,13.1761713,13.951546903180711,14.504480162119137,14.137862104497303,14.677138
9085.0,25707.5,2197.5,24.93,23.50471306,21.18401818332478,17.5,16.418882311147495,15.62058
9055.0,25692.5,2227.5,17.15,17.61705208,17.703715127173396,16.8,16.0,16.770327
9075.0,25902.5,2182.5,21.09,20.45934486,18.5,17.501155186782153,16.501895810048666,15.405506
9085.0,25947.5,2197.5,16.03,16.05219078,15.773202070778504,15.627866809671897,15.534455481526736,14.779646
9095.0,25947.5,2197.5,16.31,15.7696743,15.60355402482472,16.58574288277715,16.097013597909655,15.639664
9115.0,25947.5,2182.5,13.33,14.67739582,13.998566040384068,16.40066189427312,15.184617442199755,15.506057
9015.0,25752.5,2167.5,19.46,18.57598686,18.230055852238582,19.503112350964145,20.381015689219733,20.172743
9085.0,25947.5,2287.5,18.72,17.74816513,17.752625241032348,14.834606418079165,12.878220151050021,14.119546
9015.0,25692.5,2197.5,7.78,10.7548418,9.906323695190208,17.49473712882627,17.141997759605456,17.923157
9135.0,25737.5,2242.5,20.39,20.10279083,18.610079691732153,17.766023558490936,16.985792057305478,16.623909
9055.0,25797.5,2227.5,18.02,19.06660271,18.7521619775982,17.098474875846353,17.507825269826014,17.518736
9075.0,25797.5,2182.5,19.19,19.58585548,19.17492798700196,17.78604058856,16.4,15.670231
9085.0,25557.5,2197.5,19.65,19.15052986,19.346197683660456,17.184315139652536,16.6,15.784802
9155.0,26007.5,2272.5,6.26,10.43257332,11.632450104711152,14.24,14.791598415729801,13.20075
8915.0,25287.5,2152.5,14.99,15.80451012,19.27769037385756,21.14343302641486,20.39528522364681,21.813335
9105.0,25287.5,2227.5,19.18,19.03216743,16.17287866962833,17.36605417209557,18.03388398998469,17.604822
9135.0,26052.5,2227.5,17.33,15.87030029,15.249012470657298,14.613495493742334,14.076931120363895,14.810125
8975.0,25857.5,2122.5,19.53,18.51036644,18.968794753169163,18.610724622735347,19.082886848319248,19.01595
9075.0,25977.5,2272.5,14.68,15.46897125,15.818711955028457,15.2,16.594999494361424,16.0
9145.0,26037.5,2212.5,15.61,14.97068501,15.49737706877274,12.929669559718496,13.39885218015662,13.331912
9065.0,25557.5,2212.5,18.95,18.82811928,19.009698032865682,18.04,20.396970919591617,19.290777
8985.0,25857.5,2107.5,16.85,17.38799286,18.09472270023344,18.69986119965416,19.31831290130591,19.113667
9155.0,26007.5,2182.5,22.6,21.98710251,16.538026714852418,14.5,12.37,12.4957285
9165.0,25197.5,2182.5,19.07,17.75272369,16.05504713898056,16.5,15.983998412348884,15.740615
9145.0,25407.5,2272.5,22.89,23.37147141,20.386426999336273,17.60737102588469,22.068699562334405,18.068836
9075.0,25887.5,2287.5,16.59,15.26225662,15.51380410238426,15.161856034030656,14.148212851538247,14.477567
8975.0,25542.5,2287.5,13.41,13.30000019,15.213273742146805,17.963032168576095,15.606612148195234,18.743198
9175.0,25797.5,2317.5,20.86,20.8599987,18.17805574460235,16.67697113949269,20.715013189039645,18.899946
9095.0,25692.5,2227.5,21.63,20.97975349,20.562825797656274,17.335102119299144,16.24026465980821,17.164421
9105.0,25842.5,2242.5,16.05,17.85736656,17.38322362443689,17.605446294356312,17.8379345808974,16.712597
9035.0,25497.5,2077.5,25.24,25.24000168,22.40833486671838,20.146911517477086,20.941877718598416,20.685297
9005.0,25032.5,2182.5,19.65,20.10322762,22.872944818415366,20.37201695481814,21.394310594827623,20.443295
8995.0,25692.5,2227.5,25.51,24.01371193,22.063586970210192,18.41048772402801,18.514068565298018,18.881449
9075.0,25902.5,2272.5,13.95,15.72378826,15.563206642355121,16.406058910288525,18.89979808412349,17.8
9095.0,25647.5,2257.5,13.52,13.84544945,15.135022981306918,16.752131405144347,15.116559564475354,15.66126
9015.0,25632.5,2227.5,26.38,25.38414192,22.627729106147005,19.153108528910604,20.31123210247952,20.35775
8995.0,25692.5,2137.5,17.61,17.77155304,17.82021705146594,18.876442613934653,16.93251110801929,17.6
9055.0,25602.5,2062.5,21.86,21.45667267,18.938779667897148,16.897240927705305,16.26665109834585,17.466553
9065.0,25842.5,2287.5,9.45,12.61203098,12.704879484094743,15.094877820676215,12.992445743003874,14.735351
9085.0,25872.5,2287.5,12.45,13.97429371,15.63040984888109,15.12665037504359,13.06685112222855,14.144041
9095.0,25797.5,2212.5,26.31,24.1176815,21.884864505306144,18.177236521032572,17.8,17.674631
9105.0,25722.5,2272.5,18.7,18.02462578,17.5,18.410758150697664,22.378007025925907,20.678404
9175.0,25332.5,2227.5,8.27,8.33418179,11.005772998620634,15.79955411955594,16.6,16.4
9135.0,25527.5,2257.5,18.95,19.46858025,20.72570177725218,17.67643705411274,16.281293439298487,16.110518
9045.0,25617.5,2257.5,7.7,11.17370319,13.6738041899387,17.3624135137052,15.626878029104239,16.843943
9125.0,26022.5,2137.5,16.26,15.66087437,14.771730662717125,12.865082120598393,11.706048563385249,12.112383
9125.0,26082.5,2137.5,16.63,16.30822563,14.12110834571725,14.21344161968924,13.640477412990423,13.146491
9135.0,26187.5,2107.5,11.81,11.57416344,11.441965772940753,11.13498109392145,12.716786554284964,12.590145
9065.0,25047.5,2242.5,19.29,18.9377079,19.140403752861676,18.078058877558906,19.317610831558437,18.562603
9085.0,25047.5,2197.5,12.12,14.05531693,16.19032099237024,17.23199554612494,16.579077780100857,15.096308
9075.0,25227.5,2197.5,12.81,14.85342503,16.219337186543232,17.15195613502948,16.404965050552963,16.0
9115.0,25497.5,2227.5,17.8,17.85901451,17.109566208237137,17.8,19.13496552443784,19.0799
9155.0,25227.5,2242.5,10.23,11.04140949,12.57706940735998,16.31,15.897517092969041,15.6081
9085.0,25422.5,2257.5,4.35,9.01896381,7.233313837830675,15.553401126600598,12.874572149737693,12.81803
9155.0,25377.5,2257.5,12.58,14.05284309,14.690929564206382,16.03420550552347,14.50438396254693,14.24
9155.0,25122.5,2257.5,13.51,15.1186657,15.578686873213845,16.69,15.760968406105441,15.640371
9015.0,25122.5,2272.5,14.71,15.14713383,16.582993225637175,19.19,23.978360342909664,21.2
8955.0,25227.5,2257.5,16.1,16.38685036,17.18937921709566,18.402329250094546,17.52711158656828,17.8569
8975.0,25197.5,2257.5,13.49,14.52738667,15.76900673084614,18.687370096315895,18.193090723609753,18.417116
9135.0,25272.5,2257.5,16.66,16.49930382,16.088796844542145,16.956636523601798,16.0,15.599698
9045.0,25452.5,2257.5,18.9,18.58644867,16.796988785185277,18.06501261310242,17.168305693582568,17.200314
9095.0,25512.5,2167.5,11.98,13.0581255,15.024730553618403,17.797457744580512,17.9,18.186974
8955.0,25392.5,2092.5,19.58,19.7116127,21.0575075052193,21.032286413317756,19.442265009092882,19.319956
9185.0,26052.5,2302.5,17.68,17.07726479,14.94028802824349,15.506050137182132,17.1585237444199,16.194065
9105.0,26022.5,2197.5,9.43,10.98413944,12.119266845096638,12.697801079106823,12.711678300690284,12.712044
9165.0,26127.5,2182.5,11.95,12.34896851,12.625673559924971,13.5000033034152,12.156663275332596,12.991874
9165.0,26232.5,2197.5,16.25,15.61787701,14.592270219696124,15.11813531536373,14.140003199548428,14.0879755
9085.0,26022.5,2242.5,11.16,12.28953075,13.304803980174079,13.019040982662046,12.6,12.220182
9045.0,25932.5,2302.5,10.45,12.38376999,12.623649324573769,14.707748563611,13.263795268755564,14.503155
9105.0,25632.5,2272.5,14.09,14.1232338,15.810688055330443,17.900355679199887,22.71787286121921,20.79141
9025.0,25437.5,2272.5,20.58,20.14455986,19.2416850330497,19.00790525446643,25.332069604715507,22.073843
9025.0,25497.5,2197.5,18.18,19.98183441,18.919827186866545,19.196720462947717,20.05705041200894,20.011726
9055.0,25677.5,2077.5,6.6,10.49835587,13.054329220667116,16.220631885968267,15.025288720520411,15.921492
9055.0,25497.5,2197.5,24.12,22.58610153,21.331417350885257,17.513618350050123,17.086858196583037,17.5
9105.0,25347.5,2257.5,16.69,16.17718124,15.794363328291679,16.69,16.67664887385914,14.974821
9085.0,25557.5,2242.5,19.35,19.77722359,16.06923428251009,17.20027110156374,16.380970394242347,16.174032
9065.0,25557.5,2197.5,15.59,18.24846077,18.0308005792333,17.92499392350464,19.164934274029292,18.186602
8845.0,25392.5,2062.5,27.4,28.42717171,27.01079991356125,20.73153148570406,20.856147403396037,19.926664
8835.0,24582.5,2152.5,20.4,12.15999985,17.567154480390695,20.513481393124504,19.92218498381296,19.81932
9075.0,24402.5,2257.5,16.2,17.41292953,16.849551052008664,16.037143799035604,14.975804078009102,14.818114
9065.0,26127.5,2227.5,11.2,12.37934589,12.6,14.692704823998756,15.79571149626287,16.872835
9095.0,26127.5,2167.5,13.3,13.32376289,13.10810680295967,13.555590064330758,13.637849390479984,14.246306
9225.0,24657.5,2257.5,16.8,17.37231064,17.5,18.383327956083203,19.209628708981946,18.072563
9225.0,24657.5,2242.5,23.8,22.08018303,20.268436950882766,18.495724768274133,19.19962055823893,19.189003
9235.0,24657.5,2227.5,22.8,21.27209663,19.34375373629641,18.769568501592158,20.441627109744335,19.599894
9245.0,24657.5,2197.5,18.4,19.04711914,19.319459719914033,18.702745989527653,18.89982353465161,18.982672
8925.0,25152.5,2077.5,33.2,28.37963104,25.696296629121477,21.523873226885023,20.475307575425123,20.31159
9145.0,25152.5,2182.5,13.1,13.58525276,15.362384054589155,17.047090743928027,16.45368517038889,16.01809
9165.0,25152.5,2152.5,16.0,16.2022171,15.984422940094412,16.881889890185303,16.36643110026688,17.066156
9075.0,25062.5,2152.5,18.5,22.47735596,18.9591764326099,18.223073242890212,18.0778698594426,17.8
8985.0,25302.5,2107.5,21.6,21.60000038,21.178293826717965,20.81295476250777,21.152602405635143,20.954067
9255.0,24792.5,2257.5,19.5,18.67218971,19.184821640628673,18.782911274891788,20.98885296420827,19.92037
9255.0,24792.5,2242.5,17.8,18.67966461,19.048391454789694,18.98796381434793,21.219770139894887,20.984312
9145.0,24642.5,2272.5,21.2,20.93374062,18.255590297011278,18.837388096692735,23.01341311544922,19.92797
9045.0,25107.5,2107.5,17.9,18.86940575,18.438659334952412,19.909147034274213,20.007707037227448,19.897093
8965.0,25197.5,2092.5,25.3,24.47005844,22.893377205461164,20.964051391745002,20.32293208078262,19.54792
9125.0,25002.5,2212.5,18.2,18.84393883,18.688634698019623,18.70261896381068,20.018306451381452,20.021759
9125.0,25002.5,2197.5,16.7,17.23864365,17.485961808533727,18.415630311318438,18.70110643160297,18.72033
9055.0,25002.5,2167.5,21.8,20.9178257,20.94896372334393,19.0322329643966,19.1006119120652,19.864021
9095.0,25002.5,2167.5,13.8,16.97050476,18.163599013289822,19.011045715153248,19.67309294100828,19.603434
9095.0,25002.5,2152.5,22.2,20.55868721,20.97157252806591,18.975745350773952,19.64147735117654,19.603434
9135.0,24927.5,2182.5,18.5,19.19375038,19.435708256617353,19.16997666426046,18.969447857968795,17.60783
9135.0,24852.5,2182.5,19.3,18.73313332,18.95874977702782,19.181217810560145,18.515620638513557,17.055513
9105.0,24852.5,2152.5,17.3,17.90880585,18.75753397820802,19.212600492837918,19.31033193463781,19.233444
9095.0,25122.5,2092.5,13.6,13.66407681,15.082448675175591,17.522821659987592,17.040902164836258,16.948988
9035.0,25287.5,2077.5,16.6,16.23671532,17.90671034943112,19.99639096342479,20.55357724260793,20.412231
9035.0,25287.5,2062.5,17.2,15.45030308,17.796393299263727,19.456932329588458,19.458882495598385,20.008121
9045.0,25287.5,2047.5,14.1,13.85237122,16.579038222505087,15.223467654525725,15.913494354676342,14.93653
9055.0,25287.5,2032.5,13.5,13.35661983,14.796725839671364,14.621503701111369,14.401992774238314,13.973999
8955.0,25092.5,2167.5,29.1,28.38686562,25.911142992545226,21.24572685131233,22.203393579603084,22.404299
9165.0,25167.5,2242.5,16.7,18.24313736,14.286969637644038,16.446950788844937,16.225906086366635,16.607283
9175.0,25167.5,2227.5,15.3,15.17975903,14.765996842182044,16.261242871085358,16.87934484439078,17.137074
9165.0,25227.5,2227.5,12.3,12.22163391,13.393270095977494,16.175927121382166,16.21969134045527,16.21191
9165.0,25197.5,2227.5,15.2,14.80184269,13.83,16.29597776163899,16.49290671179979,17.200422
9175.0,25197.5,2212.5,12.6,13.8447361,13.8,16.20540516599501,16.87086686128624,17.476479
9165.0,25272.5,2227.5,14.4,14.58207703,12.995953960229143,16.20014901690592,16.21969134045527,16.21191
9175.0,25272.5,2197.5,15.6,15.48792934,14.258173766862319,15.930404166847357,15.5,15.113199
9085.0,25917.5,2107.5,23.0,21.99760628,17.9,15.92083939513251,16.24090724951489,15.386835
9115.0,25932.5,2152.5,19.6,19.00361252,18.700072838893863,16.703818715635734,15.4,16.669085
9085.0,25077.5,2257.5,19.6,19.79957962,20.294172965174514,16.568106149643032,15.28756782589718,15.3347
9105.0,25227.5,2122.5,12.7,13.06599712,15.223308306554237,17.5,17.5,16.5
9185.0,25227.5,2182.5,14.9,15.40286255,15.10764901433557,15.82334387862476,15.908912046832715,15.193921
9125.0,25137.5,2092.5,12.7,13.75662994,15.126758655111367,17.56641727260017,17.19422118817244,17.191774
9105.0,25047.5,2152.5,20.3,21.11268616,20.833112525761088,18.179897271239675,18.41596416022245,18.5
8995.0,24942.5,2092.5,20.2,23.51110077,19.637480436619338,20.301431329498303,21.836299188458646,20.863737
9145.0,25002.5,2227.5,22.2,21.75819969,20.977788571348547,18.647469201859384,19.52708848648479,19.285643
9155.0,25002.5,2182.5,21.3,21.29963493,19.806489824437183,18.91391919388559,18.948869055765577,17.775114
9165.0,25002.5,2152.5,17.7,19.3004303,18.51374554854966,18.947371356459126,19.275974662341152,19.34397
9105.0,25107.5,2122.5,16.8,16.18235779,16.859481278548284,17.740111045727648,17.5,17.337994
9115.0,25107.5,2107.5,13.0,13.57522869,14.01421332070389,17.752796111534174,17.810667837231517,17.700449
9165.0,24597.5,2257.5,16.8,16.56841087,16.72345073491894,17.972376019758766,17.251527486662706,16.559788
9145.0,24747.5,2227.5,16.8,16.20456886,16.627873437372,18.661920442676934,18.414792615389473,17.78748
9025.0,25047.5,2107.5,17.5,18.0705986,20.168654051034224,20.383135399742834,21.34377461851958,20.821774
9065.0,25002.5,2062.5,15.2,16.34675789,16.39978005684279,18.518471758919286,19.936450555318864,19.661852
9145.0,25002.5,2092.5,14.8,16.63977814,17.76252716479105,18.783465343878298,18.899803776224534,18.691227
9165.0,24642.5,2227.5,14.8,16.21149635,15.792127387652062,18.08994744342843,18.21714164174411,17.518013
9135.0,24807.5,2212.5,14.2,14.96818829,16.27938361719622,18.825408048188244,18.890838037028786,18.432747
9075.0,25002.5,2077.5,16.5,16.64534378,16.631416751198124,18.902011689421943,19.318030262395794,19.324583
9115.0,24852.5,2137.5,19.8,19.25146866,19.91338477400986,19.2197912574678,18.17721998590774,17.85155
9005.0,25047.5,2137.5,16.6,17.46084785,19.678389266716625,20.382696031260416,20.4,20.260418
9045.0,25047.5,2077.5,17.5,17.67047119,17.765467204283034,19.80521023559491,20.33632419567023,20.032705
8895.0,25272.5,2227.5,23.3,25.1240406,23.006414439167745,19.3098656886281,22.429216067763683,20.80245
9205.0,25047.5,2182.5,12.7,12.58724499,12.931067493468607,16.4,14.672583161274162,14.25983
8915.0,25152.5,2092.5,18.5,22.22337723,19.316707076995907,21.05736452304451,20.01295746185699,20.156727
9015.0,25092.5,2092.5,22.3,21.09689903,20.4,20.291321738736833,21.430717626006988,20.925268
9105.0,25047.5,2092.5,16.8,16.98435211,16.409554152902494,18.04,17.66565761283337,17.609539
8955.0,25047.5,2122.5,21.3,21.22155952,20.586035255240404,20.99342304203482,20.71700536265698,20.753359
9025.0,25002.5,2137.5,22.9,21.81699944,21.70497944255198,20.396524881778213,20.4,20.97033
9185.0,24942.5,2242.5,21.2,20.62648773,19.096697655815618,18.687297967110727,19.29165316955375,19.804052
9205.0,24942.5,2182.5,23.8,23.06531715,18.5,19.18562805625464,18.41487225203483,18.039845
9155.0,24912.5,2137.5,19.1,19.37433815,20.392462978494105,19.18994446471864,18.03829521225988,17.69829
9105.0,24912.5,2197.5,16.9,17.25343323,17.596096233791084,18.696015815530675,18.713091257640492,18.5
9195.0,24777.5,2197.5,18.7,19.00683784,18.791311403305887,18.517669236102474,17.51,17.5
8985.0,25572.5,2167.5,16.4,17.87942696,17.5,20.642875154807403,21.789641887170298,21.645761
8985.0,25587.5,2167.5,19.8,19.65263367,17.5253922906585,20.63722473894465,21.789641887170298,21.645761
9045.0,25602.5,2167.5,19.5,19.93158531,18.448655541207188,19.350360725309095,19.79505614275958,20.296507
9035.0,25332.5,2062.5,27.4,25.17614746,20.63220840664205,19.574609028137434,19.458882495598385,20.008121
9085.0,25677.5,2167.5,12.9,13.77828121,15.582561012441909,16.5,15.121021265496951,15.037116
9085.0,25677.5,2137.5,12.4,12.92814732,14.601886156385516,16.4,14.243196160166033,13.910669
9135.0,25047.5,2092.5,19.4,19.01790619,17.42974708212341,17.992604680216445,16.7,17.104786
9175.0,25047.5,2242.5,24.9,23.92398453,21.204165245399754,17.097161913211828,16.901513342459236,16.7
9135.0,25137.5,2077.5,16.8,15.95504665,15.841340918014959,17.424353378470737,16.76,17.5
8705.0,23607.5,1912.5,41.57,41.56999969,29.21674626524422,26.300582851659723,26.731828202927762,26.636448
9015.0,23697.5,2062.5,29.46,28.79816818,24.171079219626794,22.59487156623488,23.00382808995966,24.11454
9035.0,23697.5,2032.5,26.79,25.91469193,21.422024324039082,25.49476743252863,26.300933134664227,26.348051
8615.0,23802.5,2137.5,23.44,22.20000076,24.089171987965347,19.432215698766147,22.908950290501327,26.234966
8875.0,23802.5,1807.5,37.6,37.03915024,27.957278282117922,25.07861085677252,37.504587501042565,27.303871
8925.0,23802.5,1732.5,33.38,33.85412979,31.191781727284784,25.56360352321037,37.50489674564627,31.08744
8675.0,23907.5,2137.5,22.25,23.27000046,25.89786691774819,23.004864307549663,25.1711543397565,21.829292
8715.0,23892.5,2047.5,23.27,22.08641624,22.90191994018714,22.60567514053457,18.477613384238992,17.083263
8785.0,23907.5,1882.5,39.85,36.01231766,25.895464748882297,21.821060024080246,21.206631798248804,19.997978
8975.0,23907.5,2122.5,25.02,23.78772545,19.031861976902583,20.258126614913397,21.228009567411355,20.639027
9025.0,23907.5,2032.5,19.27,17.79468346,15.16557175884946,16.595138564300246,17.77866870353556,18.07906
9055.0,23802.5,2092.5,28.16,24.03421593,18.173655887582793,19.86679265401875,20.373350365547232,19.413958
8855.0,23802.5,2152.5,22.08,20.61049271,14.939228044086878,18.426416173011834,18.96595888341773,18.700224
8815.0,23997.5,2242.5,36.46,34.20262527,30.11882511451397,23.576517211369044,23.249304350100765,26.994217
8895.0,23997.5,2092.5,31.68,26.71114159,21.70261921163693,21.345841717902356,20.392789487631873,22.069405
8685.0,23997.5,2107.5,29.1,30.27000046,27.15006635315582,24.20624510208313,26.37345865253333,24.557236
8715.0,23997.5,2062.5,41.68,38.50941849,28.652108931608268,21.428428412462605,22.96256980108997,23.307772
8765.0,23997.5,1987.5,43.35,37.41538239,21.49601607482247,20.027157866993974,25.473164984220855,22.078169
8755.0,23742.5,2197.5,8.31,21.80999947,15.480222634047125,16.948681922934526,16.163505518034043,17.8
8815.0,24102.5,2017.5,28.33,25.80843925,19.40074615612275,16.35671046095376,16.024722952728954,19.189154
8835.0,24207.5,2002.5,16.74,18.3786602,18.16438213339588,16.007048603821897,16.598151430515223,16.652855
8855.0,24207.5,1927.5,22.09,21.42614365,18.171279839274046,16.0,16.468083861582194,16.716002
8915.0,24207.5,1762.5,22.39,22.07936859,22.50270002575293,20.591638654118036,21.156233436391513,20.382559
9055.0,24207.5,1267.5,23.58,23.57999992,20.783490213326548,19.92070024976213,15.73,16.894215
8775.0,24297.5,2137.5,23.94,21.84529305,20.64833352073479,19.822800628713853,20.133350745792562,21.731983
9025.0,24312.5,1492.5,36.24,34.63669205,27.619614701495138,21.114167701058953,22.5348198125834,23.26489
9065.0,24312.5,1372.5,15.59,15.62246895,15.85538734608551,19.902124166656677,20.4,22.494537
9215.0,23697.5,1957.5,31.13,31.12999916,22.788419231896043,27.03461111739241,26.814011315631483,25.320072
9155.0,24102.5,2182.5,28.26,28.26000023,23.545533898818963,20.649809927679332,20.48396795364587,19.797745
9165.0,24102.5,2152.5,24.55,22.47382927,19.155201593201348,21.746966041067584,21.130801431699837,21.216413
8595.0,24042.5,1957.5,59.66,48.6161232,37.5830427751132,29.563932960294416,29.96872318634166,27.161417
8605.0,24042.5,1942.5,35.66,36.45808792,32.38990872685029,29.616519879702388,29.50345807495633,29.81235
8605.0,24042.5,1942.5,22.91,36.45808792,32.38990872685029,29.616519879702388,29.50345807495633,29.81235
8605.0,24042.5,1927.5,22.55,23.73302841,26.59284637073281,29.499385802946723,30.013606070411434,29.423473
8625.0,24042.5,1882.5,29.73,28.92584419,29.96757858789073,27.81781456339453,27.58292617801151,28.613337
8635.0,24042.5,1882.5,34.09,34.09000015,30.14155145272657,19.47105142674503,18.09739920153055,28.613337
9045.0,23697.5,2032.5,21.23,24.83356857,20.578622232203518,25.586063000910123,26.111391851148973,25.177134
9055.0,23697.5,2017.5,26.3,23.85415459,21.09292946876606,26.032839381387745,27.31246482132902,25.238213
9065.0,23697.5,2002.5,42.74,39.43835831,23.79408193351038,26.502704748213283,30.97833521138528,27.357122
9065.0,23697.5,1987.5,26.56,23.44762993,22.18021796908716,26.796755147203385,31.02849910925304,30.552534
8695.0,23907.5,2137.5,32.22,28.1198864,26.958430447649533,22.4151414145192,22.734187713830607,20.776558
8715.0,23907.5,2092.5,29.14,23.27000046,27.56020928349177,21.283876387465117,23.904939915063405,23.956514
8725.0,23907.5,2077.5,22.61,21.13073158,22.907064177150822,20.3693538611578,24.1513839779684,23.983316
8765.0,23907.5,1987.5,40.06,33.3405304,22.07011080402366,23.04381324271532,26.80685699170692,23.115171
8785.0,23907.5,1942.5,24.84,23.14711952,19.964211628113986,21.870102203087463,20.39274014309111,18.74427
8625.0,23967.5,2167.5,41.04,32.22000122,29.101615598367236,24.58238730665148,28.332108786289414,31.609863
8665.0,23997.5,2092.5,17.73,23.27000046,22.046448015909665,23.79222446941673,25.031291425525765,22.890627
8705.0,23997.5,1987.5,54.25,45.134758,25.02681184915146,20.547561484079907,23.110605934188957,23.218317
8985.0,24222.5,2257.5,21.76,17.38507843,20.56731631714818,19.266680204021924,19.30555067357907,19.016264
8995.0,24222.5,2212.5,17.5,17.23594093,18.07343731449788,19.409574368538745,21.283306958478462,19.895718
9005.0,24222.5,2197.5,16.76,16.85778618,17.74926799970372,19.432107640400698,20.2694103703284,19.438906
9015.0,24222.5,2152.5,24.38,23.48588181,20.77603479733923,20.633718823741823,21.801569936704368,20.778082
9045.0,24222.5,2077.5,22.14,24.50115395,19.90736727113002,20.649519119155826,20.263071291328533,20.319782
9055.0,24222.5,2062.5,27.05,23.69971085,19.899642165674383,18.71058712743705,17.046921002964783,18.241259
9095.0,24222.5,1957.5,25.36,22.48586464,17.82465255325689,15.599390802203574,15.286766120973697,15.215612
8575.0,23757.5,2047.5,22.2,22.20000076,21.878083861003173,27.46227642427301,35.78127161253861,38.788662
8825.0,24297.5,2062.5,26.22,25.24554443,25.39448622929523,20.140581158703306,23.016316144606257,24.838968
8835.0,24297.5,2062.5,31.06,25.40958977,24.15869117819717,20.244998915160807,22.69948493044143,24.653385
8845.0,24297.5,2032.5,28.63,25.97399139,23.65462716412647,17.555636257157886,19.19641978241731,21.181707
8865.0,24297.5,1972.5,22.94,23.01029205,18.417686040777603,17.5,19.290915025687326,20.018238
8875.0,24297.5,1927.5,27.1,25.47858429,19.401479020245628,17.730847367639306,20.569595270523404,21.138271
8935.0,24297.5,1792.5,29.7,26.41509056,24.016863889703597,23.56215220227124,26.236292461512875,25.711954
8935.0,24282.5,1762.5,32.33,27.01181221,22.79501441454443,23.17187948562489,25.90481281974852,25.95302
9015.0,24282.5,1552.5,28.18,28.6336937,26.546159932232975,23.79434259093021,26.20220740013557,26.324863
9025.0,24282.5,1522.5,28.15,29.21648216,26.75681593175222,23.616399780451925,26.525408644057528,25.936357
9035.0,24282.5,1507.5,32.53,27.81679344,27.47014261716303,23.21753826051322,26.09220025581544,25.229324
9035.0,24282.5,1492.5,23.07,27.64554787,25.946156754983548,23.04003661879657,25.494419041154483,24.48703
9125.0,24102.5,2182.5,28.08,17.11397743,21.556365076450234,20.757719569707184,21.2,20.017233
9125.0,24102.5,2182.5,15.96,17.11397743,21.556365076450234,20.757719569707184,21.2,20.017233
9135.0,24102.5,2167.5,29.26,28.26000023,22.362535829533435,22.100815013906416,22.063279445252558,22.141594
9135.0,24102.5,2167.5,22.54,28.26000023,22.362535829533435,22.100815013906416,22.063279445252558,22.141594
9145.0,24102.5,2152.5,22.69,21.60158348,19.563600499419106,22.069629503973985,21.2308120451232,21.2
9165.0,24102.5,2122.5,18.9,20.22358704,12.499543297626545,20.47087872329245,19.186907187911647,19.24275
8605.0,24252.5,1897.5,35.9,35.90000153,32.1437156588438,28.598005247703796,30.773713643256453,28.50378
8615.0,24252.5,1882.5,30.74,30.73999977,30.170548181943452,27.212050327088807,27.090477164109686,27.441395
8855.0,23997.5,2197.5,48.49,41.82702255,30.436593859371296,25.832865476804223,25.761031695863124,26.779055
8865.0,23997.5,2182.5,60.87,41.54209518,34.060821118799,25.936582832834915,24.339808211389816,25.058233
8935.0,24012.5,2062.5,42.08,37.34954071,25.003456993576254,20.366920634736548,16.536299818859366,19.75176
8625.0,23967.5,2167.5,30.59,32.22000122,29.101615598367236,24.58238730665148,28.332108786289414,31.609863
9195.0,24102.5,2122.5,30.19,24.63570404,17.765878647966037,20.754761402326757,19.264306898393535,19.665543
8905.0,24372.5,2182.5,33.92,31.23677444,24.08083139390371,19.22038814987707,19.179397343179772,17.963772
9255.0,24447.5,2092.5,25.62,23.31415558,20.39425615124106,17.56362149075715,20.390052977607816,19.901987
9265.0,24447.5,2077.5,22.05,22.14183617,21.19334547725818,17.766770501283293,19.979300494751175,20.752548
9265.0,24447.5,2062.5,17.5,19.12467575,20.381852973403724,17.49066824992278,19.27025629008083,20.141087
8885.0,24417.5,2227.5,14.46,15.21768761,15.36,17.36962162377317,17.602094270347127,17.495235
8995.0,24417.5,2227.5,22.4,23.41561127,20.859216719217752,18.181447269001616,17.8,17.197695
8945.0,24477.5,2197.5,18.25,21.58569717,21.082244229042544,19.006842683591664,17.851101971543944,18.579697
8945.0,24477.5,2182.5,24.37,23.83288574,23.079303263475555,19.954501578041413,19.223827734969703,18.430061
9325.0,24447.5,2092.5,21.13,20.36983871,18.662703392321088,16.913131564010882,16.2,16.76
8925.0,24522.5,2182.5,30.25,29.33347321,25.03072468657024,20.716363912932735,22.384962559470377,21.2
9265.0,24462.5,2062.5,22.31,20.71004677,20.470903899970434,17.237029360820582,18.83548467182769,19.488926
9235.0,24522.5,2137.5,25.39,24.59882164,23.09115460211774,19.319769042581722,21.285213064135586,21.198
8885.0,24372.5,2242.5,15.6,15.88658047,15.622924717281876,17.093875796527776,18.32302790071555,18.17301
9015.0,24552.5,2227.5,20.64,23.78119659,22.054696747429748,19.456669684961756,21.984942460077413,21.2
9025.0,24552.5,2212.5,34.66,28.08277321,25.94483683539806,19.40053949741258,22.3752150151207,21.46619
9115.0,24567.5,2257.5,18.07,27.39815903,21.215052729914753,18.780389266057405,19.557186522581496,18.729008
9115.0,24567.5,2257.5,33.4,27.39815903,21.215052729914753,18.780389266057405,19.557186522581496,18.729008
9135.0,24927.5,2227.5,17.76,18.26768112,18.41909222693068,18.88515974783372,19.41734448528118,19.19
9135.0,24927.5,2197.5,23.48,20.05463219,18.791515407002777,18.628571292142553,18.04,17.877874
9205.0,24747.5,2227.5,26.81,20.18986511,18.802275342453207,18.621667444156483,17.49802170700437,17.800114
8985.0,24717.5,2242.5,20.45,22.03733063,21.220806372858945,19.394515494108084,19.15633139234659,18.074036
9065.0,24747.5,2077.5,27.37,27.37000084,24.164064521500787,19.598341866582242,20.31798142762588,19.20343
9235.0,24987.5,2212.5,18.17,20.11516762,19.92033547728389,19.28467833092581,22.699744129053897,22.193289
9235.0,24987.5,2212.5,20.05,20.11516762,19.92033547728389,19.28467833092581,22.699744129053897,22.193289
9225.0,24987.5,2197.5,30.04,30.31987381,20.98803684815813,19.162372532980115,20.964804477915163,20.44262
9215.0,24987.5,2182.5,36.75,26.97541809,19.566513929947707,19.330992750090747,22.077947732695637,19.922892
9215.0,24987.5,2182.5,16.63,26.97541809,19.566513929947707,19.330992750090747,22.077947732695637,19.922892
9205.0,24987.5,2152.5,13.04,16.29730797,15.554970905649272,19.15516500810479,18.5,19.384552
9195.0,24987.5,2152.5,15.83,15.55175018,15.898340913352664,19.169160474909937,19.464672271931867,19.84561
9195.0,24987.5,2137.5,14.7,19.56999397,17.949209271944962,19.17880595809635,18.5,18.40608
9185.0,24987.5,2122.5,28.51,26.43708611,22.2,19.294052666066666,19.2905094868407,19.729557
9205.0,25062.5,2197.5,11.15,11.10295868,13.778891020346551,15.69,14.084181506136495,13.808064
9205.0,25062.5,2182.5,10.08,12.0848217,12.646290334214015,15.842247621956732,14.672583161274162,13.607129
9205.0,25062.5,2167.5,15.26,17.01874924,14.620623019893758,16.14875496665431,14.956634411685613,15.111275
9205.0,25062.5,2152.5,14.33,15.77153587,15.116819408369347,16.147502170305938,14.93631407020996,15.111275
9115.0,25032.5,2167.5,21.92,24.08895493,23.994101541401555,19.160820646916203,19.908704342652612,19.799149
9115.0,25032.5,2167.5,33.87,24.08895493,23.994101541401555,19.160820646916203,19.908704342652612,19.799149
9115.0,25032.5,2152.5,19.2,21.50330544,20.631865876276255,19.10354805974108,19.89878319288793,19.799149
9125.0,25032.5,2137.5,19.56,19.54466248,19.52157892971305,19.070192204794193,18.784091354519582,18.071587
9135.0,25032.5,2107.5,18.42,18.07548714,17.016729464583147,19.002859554329266,18.78740025046615,18.497023
9145.0,25032.5,2062.5,13.44,14.53675175,14.520347584028134,18.025665443757912,17.79796860645069,17.841208
9155.0,25032.5,2032.5,12.45,12.64899921,13.403756767035896,14.313072762220187,14.325420237050807,14.817731
9155.0,25032.5,2017.5,11.4,11.91825485,12.6,14.250048920012686,13.973962372338468,14.315013
8955.0,25017.5,2077.5,14.28,16.48161507,18.721817625300254,21.086960950606333,20.491890362917058,21.09409
8965.0,25017.5,2047.5,15.92,17.03279686,18.455923470471276,15.644251441907091,16.664714435773817,16.265282
8965.0,25017.5,2032.5,17.77,17.73348618,18.949002314984106,15.228167987710462,16.149973968185034,16.097256
8965.0,24972.5,2077.5,38.47,25.43397522,22.567673381301105,21.218904554298685,21.884064682246578,20.968086
8965.0,24972.5,2062.5,19.15,27.66848183,20.871714001891384,20.47134554796908,20.545399352870653,20.429413
8975.0,24972.5,2032.5,27.53,26.23547935,22.342282858211508,15.36,16.4,16.82396
9165.0,24927.5,2107.5,20.56,19.57447624,20.6465793079763,19.22674833706373,19.184319004329996,18.717653
9165.0,24927.5,2092.5,14.12,17.67981529,18.40399131825804,19.18096189071606,18.685260082875907,18.492786
9175.0,24927.5,2077.5,27.37,23.93320084,22.900839406319637,19.423648917001998,19.42927248203217,19.9202
9195.0,24927.5,2002.5,13.49,13.43395138,13.523459064839846,14.01,14.5,14.902635
9195.0,24927.5,1987.5,12.6,12.9116888,13.012814612792274,14.000648811417383,14.15474270402917,14.198725
9225.0,24402.5,2242.5,17.54,17.60672951,17.14242616940707,16.689337362165112,16.693116471042888,17.606667
9315.0,24372.5,2257.5,26.53,24.30999184,24.814629144803295,16.594793464063624,17.906308585826753,15.793558
9325.0,24372.5,2227.5,16.41,17.9470768,16.998042726451924,16.249201466433206,16.712783463445742,16.436703
9275.0,24447.5,2242.5,19.91,19.52737808,18.769045357110606,16.7,17.758808333766577,18.725643
9095.0,24477.5,2242.5,12.14,13.8660078,14.410048218900743,16.627290550772592,15.923568387707826,16.35256
9165.0,24567.5,2122.5,25.99,24.9962883,23.7952072507652,19.47455855211963,19.797377238323612,19.598053
9285.0,24552.5,2227.5,16.4,17.10271454,17.8,18.723016221013584,20.365434221171586,20.341558
9295.0,24552.5,2107.5,22.12,22.06131554,20.763217758116408,19.3052994312912,21.601169413386174,20.246206
8905.0,24567.5,2197.5,23.72,24.74045753,22.702144876060885,19.362488130998795,21.79787794531431,22.029678
8925.0,24567.5,2167.5,25.6,14.46000004,24.469197052993724,21.398285833084454,22.908039580514426,23.156408
9275.0,24627.5,2257.5,22.76,22.11984634,19.291793218729655,18.29435334054077,19.807086515441554,18.066202
9275.0,24597.5,2152.5,19.19,19.69458771,18.073928859599096,18.794991420716656,18.755037815227787,20.219376
9165.0,24627.5,2272.5,16.6,16.3524456,16.8,18.47822783314957,22.600005829599635,19.005379
9185.0,24567.5,2062.5,31.95,28.80388832,25.031292587282465,19.36181852037867,19.95384948082454,21.543314
9215.0,24552.5,2137.5,25.24,22.9256382,22.30832183151808,19.46025802408308,20.733728938254064,21.191454
9215.0,24552.5,2137.5,21.11,22.9256382,22.30832183151808,19.46025802408308,20.733728938254064,21.191454
9215.0,24597.5,2257.5,12.67,15.07221603,15.934984137994991,18.196065193039832,18.950507050585355,18.893631
9045.0,24672.5,2257.5,15.03,15.02999973,16.390076029834535,18.45978560899651,16.731911775383114,16.8
9165.0,24672.5,2212.5,15.63,16.62844849,16.394341365791846,18.02336468512731,18.09168064853163,17.589989
9165.0,24732.5,2122.5,22.04,21.86266136,21.2,19.191080043644845,17.704715455166056,17.049746
8995.0,24957.5,2122.5,15.36,19.0459919,18.767273841232964,20.39574231113473,22.084845037375118,21.836433
8995.0,24957.5,2107.5,14.33,16.93432808,17.855111950215754,20.455428395313792,22.506546154155323,22.055494
8995.0,24957.5,2092.5,11.21,15.91377354,18.461707661910495,20.269746668399197,21.836299188458646,20.863737
9005.0,24957.5,2077.5,39.6,31.86194611,21.902123838523213,20.856571150178375,22.338612495308745,21.82948
9015.0,24957.5,2017.5,34.18,30.55594254,21.282045344059586,15.292607318301835,16.1325402922137,16.421782
8975.0,24987.5,2107.5,24.2,21.47451973,20.51532983150151,21.097792622450523,22.189540628837893,22.074753
8985.0,24987.5,2107.5,20.81,21.02737045,20.26369313120275,21.018712299673968,22.189540628837893,22.048092
8975.0,25032.5,2152.5,31.65,26.1836586,25.01139883184102,21.103311755763073,22.08174951950691,22.2
8975.0,25032.5,2137.5,16.88,24.7150631,22.070274299128318,20.97881392935149,20.517787760335693,20.650423
8995.0,25032.5,2092.5,39.17,22.29791069,23.192413377273628,20.468230476010334,21.042056771433188,20.964846
8995.0,25032.5,2092.5,15.73,22.29791069,23.192413377273628,20.468230476010334,21.042056771433188,20.964846
8995.0,25032.5,2077.5,18.75,20.4782505,19.600749331392418,20.648061105272532,21.807682587299553,21.880796
8865.0,25347.5,2107.5,34.33,34.04048538,31.011451354429436,22.26387764701912,23.90672047241986,22.508547
8995.0,24717.5,2227.5,21.23,21.13164139,21.261834273443363,19.562746037482103,19.247997856177374,18.746828
9255.0,24672.5,2257.5,18.49,17.94899559,18.743912211031635,18.437869472401527,20.530548652248505,18.899847
9255.0,24672.5,2242.5,15.16,17.09831047,17.8,18.5,20.78822190238054,19.778954
9265.0,24672.5,2227.5,13.83,16.6547451,17.799568102144796,18.72368094299871,21.311083513843354,20.37209
9145.0,24927.5,2197.5,15.23,19.14448166,18.5,18.566104209958457,18.021641881688502,17.723217
9145.0,24927.5,2182.5,19.83,19.41160583,19.28,19.161813217732757,18.941629779407364,17.608206
9205.0,25062.5,2182.5,9.17,12.0848217,12.646290334214015,15.842247621956732,14.672583161274162,13.607129
9125.0,24927.5,2257.5,15.64,16.80504036,18.025919670340503,18.437592350973613,19.098038573407017,17.593515
9105.0,25032.5,2197.5,18.76,15.25824356,18.5,18.458650615814275,18.70110643160297,18.41416
9105.0,25032.5,2182.5,17.86,25.18434143,19.28,19.01279089961847,19.33724250501772,18.036432
9175.0,24987.5,2107.5,15.55,26.07840157,27.711212618984575,19.296317115390455,19.925941003738714,19.905268
9175.0,24987.5,2107.5,42.97,26.07840157,27.711212618984575,19.296317115390455,19.925941003738714,19.905268
9165.0,24987.5,2092.5,24.7,22.05401421,19.580135894329516,19.18103255349925,18.99721399944096,19.00939
9165.0,24987.5,2092.5,16.5,22.05401421,19.580135894329516,19.18103255349925,18.99721399944096,19.00939
9155.0,24987.5,2077.5,20.25,19.82833672,18.5,19.24866635643603,19.318870513784717,19.401144
9145.0,25032.5,2047.5,15.16,14.32472229,14.434138680077004,14.915976818661346,15.20597596680122,15.2
9015.0,24987.5,2017.5,12.13,15.45190239,16.033599664391303,15.226637810101835,15.853819803296695,16.69
8905.0,24507.5,2257.5,12.85,15.07766438,14.410114878863313,17.773538669187758,15.289059676057674,17.5
9175.0,24927.5,2062.5,13.55,15.50874996,16.36803527136245,18.907773804087746,18.787572314202592,19.290922
9045.0,24927.5,1987.5,16.39,18.2797718,15.985247269613584,14.605850690428449,15.226622038400603,15.4
9245.0,24747.5,2077.5,20.09,18.42922592,19.60262290627308,19.380471313542934,19.926696399519468,20.014381
9245.0,24747.5,2077.5,17.41,18.42922592,19.60262290627308,19.380471313542934,19.926696399519468,20.014381
9245.0,24747.5,2062.5,25.95,20.83115005,19.9941260095815,19.083720131411578,19.19,19.354116
9245.0,24747.5,2062.5,14.95,20.83115005,19.9941260095815,19.083720131411578,19.19,19.354116
8975.0,25017.5,2002.5,17.8,17.83292961,17.82029356041456,15.040355089267512,15.677244018291223,15.651417
8985.0,25017.5,1972.5,17.11,17.10403061,16.76,15.06801389335733,15.560606251320698,15.3306675
9275.0,24597.5,2167.5,18.94,19.34126282,18.40586891983018,18.908045545857146,18.971270766684658,20.219376
9225.0,24492.5,2152.5,24.0,23.69885445,23.06481562475022,18.74145647999487,19.091406415353564,19.274784
9015.0,24927.5,2107.5,36.51,31.9051342,24.786906926381228,20.64335596365778,21.84018756464474,21.98614
9015.0,24927.5,2092.5,34.89,30.93485451,20.37074433001556,20.383863698364316,20.926681236949257,20.805769
9015.0,24927.5,2092.5,15.92,30.93485451,20.37074433001556,20.383863698364316,20.926681236949257,20.805769
9025.0,24927.5,2077.5,20.97,20.18789864,21.018717752371693,20.649056257342366,21.628308112884586,21.650902
9225.0,24552.5,2107.5,16.08,16.05993843,18.789271629399135,19.623587858799706,22.138864110098517,22.18284
9155.0,24597.5,2077.5,22.07,22.7038517,20.250867549590136,19.462462795579395,18.113886456121758,18.12324
9295.0,24597.5,2077.5,16.31,20.76740837,20.397646594668,19.315223513587004,20.26195665843392,19.27487
9295.0,24597.5,2062.5,22.06,20.1191597,20.422323171615044,18.99054044357352,19.36201526887666,18.91412
9255.0,24747.5,2017.5,20.82,20.82242966,19.822052334074314,14.323022555882154,16.7,15.810137
9085.0,24747.5,2032.5,15.63,15.47682381,16.66551934207529,14.499752215661864,14.279457861359276,13.3
9245.0,24687.5,2077.5,20.54,20.7946701,19.553965742851194,19.358994980836318,19.999867591980983,19.924564
9275.0,24657.5,2077.5,15.84,18.20563889,19.199122155254184,19.310828739457815,19.822531851693924,19.442019
9295.0,24597.5,2047.5,17.82,19.04771614,17.77917973714526,14.565080114140915,16.2,15.173511
9115.0,24597.5,2227.5,25.73,21.97108078,19.237896290696174,18.8129804930716,19.098784013563424,18.977083
9255.0,24597.5,2257.5,20.72,19.14469337,19.35648973208455,18.490582407468867,20.258939930685308,19.381405
9295.0,24687.5,2122.5,12.71,13.18561649,16.289542259658596,18.04,16.460275365524915,16.794464
9105.0,24642.5,2242.5,10.11,12.56548786,15.034849513786499,18.406022716082308,18.61705818237401,17.608057
9205.0,24747.5,2242.5,10.99,14.32525253,15.227135476422221,18.178894084540673,16.5,17.320662
9195.0,24927.5,1987.5,12.61,12.9116888,13.012814612792274,14.000648811417383,14.15474270402917,14.198725
9145.0,25032.5,2077.5,14.24,16.17916298,16.178784910561447,18.670884435693,18.70601116567996,18.5
9085.0,24987.5,2137.5,18.18,18.97364426,19.815298395731975,19.02768999090591,18.036938286653776,16.600576
9175.0,24957.5,2167.5,20.38,20.6649437,18.85960261422997,19.199632503600817,20.343232300374932,19.903328
9085.0,24987.5,2122.5,20.45,19.16003799,20.438022130050776,19.095893411859656,18.75550787020539,17.195162
9045.0,24987.5,2047.5,19.78,19.39053535,19.292059020751147,15.4,16.6,16.75505
9125.0,25032.5,2122.5,19.08,19.89532471,18.283137444758655,19.027506333423325,19.303316262231508,18.899975
8985.0,24972.5,1987.5,17.83,15.82882977,16.966620051364924,15.183663962511735,15.631376637293794,15.801362
8995.0,24972.5,1972.5,12.94,15.81328583,15.787320283625684,15.14323941874282,15.5,15.722098
9065.0,24987.5,2167.5,16.69,18.72921944,18.40372091442726,19.461296041356537,21.797220905519954,21.140482
9035.0,24717.5,2062.5,15.22,14.29989529,17.603799641990776,19.818037125584162,17.968063265114036,18.96721
9275.0,24672.5,2107.5,20.77,20.50013924,19.911800849707227,19.20791486273609,19.802081717478437,18.949823
9285.0,24672.5,2062.5,18.59,18.96158791,19.063282806353783,18.794188905866207,17.5,17.555407
9205.0,24627.5,2077.5,25.57,24.75885963,22.79797263987872,19.600644438933095,17.521558381479323,18.923618
9195.0,24627.5,2122.5,20.78,21.25469589,21.64776779458636,19.236127930228307,18.098830233073365,17.769146
9295.0,24627.5,2077.5,30.63,26.11375999,21.146902437721078,19.301654471934217,20.564679714977654,18.689579
9275.0,24687.5,2017.5,18.04,19.18173027,17.791674925890426,14.20697262773947,15.09345308944837,14.51332
8745.0,24372.5,2122.5,24.49,23.30679703,23.240834578296905,18.78318729866196,18.95530171631196,16.791065
8925.0,24267.5,2182.5,24.03,23.38701057,22.279899881476137,20.32231058729657,20.702450187129823,19.179712
8985.0,24267.5,2107.5,18.68,19.45328331,19.179434222892535,20.364563903362352,20.401560767771624,20.019629
8995.0,24267.5,2092.5,14.5,17.50551987,18.036080602385898,20.169378082289384,19.574425862124546,19.32803
9095.0,25947.5,2032.5,8.83,9.81358719,10.358540191333145,13.3,13.956644754141246,13.389102
9085.0,25947.5,2002.5,11.64,11.40286255,11.671459212917185,13.193288252071952,13.214969011917795,12.402194
9085.0,25947.5,2017.5,9.55,10.19985199,10.921860341471874,12.93345206025519,13.218018887249874,12.37
9185.0,26367.5,2227.5,18.58,17.52999878,17.60095551941308,16.196666690514743,16.41463649837674,16.377176
9005.0,24777.5,1957.5,16.17,16.70999908,15.567589437825257,14.520339794045576,14.690239064765771,14.664707
8805.0,24462.5,2032.5,13.15,14.68693829,16.596054675942355,14.988775352216893,15.14060775145194,15.102741
8995.0,25677.5,2032.5,12.44,13.88489437,13.098450118889163,14.610216941156425,14.000914072220873,14.260882
9055.0,26157.5,1987.5,20.3,17.23221397,18.939884060562466,17.01753474383141,15.69,15.330501
9055.0,26157.5,1972.5,16.86,16.88127708,18.5,16.951706648747532,15.594372649046063,15.224795
9055.0,26157.5,2032.5,18.93,18.4579792,16.666760821828813,16.750990376454467,16.222677865522318,15.164438
9055.0,26157.5,2002.5,16.66,16.90493202,16.878461812216976,16.875433341137107,15.69,15.330501
9065.0,26157.5,1957.5,16.37,16.66550827,17.80842997381298,16.29885213011607,16.35440557932791,15.651935
9065.0,26157.5,1972.5,22.37,16.88130188,18.700073009566513,16.448302332222788,16.509734045562656,15.651935
8995.0,25662.5,2017.5,11.67,14.20172596,13.244704181549505,14.950120847709831,15.36,15.499212
8995.0,25662.5,2017.5,15.9,14.20172596,13.244704181549505,14.950120847709831,15.36,15.499212
8985.0,25662.5,1987.5,19.25,17.02298164,16.5,14.935802203514848,15.25572774566071,15.316941
9035.0,25827.5,2062.5,11.54,14.26826859,13.79862880866517,16.69604613286077,17.68694531853715,17.739265
9025.0,25827.5,2032.5,11.41,12.79360485,13.33353165487007,14.316055000392682,15.02941635082726,14.598322
9005.0,25827.5,2002.5,19.17,15.63209248,16.69,14.8,14.762512464560064,14.515111
9005.0,25827.5,2002.5,12.65,15.63209248,16.69,14.8,14.762512464560064,14.515111
8985.0,26082.5,2107.5,15.05,17.88381004,16.44982567254376,17.199816741788336,19.921759748201723,17.525322
9005.0,26082.5,2017.5,11.72,12.61614323,14.80505937105998,16.426865875210137,18.116575044517134,15.405328
9025.0,26082.5,1972.5,22.53,17.67483521,18.160639253525318,16.79434607358832,17.55256451859783,15.592315
9025.0,26082.5,1972.5,14.01,17.67483521,18.160639253525318,16.79434607358832,17.55256451859783,15.592315
9035.0,26082.5,1942.5,16.76,18.45117188,17.882777639715215,16.8,18.039691493548794,16.3501
9135.0,26022.5,2107.5,7.51,8.87449837,10.041311874570662,10.979060272496858,11.058571620340539,11.991557
9125.0,26022.5,2092.5,10.19,10.00930882,10.896152709282418,11.04375732758015,11.195688144394882,12.117221
9115.0,26022.5,2077.5,11.67,11.03834915,11.169801107268297,11.05692276065667,11.457826798858427,12.52443
9155.0,26217.5,2212.5,14.75,12.48771858,15.300703706954387,15.055144325739853,15.2,15.035973
9145.0,26217.5,2197.5,10.02,11.72812939,12.80032012772488,12.621937602818901,13.019470789594365,12.487162
9145.0,26217.5,2212.5,14.01,14.01000023,15.259210002069116,13.891652628955276,15.099906556862782,14.058595
9135.0,26217.5,2197.5,12.56,12.04839897,12.68091098605496,12.60608569324319,13.019470789594365,12.574519
9135.0,26217.5,2182.5,14.24,12.40781593,12.117886498070568,12.446641388150844,13.122583650877838,12.399027
9125.0,26217.5,2182.5,10.08,12.94910336,12.001960559328161,13.019069973776933,14.013061113086053,12.7
9115.0,26217.5,2167.5,14.61,14.17308712,13.30601732969884,13.667526105906258,14.350971629312982,13.63865
9115.0,26217.5,2167.5,12.86,14.17308712,13.30601732969884,13.667526105906258,14.350971629312982,13.63865
8735.0,24522.5,2137.5,21.15,21.8820076,19.75072222678036,20.4,21.173937093868904,20.298225
8805.0,24342.5,2227.5,14.97,15.07747078,14.823759357236558,15.16578320097102,13.973500910677714,14.459824
8815.0,24342.5,2197.5,12.74,13.35025787,14.410139656821636,15.208359504694757,13.370873423221092,15.192416
8825.0,24342.5,2182.5,11.05,12.96706486,12.6,16.25404466023986,16.704664074778186,15.359807
8745.0,24522.5,2122.5,14.06,13.97395134,17.159618708494907,20.316847413055985,22.69781783491088,20.551321
8755.0,24402.5,2257.5,14.02,12.84080601,12.811584266204369,13.950664993091832,12.415770841549664,12.608034
8755.0,24402.5,2242.5,12.09,13.27031422,12.51894899655449,13.998361248127294,13.665874787382444,13.519835
8755.0,24477.5,2122.5,25.33,23.74952126,23.052264519222657,19.708529602812433,19.370738027026047,18.438099
9045.0,26157.5,2122.5,8.78,11.80389881,13.31739793834244,15.329813803576025,15.308674756579281,16.88354
8815.0,24402.5,2137.5,12.16,12.30658722,15.36,18.05055961960354,15.490329625770745,17.060925
8825.0,24402.5,2092.5,22.17,19.90565109,20.7222227355402,18.97088224648057,19.17329576048452,17.822994
8835.0,24402.5,2077.5,16.97,18.12194061,20.27459533866938,19.309449037383008,19.599781809849684,18.721601
8855.0,24402.5,2047.5,15.2,16.34137344,19.644090898765448,15.69,15.510950326259477,15.225587
9125.0,26202.5,2182.5,10.19,11.76801682,12.00956254969721,12.898349997453156,14.294208611859755,12.7
9125.0,26202.5,2167.5,15.13,10.68053341,11.199104360503604,13.380285318781981,14.704815869816349,13.500016
9125.0,26202.5,2167.5,7.92,10.68053341,11.199104360503604,13.380285318781981,14.704815869816349,13.500016
9135.0,26202.5,2152.5,11.16,12.63648319,11.974192530818769,12.581412663123215,13.8,12.995556
9145.0,26202.5,2137.5,11.76,11.74466228,11.775151751079182,12.492704172071987,12.998585397761806,12.147386
9145.0,26202.5,2137.5,9.31,11.74466228,11.775151751079182,12.492704172071987,12.998585397761806,12.147386
9155.0,26202.5,2122.5,9.1,9.92582607,10.97134959495473,12.120480100828937,12.793416478539669,13.204671
9085.0,25797.5,2002.5,15.69,15.43937016,14.689224489362482,14.152775816439965,13.099070221397737,12.608854
9065.0,25797.5,1972.5,11.62,13.05504704,12.789389380227929,14.24,14.121508359440213,14.319447
9055.0,25797.5,1957.5,12.83,12.75440407,12.709988730281234,14.157787750927957,13.097615504843835,13.299686
9055.0,25797.5,1957.5,12.77,12.75440407,12.709988730281234,14.157787750927957,13.097615504843835,13.299686
9045.0,25797.5,1942.5,12.93,12.86191559,13.340972641379595,14.5,14.474209404188825,14.3
9035.0,25797.5,1927.5,18.16,17.33437729,15.39864645053472,15.02222997695347,14.809217853650278,15.119098
9035.0,25797.5,1927.5,16.51,17.33437729,15.39864645053472,15.02222997695347,14.809217853650278,15.119098
8855.0,24207.5,2257.5,20.85,20.22877693,19.1596514356369,18.950271873576316,18.700023720278324,17.852177
8865.0,24207.5,2242.5,18.11,19.5234375,18.038791213185903,19.322885851765147,21.2,20.649103
8885.0,24207.5,2182.5,21.54,19.51299286,22.20412873332776,20.389034844901587,21.139736296186868,19.976622
8835.0,24252.5,2242.5,17.17,18.26499939,16.871989385273093,18.74977636443885,20.47002609500424,19.378946
8855.0,24252.5,2197.5,20.02,20.41467476,18.068298375048307,19.220593764072582,19.36366346389763,19.041304
8905.0,24252.5,2107.5,16.21,16.99866295,17.73339572394505,20.235563587625396,20.45,20.639956
8935.0,24297.5,2257.5,24.23,22.00402832,20.37310830949449,18.991645080531317,21.88712559999863,21.849285
8955.0,24297.5,2197.5,20.59,20.44717979,20.62770744981287,19.526576311302566,22.539045697999857,22.50638
8935.0,24627.5,2047.5,13.68,13.33828926,13.317671345639049,14.976700524959238,15.281021619561887,14.941099
8925.0,24627.5,2032.5,14.94,14.33584976,14.265065913276226,14.501926300272531,14.688380481216218,14.8
9155.0,24357.5,2227.5,19.37,17.09138489,15.791439999023222,15.92463696794929,16.09590431524385,14.688651
9155.0,24357.5,2227.5,15.19,17.09138489,15.791439999023222,15.92463696794929,16.09590431524385,14.688651
9185.0,24357.5,2167.5,24.99,23.61523628,16.408627840299033,16.674170584948595,17.04851424600581,16.23902
9195.0,24357.5,2137.5,15.33,16.17912865,16.87403299792741,16.420962733180524,15.980357236667333,14.9503355
8805.0,24177.5,2212.5,27.23,26.14954185,21.63968459385135,19.13615954614172,20.93751425004833,19.528471
8955.0,26007.5,2032.5,13.68,14.34225464,13.519712868472043,14.754685352162824,14.126649099587528,14.441352
8965.0,26007.5,2017.5,14.71,14.35686111,14.456456152715198,14.9493311797252,14.133990029057154,13.850832
8965.0,26007.5,2017.5,14.27,14.35686111,14.456456152715198,14.9493311797252,14.133990029057154,13.850832
8995.0,26007.5,1942.5,14.91,15.5363245,15.22110952623469,15.320075229249431,14.113921854400767,15.147472
8995.0,26007.5,1942.5,14.15,15.5363245,15.22110952623469,15.320075229249431,14.113921854400767,15.147472
8995.0,26007.5,1927.5,19.72,16.58644867,16.15860990757116,15.392919099549681,14.322667682117727,15.223195
8945.0,26007.5,2062.5,13.29,16.1468277,13.985124913400684,15.1,14.599143050516743,14.849951
8985.0,26007.5,1972.5,11.93,12.57854939,14.167184106655418,15.116215515918357,13.984476950451818,14.410041
8995.0,26007.5,1957.5,13.43,13.63950634,14.713648236295368,15.124583845730948,13.528648950280095,14.410041
9105.0,24222.5,2212.5,16.7,16.88105011,17.521452264811998,18.029326245328644,19.290626603748805,18.785198
8835.0,24447.5,2032.5,21.79,21.92768097,20.72054618800061,15.645913377765972,15.603098300451022,16.399569
8755.0,24447.5,2212.5,13.1,13.83430004,13.794827448954242,14.31436424772317,14.321715410743172,14.116903
8785.0,24447.5,2152.5,25.94,23.2301445,22.890669133432695,19.263163537247305,18.991110744266138,17.819992
8785.0,24447.5,2152.5,22.35,23.2301445,22.890669133432695,19.263163537247305,18.991110744266138,17.819992
8795.0,24447.5,2137.5,19.33,18.25496483,19.66122495053016,19.174882174970122,18.205982920821665,17.9
8825.0,24447.5,2062.5,25.07,24.1509037,22.972068966921537,19.411573924560212,18.710598921756535,19.344334
8825.0,24447.5,2062.5,25.03,24.1509037,22.972068966921537,19.411573924560212,18.710598921756535,19.344334
8825.0,24432.5,2032.5,23.01,22.76969719,19.920287544678164,15.63167166383694,16.22452235844031,16.257769
8825.0,24432.5,2017.5,22.85,22.03431511,20.25201464098535,15.338885000657514,15.767476394959866,15.792918
8965.0,25932.5,2047.5,13.96,14.70007515,14.266476793526186,14.846288103423861,15.688881049059985,14.680211
8985.0,25932.5,2017.5,21.83,20.2919426,16.867439149709593,14.925803064430996,15.165915400809284,14.410078
9025.0,25917.5,1987.5,17.51,16.69201851,15.895225768500167,14.846028360612163,14.840078073996514,14.699803
9025.0,25917.5,1972.5,15.63,15.34831142,15.217879776416709,14.8,14.69472685097066,14.24
9035.0,25917.5,1972.5,16.45,14.3899231,14.84825820216663,14.647608152373914,14.615347133448289,14.24
9035.0,25917.5,1972.5,12.14,14.3899231,14.84825820216663,14.647608152373914,14.615347133448289,14.24
9045.0,25917.5,1957.5,9.94,11.97629929,11.677330142493174,13.8,13.983298040667632,13.617414
9055.0,25917.5,1957.5,13.7,11.79473591,12.45,13.62366320801823,12.943519674668371,13.267689
9055.0,25917.5,1942.5,11.55,12.15900707,12.498587847905615,13.8,13.32858394103949,13.730512
8755.0,24432.5,2227.5,12.15,13.17656612,13.25334129613558,14.275646248090455,14.369335759431547,14.363298
8765.0,24432.5,2212.5,17.14,15.26484489,14.420774907501523,15.260187995330652,16.372970911212136,14.471141
8805.0,24432.5,2092.5,17.75,19.8337574,19.760101556790676,18.945011379153275,19.28635050800102,17.8
8815.0,24432.5,2047.5,22.21,22.56860542,21.796077657064846,15.570032280052432,14.15930580824981,15.989001
9045.0,24672.5,1912.5,22.15,11.75200367,14.617477753318866,14.085575721921067,12.978138080823895,13.105155
9055.0,24672.5,1912.5,17.51,13.00328255,13.510360884731071,13.991719757411962,12.448765753371339,12.611479
9065.0,24672.5,1882.5,17.9,15.45214844,14.417163995260054,14.784443549058349,15.150143520805537,15.1
8925.0,24627.5,2017.5,15.49,14.81930256,13.830154897470605,14.253224001460854,14.265994091501142,14.202802
8775.0,23922.5,2197.5,21.81,23.72037315,18.194220814995116,20.990794937001517,19.356642955103784,20.269693
8795.0,23922.5,2152.5,19.43,17.78986549,17.151692515865978,19.638119883647878,19.601974409236295,19.437366
8815.0,23922.5,2122.5,13.74,16.07798958,15.552665452783565,18.49498650553521,16.30708203463007,18.5
8925.0,23907.5,2197.5,23.21,17.9391346,19.96348914476577,21.70454835683476,22.96291780686191,24.143047
8925.0,23907.5,2182.5,15.12,17.96351242,15.78330178324158,20.699506284916527,21.135719376927987,21.311289
8735.0,24522.5,2167.5,27.03,26.5164814,20.659849603011384,20.17339303079686,21.07824155793158,20.978796
9005.0,24072.5,2107.5,19.21,19.00666809,20.019519573569,17.750723020425983,18.945795429368935,17.383436
9215.0,24357.5,2092.5,18.98,18.75388527,19.45188265489177,17.402557340203934,17.79662997081869,17.849958
8865.0,24342.5,2062.5,14.89,16.64168549,17.873163158459096,19.231550645617627,17.775860714451373,18.164318
8665.0,24312.5,2077.5,27.58,26.21619415,24.074342701619198,21.58779975711493,22.890168571879588,22.137384
9035.0,26202.5,2092.5,24.84,24.07557297,19.178230697760046,18.229223518936056,19.920715317869053,17.562937
9105.0,26022.5,2062.5,16.93,12.36085606,13.084887847557864,11.670110350874447,12.4,12.45
9005.0,26082.5,2032.5,15.98,21.29662704,16.2,16.60486766895152,18.70006597496196,15.960564
9035.0,26082.5,1942.5,20.66,18.45117188,17.882777639715215,16.8,18.039691493548794,16.3501
9035.0,26082.5,1927.5,15.94,16.30896568,16.453129020250152,16.72537656519955,18.43638119682043,16.415642
8955.0,26007.5,2032.5,14.82,14.34225464,13.519712868472043,14.754685352162824,14.126649099587528,14.441352
8955.0,26007.5,2032.5,12.03,14.34225464,13.519712868472043,14.754685352162824,14.126649099587528,14.441352
9105.0,26022.5,2062.5,8.35,12.36085606,13.084887847557864,11.670110350874447,12.4,12.45
8955.0,23997.5,2182.5,23.04,22.11025238,19.233347220966312,25.294027332541503,23.57251923055703,22.836578
8965.0,25647.5,1927.5,19.28,19.28000069,18.060978001269554,15.218779808097525,15.406166670443053,15.330588
9145.0,26217.5,2212.5,22.38,14.01000023,15.259210002069116,13.891652628955276,15.099906556862782,14.058595
9125.0,26217.5,2167.5,18.04,13.71376133,12.30239522065842,13.490107372619638,14.350971629312982,13.500016
9075.0,26217.5,2107.5,14.11,20.60525322,13.80608494677707,14.290610223137985,15.60187517817263,14.075247
9075.0,26202.5,2197.5,15.03,14.94430733,14.638232957105616,14.986354487615856,15.229481625901617,14.184635
9065.0,26202.5,2182.5,17.5,16.02215004,16.245780576950178,15.69,16.38387904791114,15.563256
9065.0,26202.5,2167.5,23.86,22.58002663,17.077831948810896,16.015539125957044,16.79569540908983,16.464813
8975.0,26082.5,2122.5,22.61,21.48222351,18.418851220650048,17.422418393827297,19.157184358277938,17.5
9015.0,24777.5,1957.5,17.67,17.34419441,15.606836019804456,14.659115245520741,14.69313871675777,14.747115
9155.0,26022.5,2137.5,14.88,15.32563972,14.183051510340967,13.84988706773205,11.215074821201728,12.413308
8875.0,24207.5,2182.5,18.07,19.3133049,21.128047692729407,20.52970643427447,21.57536354586238,20.254517
9135.0,26202.5,2152.5,13.25,12.63648319,11.974192530818769,12.581412663123215,13.8,12.995556
9135.0,26202.5,2152.5,10.01,12.63648319,11.974192530818769,12.581412663123215,13.8,12.995556
9145.0,26202.5,2137.5,12.89,11.74466228,11.775151751079182,12.492704172071987,12.998585397761806,12.147386
9145.0,26202.5,2122.5,13.53,10.42229843,11.35107047075135,11.417220166226219,12.637998073365239,12.37
8855.0,24342.5,2107.5,17.99,12.15999985,18.788660028309046,18.74676931481679,17.9006800101015,17.834875
8935.0,24312.5,2062.5,20.97,19.53836632,20.30412677425,20.716582295285782,22.538627595050876,23.290127
9195.0,24357.5,2152.5,20.25,18.13742447,17.62252827520705,16.61524883190993,16.84033187535934,16.145452
8915.0,24327.5,2122.5,17.61,18.55499268,19.44742312520074,18.76077952583101,17.43966903764469,17.777775
8995.0,26082.5,2047.5,23.01,22.49358749,18.148952781730983,17.198220355826685,19.021990622073062,16.2
9115.0,26022.5,2077.5,11.14,11.03834915,11.169801107268297,11.05692276065667,11.457826798858427,12.52443
9035.0,25827.5,2062.5,14.21,14.26826859,13.79862880866517,16.69604613286077,17.68694531853715,17.739265
9035.0,25827.5,2047.5,13.66,12.9386692,12.98584275340689,14.2985388499354,15.26346089363847,14.857343
8985.0,25662.5,2002.5,15.67,14.98729897,14.3,14.939940741773869,15.254298540303187,15.316941
8985.0,25662.5,2002.5,12.37,14.98729897,14.3,14.939940741773869,15.254298540303187,15.316941
9075.0,25797.5,1987.5,14.92,14.78722191,14.253304368370133,14.267130356954361,13.429790501105817,13.293386
9065.0,25797.5,1972.5,14.35,13.05504704,12.789389380227929,14.24,14.121508359440213,14.319447
8995.0,25932.5,2017.5,14.64,14.5665369,15.926304600840794,14.947364105496083,15.165915400809284,14.410078
9005.0,25917.5,2002.5,16.44,15.81516552,16.38342967577746,15.025576687124165,15.023183295763989,14.860879
9015.0,25917.5,2002.5,17.65,15.89529419,16.4,15.174435490673462,14.837411069077671,14.720908
8685.0,24207.5,2212.5,21.28,7.96431923,11.444038750174917,15.265924380046686,13.999106651307251,12.940499
8735.0,24522.5,2167.5,29.8,26.5164814,20.659849603011384,20.17339303079686,21.07824155793158,20.978796
8915.0,26007.5,2122.5,11.86,13.96000004,13.8,15.4,14.977671056789648,15.25096
9145.0,26202.5,2137.5,14.01,11.74466228,11.775151751079182,12.492704172071987,12.998585397761806,12.147386
9095.0,26022.5,2062.5,12.71,13.34737682,12.414480430554354,11.998409244667405,12.419133750971998,12.37
8745.0,23877.5,2212.5,9.79,13.49251938,12.45,11.423429064272513,10.840455273084695,10.375409
8985.0,23967.5,2137.5,24.47,25.07332802,20.490227019754432,22.0804986350011,18.476549476191515,18.089016
8995.0,23967.5,2122.5,28.65,25.69680405,21.64827459871194,21.130346221137003,19.17874093110094,19.348866
8765.0,24072.5,2167.5,16.04,16.56871986,16.39690713448767,17.498887023089246,19.804690718483847,18.090673
8995.0,24072.5,2137.5,18.42,18.84233856,19.17825574384902,17.586804368120045,17.78402438051265,16.31
8835.0,24102.5,2122.5,18.4,17.36271667,16.586621678587285,19.328188640876157,22.26527830289545,22.119377
8845.0,24102.5,2107.5,16.87,15.56775093,15.601462784960221,19.33228288499108,21.85940769951813,21.876562
8645.0,24117.5,2077.5,25.85,26.27590752,22.202475722912315,22.15992059336448,25.315217829202833,23.551924
9015.0,24777.5,1942.5,20.99,18.53907776,18.089999705846115,14.853056367081747,15.08653222265565,15.408302
9035.0,24777.5,1882.5,12.49,13.2952528,13.21444970689125,15.03141429620664,14.914449403568701,15.157133
9155.0,24132.5,2182.5,17.79,22.29538345,22.041805582899702,18.40652881931703,19.161161841483942,17.8
9175.0,24132.5,2137.5,14.65,15.64954472,15.354382926985593,17.757510315631833,17.039606741560092,16.901215
9185.0,24132.5,2137.5,12.49,15.62248898,15.999392697693352,17.820908615937153,16.85511219720411,17.494934
9155.0,24132.5,2182.5,17.58,22.29538345,22.041805582899702,18.40652881931703,19.161161841483942,17.8
9165.0,24132.5,2182.5,30.12,22.95283508,22.99995155737831,18.167999792833932,19.161161841483942,17.863182
9175.0,24132.5,2152.5,34.46,24.40506744,19.823385377019296,18.484527095972798,19.524008993297365,19.461296
9175.0,24132.5,2152.5,20.0,24.40506744,19.823385377019296,18.484527095972798,19.524008993297365,19.461296
8845.0,24102.5,2092.5,12.62,14.37733364,14.44326573816861,19.36329115288179,20.758254540469355,20.965206
8785.0,24042.5,2017.5,12.42,12.55165577,12.641490761217716,15.12268619485392,14.597961561828274,13.883655
8795.0,24312.5,2002.5,14.24,16.56054497,14.748658206383878,16.6,18.036412330186856,18.17998
8915.0,24027.5,2047.5,20.39,23.58975601,21.64882494024539,15.73280987539692,15.030781023324645,15.45489
8785.0,24312.5,2017.5,20.27,18.94413567,16.8,16.531593116373013,17.77357442696782,17.546362
8885.0,24252.5,2032.5,13.55,14.60399246,15.621402067796046,16.076553849385785,16.455197325041482,17.470417
8875.0,24252.5,2047.5,14.82,16.17956161,17.071683444861144,16.4,17.094321936834636,17.5547
8775.0,24042.5,2047.5,11.04,13.21739483,12.7,15.1,13.668062831933806,14.154082
8775.0,24042.5,2032.5,14.42,13.65153313,12.86504513813168,14.791124702352905,13.550894829206054,14.194716
8775.0,24117.5,1987.5,13.8,19.31910706,17.93953478533637,16.05591064037007,17.383146279879455,19.432196
8775.0,24117.5,1987.5,32.82,19.31910706,17.93953478533637,16.05591064037007,17.383146279879455,19.432196
9105.0,24522.5,1897.5,19.94,18.41240692,17.700838897962306,15.2,16.0,15.927844
8775.0,24042.5,2047.5,15.29,13.21739483,12.7,15.1,13.668062831933806,14.154082
8915.0,24027.5,2032.5,28.5,26.57948685,22.621555144852884,15.5,14.852035489986052,15.319457
9045.0,24552.5,1867.5,36.18,15.68075943,20.927055143086704,16.896236454067893,17.725192779756195,17.222534
9055.0,24552.5,1867.5,17.51,15.50121593,18.178031240167282,16.685578836509293,16.20297075690436,16.653746
9065.0,24627.5,1867.5,19.81,17.82763863,15.652418927598903,15.360397217309906,15.67322927894218,15.622945
8745.0,24117.5,2077.5,25.01,19.22520256,19.31599158569141,20.235774110405924,24.077911909515667,22.295334
8745.0,24117.5,2077.5,18.04,19.22520256,19.31599158569141,20.235774110405924,24.077911909515667,22.295334
8935.0,24177.5,2137.5,26.47,24.62228012,25.01297690390376,21.2,19.96849935996355,19.833824
8945.0,24177.5,2122.5,40.76,33.88863754,28.276537352944256,21.066863233257912,20.651231234110494,20.631504
8715.0,24432.5,2062.5,16.24,16.47937965,15.949268634105646,17.8,16.0,16.873888
9005.0,24657.5,1912.5,12.37,12.69150543,14.247290491345634,14.26577957988384,13.248518943327152,13.490158
9025.0,24627.5,1927.5,24.45,22.86975479,16.569865725872308,14.642061510115894,14.935883188051347,15.005596
9055.0,24627.5,1882.5,14.69,13.74214458,14.217999059696858,14.707870104685549,14.006081922825985,13.83326
9015.0,24657.5,1897.5,19.9,19.45018387,17.63762704430668,14.546613630846036,14.410175581908323,14.128063
9025.0,24657.5,1882.5,16.91,15.96002865,16.357335704967184,14.89989942526379,14.690622359931272,14.644724
8865.0,24252.5,2062.5,19.27,17.0579567,19.198667161771123,20.74306977855583,20.001850046511322,20.340872
8875.0,24252.5,2047.5,26.26,16.17956161,17.071683444861144,16.4,17.094321936834636,17.5547
8955.0,24177.5,2077.5,23.22,21.09018326,21.747542248273756,21.58452334044043,21.2,20.970066
8965.0,24177.5,2062.5,18.96,19.69347,18.94815957958137,20.800973278653437,20.121080804184068,19.528921
9035.0,24567.5,1897.5,16.76,16.33572388,15.656785962643816,15.599732438175177,16.391803701909964,16.62995
9035.0,24567.5,1882.5,18.79,18.75914955,17.387169297443396,16.23224751926269,16.651191874278894,17.537466
8785.0,24117.5,1957.5,17.09,17.83524132,16.959721576071065,16.24538708483708,17.854073214633566,17.964825
8775.0,24117.5,1972.5,34.08,24.17733574,20.400715962228745,15.967632489359097,17.04971102156104,19.334423
8805.0,24117.5,1912.5,20.89,18.33369255,19.22217086212366,16.0,16.595328111249238,17.664625
8795.0,24042.5,2002.5,14.79,14.35406208,13.840441012992672,15.320320453157798,14.784814753097413,14.7
8815.0,24042.5,1957.5,19.2,18.02785873,16.742844823796005,15.618708282783873,13.299233694358165,15.5
9035.0,24567.5,1882.5,18.64,18.75914955,17.387169297443396,16.23224751926269,16.651191874278894,17.537466
8855.0,24042.5,1882.5,16.35,16.55401611,15.5,15.69,14.913308028695788,15.615323
8805.0,24117.5,1912.5,24.12,18.33369255,19.22217086212366,16.0,16.595328111249238,17.664625
8805.0,24117.5,1897.5,17.85,16.86084366,16.259052018558535,16.036338532917906,18.17011669529927,18.494818
8825.0,24102.5,1852.5,19.46,18.94978905,17.5,16.76,18.5,17.778078
8825.0,24102.5,1852.5,19.0,18.94978905,17.5,16.76,18.5,17.778078
8835.0,24102.5,1837.5,20.75,18.78858185,17.152574053555096,17.770538889620166,20.81014400376273,19.180464
9015.0,24162.5,1912.5,17.49,15.34002686,15.338298291085792,15.300716461620224,13.950003357038538,14.980755
9115.0,24522.5,1882.5,17.37,18.19263458,17.623504509611358,15.841305572170057,16.44834003698872,17.018082
9115.0,24507.5,1882.5,19.02,17.64794922,17.624844770899287,15.437759424086654,13.017942323141735,15.969437
9115.0,24507.5,1867.5,30.15,15.65697289,15.959870345133488,15.923287148027189,13.735473619670353,16.423761
8565.0,24492.5,2197.5,23.17,20.62583351,19.352408153285666,16.503040093062207,18.8998658132612,16.371828
8565.0,24492.5,2197.5,18.75,20.62583351,19.352408153285666,16.503040093062207,18.8998658132612,16.371828
8575.0,24492.5,2167.5,27.4,18.61209106,23.2055007975242,19.58514995061567,22.776673838674487,20.700197
8625.0,24552.5,2137.5,29.77,17.94777679,24.97958029324999,20.45,22.772240805026705,25.233953
9145.0,24117.5,2062.5,29.95,24.17852211,21.14749685443991,21.2,19.514447475806126,20.023619
9145.0,24117.5,2062.5,25.72,24.17852211,21.14749685443991,21.2,19.514447475806126,20.023619
8955.0,23907.5,2122.5,24.43,22.46811295,15.690431235312673,20.25776623559182,21.226456477556695,20.44453
8965.0,23907.5,2107.5,22.64,21.06315804,18.072449463926127,19.62885530708424,21.80171737133192,19.790506
8975.0,23907.5,2092.5,20.97,21.18168831,18.419069291587373,19.32582440722065,20.12419168023913,20.128986
8985.0,23907.5,2047.5,16.28,17.96168709,16.697431519901375,16.8,17.95141653841991,18.038298
8995.0,23907.5,2047.5,21.2,18.1145153,17.439664815563383,16.76765765786101,17.95141653841991,18.42219
8845.0,23832.5,2137.5,18.7,16.0167141,15.556159617139118,17.6,12.514521653365897,12.4753475
8875.0,23832.5,2077.5,20.94,23.094841,20.4,20.459986406520446,13.495000794548888,14.113932
8885.0,23832.5,2062.5,31.82,25.70575714,21.2,20.25066916565342,13.100246271478781,12.6
8815.0,23922.5,2107.5,21.64,17.97881126,17.198315993651175,17.733064680052625,16.63262477568039,18.709913
8845.0,23922.5,2062.5,12.25,14.69790268,15.426327619665937,16.849447985322843,16.89630481819464,17.609549
8845.0,23922.5,2047.5,19.28,18.28805923,18.03885219899847,17.41910192470084,15.561291289523798,16.372118
8855.0,23922.5,2032.5,26.81,19.92404747,18.179949297983697,17.093607845747922,15.916426072143388,16.24062
9255.0,24357.5,2032.5,23.04,22.68265915,21.226059674057584,15.066021973169242,16.4,15.736507
9075.0,24672.5,1867.5,15.53,15.4743557,15.66295056526074,15.246871158841566,14.398201840347799,14.276095
8835.0,23817.5,2137.5,17.6,17.02999878,15.988861337242408,18.739478875883755,19.12681475510208,17.587385
8825.0,24237.5,2017.5,23.05,21.11183929,19.602379507357952,16.167270106577817,16.973614632754227,17.5
9255.0,24312.5,2047.5,19.36,20.14188766,19.80222727097289,16.701036002408916,20.447025226913546,19.92278
9255.0,24312.5,2032.5,21.45,20.96740532,19.858785906993784,16.6,20.056299186825452,19.942469
8865.0,24237.5,1942.5,17.78,19.02039909,17.732238152104905,16.0,16.75425206672445,16.86773
8905.0,24342.5,1972.5,15.19,14.84336376,16.30592741540127,15.40337814837035,14.24,14.009704
8915.0,24342.5,1957.5,23.31,21.12732315,19.023984077661865,15.345411005624118,13.8,14.009704
8925.0,24342.5,1927.5,13.63,13.78046703,14.740250849470524,15.4,14.645488710245978,14.78172
8875.0,24447.5,1942.5,14.51,16.11752892,16.214695901930114,15.4,15.2,15.764252
8885.0,24447.5,1942.5,20.01,16.31836319,16.8,15.405476088620803,14.9582485177815,15.6362295
8885.0,24447.5,1927.5,15.84,16.58645248,16.650714599842455,15.469602542845355,15.203040233261907,15.73
8845.0,24072.5,2032.5,14.26,17.17894173,16.286031299920523,15.986360182988797,15.334514249212576,14.890612
8845.0,24072.5,2017.5,17.6,17.55449295,17.5,15.915185898528962,15.225198103728937,14.739581
8875.0,24102.5,2017.5,21.06,21.00645256,18.749596138588327,16.4,18.4391511640036,19.187668
8885.0,24102.5,1987.5,21.65,21.08085823,19.056687040488075,16.585119164454238,18.06984341904474,18.196497
8895.0,24147.5,1972.5,15.61,15.69702053,16.8,15.957924145764776,15.837054515202794,15.995169
8735.0,24192.5,2017.5,15.1,16.21391106,15.291365315858197,15.548821179532302,16.09349053775312,16.088379
8745.0,24192.5,1987.5,19.93,19.32871819,19.306832188224526,15.659082406297333,17.829398234533418,16.548208
8855.0,23922.5,2032.5,13.07,19.92404747,18.179949297983697,17.093607845747922,15.916426072143388,16.24062
8875.0,24072.5,1972.5,19.92,16.54937935,17.925160303669987,15.858915710604213,15.561249957220964,14.577536
8885.0,24072.5,1957.5,18.44,17.68227386,18.0484534081047,15.836213790891348,14.810061498721549,14.7
8885.0,24072.5,1957.5,17.48,17.68227386,18.0484534081047,15.836213790891348,14.810061498721549,14.7
8905.0,24072.5,1927.5,20.47,18.96991348,17.121186897171853,15.922801267649923,15.546922071311574,14.7493725
8915.0,24102.5,1927.5,16.16,16.09535217,15.750237928759237,16.39160195310851,18.253900017902765,18.090612
9175.0,24117.5,2017.5,13.45,16.51501656,14.409170448409055,15.316623195836744,17.148281990629158,18.129107
9175.0,24117.5,2002.5,22.69,17.11536407,16.69,15.283215407443853,17.14434501490165,17.730608
8665.0,24117.5,2002.5,38.45,31.9188633,18.88986535935366,17.010651300889496,19.240352146051304,18.97731
8685.0,24117.5,1972.5,17.76,20.62304878,17.53332415958638,16.2238219080387,17.758051637264344,19.924156
8685.0,24117.5,1957.5,18.19,17.61937141,16.809512051786683,16.155344826078654,16.96939910841128,19.304108
9055.0,23967.5,2002.5,20.02,18.01960564,13.283693852354507,15.201811361722461,14.82549312077756,15.440811
9045.0,24072.5,2002.5,13.79,14.90006924,15.3881027448115,15.11980906706524,14.816907466668813,13.686816
9005.0,23907.5,2017.5,15.5,16.77721977,15.73,16.59566695203525,17.600610160711174,18.728834
8925.0,24132.5,1957.5,19.92,18.39513779,18.689408663519174,15.73,15.291209117443156,16.069706
8935.0,24132.5,1927.5,16.88,19.12751007,16.391189033416918,15.842521579863735,15.924511993488956,16.759787
8855.0,24177.5,2047.5,14.5,16.15182114,17.757788706749125,16.372966178094604,17.046796695649935,17.5
8935.0,24132.5,1912.5,24.75,21.23401833,14.825963059583145,15.36173559266301,13.894287427704189,15.025558
9015.0,23907.5,2002.5,17.8,16.84759712,15.913360276808737,16.69,17.603363948104093,18.078993
8875.0,24162.5,2017.5,15.72,16.56933594,16.8,15.982778390513197,16.28474933173797,17.191193
8885.0,24162.5,1972.5,15.09,15.57305241,16.4,15.976567646237143,15.837054515202794,16.026424
9075.0,24252.5,1987.5,15.26,16.78727341,15.261829438621753,15.499526629531587,15.283205306160461,15.161195
9095.0,24252.5,1957.5,15.21,17.3035717,16.246045220836642,15.583375811317108,15.121330211505429,15.08891
9105.0,24252.5,1957.5,17.18,16.30904007,16.265485870046405,15.547059159105048,15.201946293772268,15.326861
9105.0,24252.5,1942.5,11.01,12.9636898,14.26366145505872,15.548977869211319,15.593660762351751,15.665482
8835.0,24222.5,1987.5,14.74,15.70234013,16.660269640683634,16.01467443774121,16.676531258122427,16.652855
8845.0,24222.5,1972.5,15.56,15.92991257,16.089915504873737,15.981858376823695,16.13666828289573,16.028965
8855.0,24222.5,1957.5,14.69,15.18859482,16.4,15.952606444400839,15.597193690990144,16.028965
8965.0,24252.5,2002.5,14.54,15.08487225,14.424121133453927,15.602489369292057,16.0,15.605343
8735.0,24297.5,2047.5,17.73,17.88471603,16.413552106243454,17.07508085590173,18.985123648414874,19.89505
8745.0,24297.5,2002.5,16.15,16.17778778,15.79443303005416,16.59454235542681,18.977260598500465,18.781054
8805.0,24372.5,2017.5,11.99,13.77513218,14.788339193512458,14.744892672182202,14.454979170434452,14.191131
8805.0,24357.5,2002.5,10.04,12.88353348,13.097045184744735,15.033293151435327,13.83,13.656109
8835.0,24357.5,1942.5,17.82,18.2678833,18.037857844728503,15.598219962115154,14.700637684284008,15.056539
8895.0,24402.5,1957.5,13.97,14.83414936,15.500059893508523,15.148130140050599,14.36377317104407,14.111415
8895.0,24402.5,1957.5,16.23,14.83414936,15.500059893508523,15.148130140050599,14.36377317104407,14.111415
8965.0,24312.5,1957.5,8.99,11.0577383,10.96793700290682,16.621520492727168,17.080764089893783,17.508425
9005.0,24252.5,1927.5,25.48,19.94334984,17.152543593133547,15.720056778778611,16.445309442669366,16.690573
9135.0,24297.5,2017.5,20.37,19.62647247,19.148582774970627,16.39929647096079,17.315496840981176,18.073328
8955.0,24312.5,2002.5,13.85,14.75224209,14.410230568483158,16.613667027176326,18.10479990364339,18.969513
8955.0,24312.5,1987.5,15.73,14.92328072,15.099961237626552,16.7,18.109084149425232,18.969513
8955.0,24312.5,1972.5,15.28,13.65893078,14.410045425028027,16.673492673776995,17.9,18.5
8915.0,24072.5,1897.5,12.41,14.88396263,14.744011547458634,15.61980728409118,14.72547417771739,13.77672
8915.0,24072.5,1897.5,18.43,14.88396263,14.744011547458634,15.61980728409118,14.72547417771739,13.77672
8925.0,24072.5,1897.5,17.23,14.75268555,14.822220357377581,15.269147576502506,14.72547417771739,13.519466
8925.0,24072.5,1882.5,18.02,15.74875164,15.69,15.599747343351147,14.952396243243077,14.032029
8955.0,24342.5,1867.5,19.01,19.60085678,16.17115731680309,15.974509075393563,15.10903387329756,14.710877
9025.0,23907.5,1972.5,19.32,18.05122185,15.66866899208572,16.75249604214769,17.8207460998766,17.773376
8505.0,24552.5,2167.5,14.93,16.16196442,15.70181187382771,18.416837322761204,18.179830924404857,18.693144
9265.0,24357.5,2017.5,12.83,14.1879797,14.695652631226984,14.701352979469217,15.556828892469364,15.302394
9185.0,24117.5,1987.5,10.5,13.76363945,11.7968530584772,15.227872008581764,16.704737059989352,17.001211
8915.0,23832.5,2002.5,15.22,16.67343712,16.156360465124017,14.502597902552836,13.021331315630828,12.140417
8925.0,24102.5,1912.5,12.02,13.04903603,13.518359679362554,15.57330452516884,15.675263915374854,16.0
8925.0,24102.5,1897.5,9.63,13.33753204,14.11815286480076,15.599077644385785,17.04961664651096,16.689018
8905.0,24222.5,1867.5,15.33,14.75682735,14.901568996599947,16.080836747261092,17.50643378070579,16.5
8875.0,24222.5,1897.5,15.36,15.52575207,15.137250476328626,15.638837293552026,16.055470620086,15.757856
9005.0,24252.5,1912.5,14.14,19.9910717,15.626185265601107,15.314086669031775,14.38048449720404,14.929918
8475.0,24552.5,2212.5,13.52,13.96269035,14.344188074930619,14.652194630343402,13.73452520517066,13.4901285
8935.0,24387.5,1867.5,16.4,16.47921371,15.55743683959928,15.955201931949759,15.56738737682352,14.8
9155.0,24177.5,1957.5,17.15,16.97361565,16.86134981469885,15.40204955873486,15.260418339627893,15.19998
9155.0,24222.5,1942.5,19.28,18.49949265,17.799449777005478,15.392707453565654,15.4,15.55629
8895.0,24222.5,1867.5,13.95,14.22500324,14.131918912894264,16.080836747261092,17.50643378070579,16.5
8895.0,24222.5,1852.5,12.92,14.42367172,14.155116492264153,16.110211596727744,16.6,16.307083
9385.0,24282.5,2047.5,22.96,22.95999908,18.046514131586267,15.920879035881319,17.645798110440264,17.828276
8945.0,23997.5,1942.5,16.96,16.6399765,16.120755617497167,15.512285324306347,17.370310108765047,17.444414
8785.0,23997.5,2077.5,8.94,12.15849304,11.671003620812508,19.173509892657563,21.070489800412226,19.668308
8785.0,23997.5,2062.5,10.64,11.59804726,11.091178249475679,18.056267059070155,19.352585016690785,18.48809
8785.0,23997.5,2032.5,16.5,15.66906548,13.118685541156406,18.658890957862692,17.24508891841055,16.877645
8795.0,23982.5,2002.5,13.81,14.00818729,13.648639860853695,16.5,16.8,16.754183
9005.0,24087.5,2032.5,14.15,14.63816833,15.091400539855691,15.433732588309406,15.406908338979804,15.222037
9015.0,24087.5,1987.5,18.28,16.98781204,17.728366433673933,15.547718721428353,15.321112280929004,14.572019
9015.0,24087.5,1987.5,18.98,16.98781204,17.728366433673933,15.547718721428353,15.321112280929004,14.572019
9075.0,24117.5,1987.5,14.17,16.78580475,16.31681440540522,15.573753090309307,17.046436390266212,16.932714
9015.0,24087.5,1972.5,14.09,13.81177425,14.083538915300435,15.392053641752682,15.194734861796231,14.263954
9025.0,24087.5,1972.5,10.68,13.3831358,13.929528078465678,15.289262528919716,15.194734861796231,14.24
9025.0,24087.5,1957.5,16.0,13.83135128,15.149693338226223,15.263228731174738,14.916903407024297,14.500698
9025.0,24087.5,1957.5,13.31,13.83135128,15.149693338226223,15.263228731174738,14.916903407024297,14.500698
9065.0,24117.5,1987.5,21.8,17.71321106,16.25838773928495,15.63162512940219,19.099382867683207,19.166695
9075.0,24117.5,1972.5,15.55,15.32696438,15.796348525366684,15.55229669523956,16.8,16.560827
8435.0,24567.5,2242.5,11.94,11.93999958,12.881878388177313,14.847738695580857,14.064624521677123,13.816713
8495.0,24567.5,2152.5,23.42,18.42308998,16.984025007163954,19.097891198995963,19.296042284341613,19.461159
8495.0,24567.5,2152.5,16.69,18.42308998,16.984025007163954,19.097891198995963,19.296042284341613,19.461159
8485.0,24567.5,2167.5,19.32,18.88455963,18.794993272060633,18.401756665563926,18.99115080216362,19.241411
8475.0,24567.5,2182.5,15.25,16.30571938,15.68677464931997,16.241890967757886,16.414622466034224,15.514327
9255.0,24132.5,1972.5,16.37,15.78708458,14.945615825597931,15.469543507659402,16.986758082391805,16.696198
8845.0,24162.5,1912.5,12.54,13.44194317,13.024197093887475,15.621922160114819,13.777097777291209,14.746799
8965.0,24087.5,1987.5,15.57,15.4791851,15.631797423536895,15.383783385449103,15.228169246233278,14.238238
8815.0,23967.5,2062.5,12.77,13.6281805,13.53098038714172,16.717826724863645,15.32223234374993,18.485415
8975.0,24012.5,2062.5,21.37,17.18789291,17.5,20.16735367084032,16.547592324757687,19.007368
9095.0,24132.5,2017.5,15.02,18.13535309,15.985601872973875,15.406495524497217,15.028567138892688,15.561115
8975.0,24087.5,1957.5,12.01,12.43154812,13.8,15.270868132065544,14.693960295582595,14.691798
8975.0,24012.5,2062.5,13.4,17.18789291,17.5,20.16735367084032,16.547592324757687,19.007368
8985.0,24012.5,2047.5,11.29,13.72268772,14.141669963463352,14.975325196271747,14.760351909171094,16.69337
8915.0,23922.5,2092.5,7.67,11.72345924,13.013449870007705,17.9044256171896,17.5,18.03697
8945.0,23877.5,2122.5,11.7,12.88109779,12.78171986479271,11.972785630114481,11.966588925282466,12.107892
8955.0,23877.5,2092.5,12.0,13.48162651,14.467247375067181,12.828427360031917,11.682728451778207,11.997635
8945.0,23922.5,2032.5,11.22,12.74262428,13.342751109483066,16.0,16.0,15.671637
8775.0,24027.5,2032.5,13.56,13.30645657,12.80208408956212,14.410093702214981,12.9874056082131,13.361607
8685.0,24027.5,2032.5,10.99,14.36747169,15.5,14.842027116533371,13.738456781958444,15.223991
9215.0,24282.5,2047.5,19.29,17.90616798,17.72174625162072,16.69,19.31689730881174,20.4
9155.0,24072.5,2137.5,9.0,12.50191402,11.2302342981094,12.027572115379575,12.40722784126479,12.147589
9155.0,24072.5,2137.5,10.92,12.50191402,11.2302342981094,12.027572115379575,12.40722784126479,12.147589
9155.0,24072.5,2137.5,11.06,12.50191402,11.2302342981094,12.027572115379575,12.40722784126479,12.147589
8955.0,23922.5,2017.5,16.95,16.98035431,16.704626293115016,15.97150784682843,15.868347953623225,16.0
8945.0,23877.5,2122.5,10.49,12.88109779,12.78171986479271,11.972785630114481,11.966588925282466,12.107892
9055.0,24612.5,1867.5,12.58,13.25238132,15.331784051550875,15.198179306714291,14.410019367947138,14.491558
9065.0,24612.5,1867.5,13.29,13.15049362,15.4,15.323832105257795,15.69,15.807983
8635.0,24057.5,2017.5,13.88,16.91809082,14.542933520503828,18.86048001483598,16.628350292821455,26.46778
8735.0,24087.5,1972.5,18.73,17.20088577,17.5,15.506350474006926,15.4,15.299375
8725.0,24087.5,1987.5,15.14,16.22873306,17.509362343155836,15.630466433121716,15.106369945398603,15.600699
8735.0,24072.5,1942.5,12.55,14.92165947,12.812767018237693,15.17270988009016,15.21576702925662,14.181658
8745.0,24072.5,1927.5,10.13,10.79933357,11.978003196355678,15.222478997595228,16.235148095314152,14.02881
8685.0,24027.5,2017.5,12.46,13.88836288,14.751947215841515,14.5,13.589120032219288,15.140988
8715.0,24027.5,1942.5,13.02,13.10759449,13.299606508454591,14.504704301685859,14.533216861753965,14.938599
8715.0,24027.5,1942.5,10.69,13.10759449,13.299606508454591,14.504704301685859,14.533216861753965,14.938599
8725.0,24027.5,1927.5,14.63,13.98614883,13.3,14.410268254542807,14.461211114650489,14.573946
8785.0,23937.5,1942.5,15.18,15.09958649,16.5,19.60360883587619,17.087604891843643,16.059782
8915.0,23952.5,2017.5,18.44,18.45832253,19.239324367370397,16.5,16.266552487663773,17.139717
8915.0,23952.5,2017.5,20.17,18.45832253,19.239324367370397,16.5,16.266552487663773,17.139717
8935.0,23952.5,1972.5,18.69,17.89368248,17.784428135217674,16.23873955606894,16.4492874006344,16.095697
8945.0,23952.5,1957.5,15.77,16.86361313,15.997866987273973,15.840346710136325,15.913008711333308,16.05483
8785.0,23937.5,1957.5,15.23,15.05423737,16.36288432124558,19.587020835627435,16.4,16.120804
9165.0,24072.5,2122.5,12.6,11.9786644,11.346786071245916,11.943374649366246,12.7,12.706685
9165.0,24072.5,2122.5,10.09,11.9786644,11.346786071245916,11.943374649366246,12.7,12.706685
9165.0,24072.5,2122.5,9.18,11.9786644,11.346786071245916,11.943374649366246,12.7,12.706685
9165.0,24072.5,2107.5,13.85,13.40188789,12.43619883304016,12.396010268594194,12.934345536592287,12.835136
9175.0,24072.5,2092.5,14.05,13.61226463,13.321797976751135,12.660385512709222,12.84160936435484,13.8507595
9175.0,24072.5,2092.5,12.11,13.61226463,13.321797976751135,12.660385512709222,12.84160936435484,13.8507595
9185.0,24072.5,2092.5,15.56,15.40453815,13.49,12.865490504248516,12.710210928915133,14.096377
8775.0,24027.5,2002.5,14.85,12.82091045,13.056359390095166,14.101291138788188,12.834945737871106,13.0121
8775.0,24027.5,1987.5,11.83,12.97684956,14.44957113423021,14.503074815192344,13.67762614218132,14.609682
8775.0,24027.5,2017.5,7.4,11.77374172,11.637142762430575,14.104547507067963,12.870819050290919,13.399215
8775.0,24027.5,2002.5,12.07,12.82091045,13.056359390095166,14.101291138788188,12.834945737871106,13.0121
8775.0,24027.5,1972.5,12.4,12.47729301,16.686923825242328,14.332568953414894,13.515458196499889,14.293238
8785.0,24012.5,1942.5,9.57,11.14588165,14.8,14.499235260736306,13.895794710879615,15.30146
9215.0,24072.5,2017.5,13.86,13.50106525,13.49000443289703,14.722644599248982,12.241843489209732,12.765809
9225.0,24072.5,2002.5,12.9,13.15787601,13.490137753956416,14.704641232315625,12.238740477165384,12.402381
9235.0,24072.5,1987.5,9.95,11.85415459,12.751118170523709,14.8,12.039504791344775,11.997675
9025.0,24087.5,1942.5,16.25,13.83696651,15.252771677153113,15.300714789930693,15.170492334166122,14.603984
9235.0,24267.5,1987.5,17.08,17.18835068,16.629994618505275,15.364241402698976,15.840208722471832,15.224209
8545.0,24507.5,2182.5,14.69,14.12559986,15.228088139116048,16.216342568831916,13.893201136975717,17.512026
9065.0,23832.5,2032.5,10.5,13.33754158,11.706807948329407,11.959198642274364,13.008795334394112,12.4
9075.0,23832.5,2017.5,14.09,12.22637272,11.78616854389898,11.86316202005854,11.425743032078216,11.135127
9075.0,23832.5,2017.5,10.89,12.22637272,11.78616854389898,11.86316202005854,11.425743032078216,11.135127
8975.0,23892.5,1972.5,15.73,16.15211868,16.078789518234284,16.715242264529515,16.2,13.984792
8545.0,24507.5,2182.5,12.37,14.12559986,15.228088139116048,16.216342568831916,13.893201136975717,17.512026
8505.0,24612.5,2212.5,11.82,12.69613934,13.406681372740627,14.501531206986881,12.148544761783741,11.67
9305.0,24447.5,2032.5,14.41,12.12946892,12.896918751343021,13.499238080770649,13.033255320628381,13.490016
9295.0,24447.5,2002.5,11.97,11.71512604,11.982692271502788,13.310401670408233,12.7,12.992743
9285.0,24447.5,1987.5,10.23,11.14467144,11.842510232351145,13.31572442034222,11.971099566915536,12.520398
9275.0,24447.5,1972.5,14.0,13.85826683,13.8,14.138207762235826,14.498058565590963,14.222034
9275.0,24447.5,1957.5,19.34,17.04203224,15.378364448411736,14.18110768304081,14.410294857061634,14.314856
9305.0,24447.5,2017.5,10.71,17.62068367,11.822912042068275,13.134394004695194,12.7,13.023669
9295.0,24447.5,2017.5,11.64,11.70946407,12.124238777563736,13.373017418638076,12.7,13.429961
8835.0,23907.5,1927.5,18.18,17.83018112,16.8,18.356671550616664,20.413167950324535,19.185999
8835.0,23907.5,1912.5,16.09,17.18911362,17.20081392264506,17.95670169406291,18.07829174612365,17.505337
9055.0,23832.5,2047.5,22.66,17.69108963,15.262245357996079,12.4,11.70182616451631,11.638095
9045.0,23877.5,2047.5,14.59,12.28230476,12.575516937211246,14.3,11.64627628100905,11.402481
9045.0,23877.5,2047.5,8.69,12.28230476,12.575516937211246,14.3,11.64627628100905,11.402481
8725.0,24027.5,1912.5,12.63,14.76257896,12.851554838177787,14.255461439839742,12.7,13.839219
9195.0,24072.5,2047.5,12.48,12.22972393,12.729342428816796,14.468599068612853,11.692190120840717,12.37
8815.0,24132.5,1912.5,10.12,12.4879427,15.187159701685907,15.650327723778437,12.137594189590821,15.35246
8815.0,24132.5,1897.5,15.69,14.20518494,15.69,15.668885614694773,13.042417705682052,15.969542
8825.0,24132.5,1882.5,11.86,12.71411133,14.3,15.80451610477758,15.226958090526828,16.359373
8835.0,24132.5,1852.5,14.55,16.06485748,16.38255524234546,16.231428795749984,15.725118496467587,16.24617
8845.0,24132.5,1852.5,16.58,16.08169174,16.041563659628768,16.154210802693225,15.603964999195169,15.958932
8975.0,24132.5,1897.5,12.93,13.06990623,14.233517670725062,15.226392995476248,15.1,15.549278
8855.0,24162.5,1882.5,10.04,13.83120823,14.01,15.630319898598078,15.139522508135025,15.79817
8855.0,24162.5,1882.5,16.14,13.83120823,14.01,15.630319898598078,15.139522508135025,15.79817
8945.0,24207.5,1912.5,15.17,17.02877808,14.427503914148627,15.28684312749,14.599495386873599,15.1
8955.0,24207.5,1897.5,13.29,16.63998413,14.132373164913554,15.305753502648615,15.722792621845791,15.630703
9315.0,24312.5,2047.5,10.07,10.16064835,11.431238724746631,15.756571827473097,17.5,16.629618
9195.0,24072.5,2047.5,9.87,12.22972393,12.729342428816796,14.468599068612853,11.692190120840717,12.37
8865.0,24267.5,1882.5,13.39,13.49152565,13.793485996391833,15.631305281415417,16.14000067102529,15.73
8885.0,24222.5,1912.5,15.44,16.16444016,16.0,15.63177417800235,14.649488701888455,15.107081
8945.0,24132.5,1912.5,11.44,12.59222031,13.812327175405484,15.220398208174299,13.894287427704189,14.968784
8835.0,23862.5,1912.5,14.41,16.40802765,16.744272631379538,15.17826348176268,13.005628543830905,12.1676235
8835.0,23862.5,1912.5,16.71,16.40802765,16.744272631379538,15.17826348176268,13.005628543830905,12.1676235
8905.0,23637.5,1987.5,15.9,15.22000027,15.824479874309256,24.666443506769564,19.900540209283857,22.48951
8925.0,23652.5,1972.5,15.64,15.22000027,16.4,25.03239890734403,20.40728859897435,24.764393
9055.0,23877.5,2032.5,8.54,11.68343353,10.989237990882208,13.379355951078585,11.044617156078733,10.975219
9055.0,23877.5,2017.5,10.79,11.30367088,11.382337600512136,13.414258357666737,11.076514083211924,11.020786
9205.0,24087.5,2032.5,13.98,14.66026878,14.061273370704306,14.941752829449861,13.309037019606418,14.306793
9065.0,23877.5,2017.5,12.86,11.13651562,11.295609412691258,13.656896747795457,11.940900196152114,12.00451
9205.0,24072.5,2032.5,15.69,15.55603504,14.043962810697314,14.77071758337159,11.058799857606266,12.802822
9215.0,24072.5,1987.5,14.41,12.93128395,13.501454257893398,14.746871978181094,12.039504791344775,12.132932
9325.0,24312.5,2032.5,11.09,12.72065926,11.66364808385654,15.565200579628963,15.185220758725867,16.370377
8515.0,24537.5,2197.5,15.69,15.24458885,15.331567239484388,15.604694808874877,15.11357219924996,14.783293
9035.0,23847.5,2032.5,13.02,14.14415359,13.8,13.448755706659368,12.4,12.93457
9035.0,23847.5,2032.5,17.05,14.14415359,13.8,13.448755706659368,12.4,12.93457
9035.0,23847.5,2032.5,12.27,14.14415359,13.8,13.448755706659368,12.4,12.93457
9045.0,23847.5,2017.5,14.26,12.08632183,11.858908518511695,12.002067940319499,12.201856704645262,12.308568
9045.0,23847.5,2017.5,11.45,12.08632183,11.858908518511695,12.002067940319499,12.201856704645262,12.308568
9045.0,23847.5,2002.5,11.36,12.55087566,11.158167933047826,12.01329787379206,12.177147643422693,12.01094
9055.0,23847.5,2002.5,11.18,11.14938259,11.091681098295,11.405898798985696,11.106144057128926,11.403126
9055.0,23847.5,2002.5,10.14,11.14938259,11.091681098295,11.405898798985696,11.106144057128926,11.403126
9055.0,23847.5,1987.5,9.9,10.53256416,11.372279378634612,11.67,11.345743096864354,11.796798
8965.0,23982.5,1912.5,10.32,11.22117996,12.049223718310074,15.105625446134985,15.044941695167273,14.680334
8965.0,23967.5,1882.5,13.36,13.51079369,13.524724846753601,15.60110294882309,16.35032110787237,15.662364
8875.0,24162.5,1837.5,18.48,17.65160179,16.5097666217723,17.049412775682807,18.177472773260796,17.838848
8645.0,24162.5,1987.5,15.31,16.47947693,15.400394791664889,16.821369692607316,16.900431730615036,17.049988
9025.0,24162.5,1882.5,10.61,12.22142315,13.299917542098717,15.548865099617597,15.29594945334067,16.040266
9025.0,24162.5,1882.5,13.5,12.22142315,13.299917542098717,15.548865099617597,15.29594945334067,16.040266
8695.0,24222.5,2002.5,14.32,14.61060238,14.853504386823916,15.4,13.745018425873301,14.441769
8695.0,24222.5,1972.5,14.0,14.17644405,15.274808044804375,15.591389178879147,14.193198677464384,15.306082
8665.0,24267.5,2017.5,15.97,13.56154728,14.193580068446215,15.943799782669155,15.709589650865942,15.406204
8775.0,24342.5,1987.5,13.49,14.40421772,14.155313247206946,15.034192828253552,12.66680940559922,14.05671
9115.0,24342.5,1882.5,12.4,13.82079411,13.51913419348569,15.301487202732822,13.925219365917801,13.711303
8675.0,24267.5,1987.5,13.64,14.35883808,13.410518834484463,15.503443972988663,14.98631495927431,15.92129
8675.0,24267.5,2002.5,16.72,15.26386642,14.601435428445,15.294075665808824,14.4087281217554,14.977455
8675.0,24267.5,1987.5,10.8,14.35883808,13.410518834484463,15.503443972988663,14.98631495927431,15.92129
8665.0,24267.5,2017.5,11.06,13.56154728,14.193580068446215,15.943799782669155,15.709589650865942,15.406204
8705.0,24372.5,2032.5,12.04,17.33404541,13.873798976808727,15.049615519520122,12.987215036256503,13.552995
8735.0,24372.5,1987.5,12.99,13.54860687,13.567845712219377,14.700324503155384,14.594709550923648,14.540037
8615.0,24372.5,1987.5,18.88,18.87999916,17.795479155229604,25.34333729747465,21.651477602025036,21.422361
9195.0,24402.5,1927.5,11.67,12.06892204,12.037970043781947,14.242939084645062,14.0909941713928,13.626022
8755.0,24432.5,2002.5,11.36,13.59023762,12.934200716970043,14.712018340710886,15.190962221733024,14.273144
8765.0,24432.5,1987.5,19.35,16.31014633,15.599100448543382,14.837572664730589,16.691515494440626,15.465318
9015.0,24432.5,1852.5,11.02,11.35429001,13.013811846271182,15.729886504232658,14.894105585514717,15.038167
8735.0,24432.5,2032.5,14.06,15.68992519,15.039743523229252,15.196785950252945,15.180732669000337,15.118074
8735.0,24432.5,2032.5,18.16,15.68992519,15.039743523229252,15.196785950252945,15.180732669000337,15.118074
9115.0,24507.5,1867.5,20.35,15.65697289,15.959870345133488,15.923287148027189,13.735473619670353,16.423761
9115.0,24507.5,1867.5,11.34,15.65697289,15.959870345133488,15.923287148027189,13.735473619670353,16.423761
9125.0,24507.5,1867.5,9.63,14.79877281,15.024436938325255,14.695535656539839,13.075379439495142,15.58975
9125.0,24372.5,1882.5,14.19,13.05895138,14.180283731788272,14.3111611737488,13.576488632631616,13.42332
9135.0,24357.5,1852.5,12.95,12.00683117,13.19791211807549,14.464294061797325,13.49,12.938779
9135.0,24357.5,1852.5,10.24,12.00683117,13.19791211807549,14.464294061797325,13.49,12.938779
9135.0,24357.5,1837.5,14.79,14.78999996,14.152169535504806,15.127830050735932,14.234165124791712,14.095081
9145.0,24357.5,1837.5,20.27,10.57503319,14.8,15.198524353588262,14.51228885795576,14.277093
8805.0,24732.5,2032.5,18.03,17.58276939,12.922301453818326,13.68190572239678,14.090530919366195,13.414662
8815.0,24732.5,2032.5,7.66,17.11957932,12.30461462728972,13.654961263753423,12.6,14.087437
8815.0,24732.5,2017.5,11.19,14.97236919,11.167002111096304,13.29798108562944,12.399384634803988,13.498542
8815.0,24717.5,2002.5,9.2,11.71578312,11.394116977051773,12.85125483097374,11.351908376313867,12.669
8815.0,24717.5,2002.5,13.8,11.71578312,11.394116977051773,12.85125483097374,11.351908376313867,12.669
9065.0,24567.5,2002.5,15.81,22.30831528,16.885880205992503,15.118448489534924,17.144060138806733,17.726416
9065.0,24552.5,1987.5,38.9,19.8634491,16.45214291874314,15.1,16.735305789879895,17.203362
9075.0,24552.5,1987.5,12.02,16.62304688,15.30007745799552,14.921861557097742,15.540483442065312,15.637506
9075.0,24552.5,1972.5,13.79,15.17002678,14.419954805787313,14.983871773040155,15.316374625825928,15.560761
9075.0,24552.5,1957.5,13.43,17.2082653,15.975220980835855,15.019034339314162,15.17610216305691,15.652089
9085.0,24537.5,1957.5,30.78,16.75579834,16.0,14.89744746178632,14.8,14.20966
9085.0,24537.5,1957.5,12.8,16.75579834,16.0,14.89744746178632,14.8,14.20966
9085.0,24537.5,1942.5,11.13,13.53642368,13.38912318784408,15.1,15.18318848476203,14.772548
9015.0,24702.5,1987.5,9.7,11.20511818,12.057872560514785,13.950476934673656,13.95218683022067,14.14857
9025.0,24702.5,1972.5,11.68,11.43184757,12.653681690659035,13.898310460510341,13.797596959135392,13.850688
9025.0,24702.5,1957.5,11.31,12.19357777,13.480862216737384,13.915467886753708,13.554765161995437,13.850688
9045.0,24672.5,1912.5,11.66,11.75200367,14.617477753318866,14.085575721921067,12.978138080823895,13.105155
9055.0,24672.5,1912.5,12.22,13.00328255,13.510360884731071,13.991719757411962,12.448765753371339,12.611479
9065.0,24657.5,1897.5,9.74,10.82282066,12.909700597460299,14.3,14.830877290631067,14.502742
9075.0,24417.5,2017.5,7.89,8.99439049,11.29763377506932,14.266058523126395,13.662939243422413,13.516525
9075.0,24417.5,2002.5,11.13,11.04726028,12.131250915718608,14.252748114225266,13.634217581630768,13.102537
8865.0,24627.5,2017.5,14.13,14.02201462,13.640401323777143,14.096347964613482,14.595490195245915,14.228486
8875.0,24612.5,1987.5,11.68,13.22246647,12.020374175973869,13.822824642208266,14.720878658063434,13.894233
9115.0,24612.5,1972.5,12.37,12.85133266,13.453600689031898,14.109654027188704,14.196143679311984,13.985654
9115.0,24612.5,1957.5,13.8,13.83542442,13.840837727653122,14.135566393242232,14.135481453132709,14.091049
9115.0,24612.5,1957.5,14.66,13.83542442,13.840837727653122,14.135566393242232,14.135481453132709,14.091049
9125.0,24612.5,1942.5,13.83,13.928792,14.131567149583015,14.121854140324674,14.426277791921349,14.322248
8965.0,24657.5,1987.5,10.1,10.51260757,11.213302203381085,13.988795918966176,14.3,13.537677
8965.0,24657.5,1972.5,11.09,11.49123001,11.726797940592125,13.980080809010465,14.164852312629568,13.2292
8975.0,24657.5,1972.5,13.32,12.06831074,12.4866249729883,14.083487775600798,14.501850477926617,14.055587
8885.0,24762.5,2002.5,12.51,12.35247612,12.132612402051798,13.519703765594373,13.79161989679392,13.8
8905.0,24762.5,1987.5,9.84,10.06374931,10.591749932913757,13.49,13.792063859256794,13.792775
8925.0,24762.5,1957.5,11.23,12.09424973,11.526563784253371,13.588121578324907,13.165393915134189,13.643613
8935.0,24762.5,1927.5,11.42,12.41987419,11.668880239554982,13.99983381827581,13.974110325237806,14.410243
8825.0,24717.5,1987.5,10.96,11.06482697,11.149958311935624,13.07504141241281,13.286295797183154,12.829775
8845.0,24702.5,1957.5,9.81,11.70350933,10.435575696027025,13.115456448629885,12.712878026301837,12.80198
9035.0,24612.5,1927.5,13.15,12.93127537,14.26188508473888,14.467463287586513,14.900100308151625,15.201004
9035.0,24612.5,1927.5,13.58,12.93127537,14.26188508473888,14.467463287586513,14.900100308151625,15.201004
9035.0,24612.5,1912.5,10.93,12.31065369,13.399244672932804,14.27495275618199,13.183921594551043,13.792603
9045.0,24612.5,1897.5,13.21,12.60948944,13.424887267996064,14.27042804360196,14.263796218035601,14.000032
9045.0,24612.5,1897.5,11.61,12.60948944,13.424887267996064,14.27042804360196,14.263796218035601,14.000032
9035.0,24777.5,1897.5,12.99,13.64589882,14.002397171544864,14.678145444858513,14.698351615683181,14.644062
8915.0,24897.5,1912.5,10.54,11.64125061,11.97206384789928,14.232176501885956,13.3,13.444552
8925.0,24897.5,1912.5,15.79,13.10229397,12.632156983418254,14.267433630595564,13.3,13.55316
8935.0,24897.5,1897.5,12.67,12.45370007,12.905274142678746,14.41005565540408,14.476396225266294,14.116515
8875.0,25017.5,1972.5,14.85,10.53999996,12.504252706329817,14.540238532242208,15.599090890183188,15.344484
9005.0,24672.5,2002.5,16.31,17.25837326,13.83108823637279,14.0904073046097,14.64042794838705,14.259561
9055.0,24672.5,1897.5,11.08,14.02453804,12.761229929463601,14.07394017315883,13.49105448184791,13.094138
9055.0,24672.5,1897.5,14.93,14.02453804,12.761229929463601,14.07394017315883,13.49105448184791,13.094138
8955.0,23847.5,2152.5,14.47,13.57367802,13.641833690361569,12.582289595121042,11.971591921878844,12.7
8965.0,23847.5,2152.5,12.24,13.34010792,12.99105516469476,12.587688950102551,11.873339776840291,12.337661
8965.0,23847.5,2137.5,10.34,11.62437248,12.491724892990588,12.62733049975441,11.21064726646722,11.629157
8975.0,23847.5,2137.5,8.77,11.67258167,12.356653428575772,12.604021039926046,11.299111132462421,12.290724
8845.0,23877.5,2182.5,12.59,12.87871552,14.060079787964428,11.349715142673643,11.668903433581468,11.651331
8845.0,23877.5,2182.5,15.27,12.87871552,14.060079787964428,11.349715142673643,11.668903433581468,11.651331
8855.0,23877.5,2182.5,9.47,12.63575459,13.72240702242484,11.30683691353614,11.293713136037306,11.425789
8855.0,23877.5,2167.5,8.1,10.75782108,11.050683054791952,11.198603405871783,12.021006672689296,11.898585
8855.0,23877.5,2152.5,10.38,12.46303177,12.766453722085565,11.41966836496134,12.120427456501014,12.0660515
8865.0,23877.5,2152.5,16.09,12.39434052,13.086271916038191,11.66193811922885,12.309644457202985,12.474428
8865.0,23877.5,2137.5,12.12,12.99023533,12.523757802055213,11.66860170150757,11.683949586894075,11.774155
8865.0,23877.5,2137.5,11.44,12.99023533,12.523757802055213,11.66860170150757,11.683949586894075,11.774155
8875.0,23877.5,2122.5,16.4,14.95953465,14.820144787739174,11.988561310191114,12.235146170096503,12.581522
8875.0,23877.5,2122.5,14.29,14.95953465,14.820144787739174,11.988561310191114,12.235146170096503,12.581522
8875.0,23877.5,2107.5,13.04,14.56233215,14.935017064456428,12.292445755210867,12.45,12.627014
8875.0,23877.5,2107.5,15.75,14.56233215,14.935017064456428,12.292445755210867,12.45,12.627014
9295.0,24372.5,2152.5,13.65,13.83467674,13.400394500953174,15.722010114418415,14.800759959926976,15.663424
9295.0,24372.5,2137.5,13.49,12.88607311,13.09694530817967,15.477759130924717,13.83,14.578925
9295.0,24372.5,2122.5,13.38,13.85320568,13.502725903881833,15.75210017337725,14.499462954405155,15.226753
9055.0,24447.5,2062.5,9.44,9.82901478,11.642852356973558,17.00321165694372,15.838571433383283,16.93207
9005.0,24297.5,2152.5,22.46,22.07107544,18.75102108380009,20.45,23.79979866597574,25.307993
9245.0,24357.5,2197.5,11.03,15.76950932,14.098911737923013,16.0,16.07664761656785,15.5
9245.0,24357.5,2197.5,10.18,15.76950932,14.098911737923013,16.0,16.07664761656785,15.5
9245.0,24357.5,2182.5,26.76,21.7540741,17.48614658789132,16.9063637046884,17.5,15.657067
9255.0,24357.5,2182.5,25.19,22.06024361,19.290725426525146,16.959048434530303,19.324430529172304,16.256292
9285.0,24372.5,2152.5,12.3,14.06372643,13.22033274654251,15.740316096064348,14.029146834532424,15.294868
9285.0,24357.5,2137.5,11.79,12.43156242,12.682987994740337,15.5,12.993808681484442,13.510055
8695.0,24342.5,2212.5,7.22,9.04375362,9.038982910115026,11.959725641536075,9.179174549733348,9.342102
8695.0,24342.5,2212.5,8.71,9.04375362,9.038982910115026,11.959725641536075,9.179174549733348,9.342102
9155.0,24342.5,2212.5,22.6,16.28462219,14.829324879548668,15.369560223132906,14.495192281861785,14.147526
9165.0,24342.5,2197.5,8.46,11.87833405,12.04869201057197,15.026846348707569,14.009235663276744,13.099562
9165.0,24342.5,2197.5,11.67,11.87833405,12.04869201057197,15.026846348707569,14.009235663276744,13.099562
9185.0,24327.5,2152.5,12.52,14.33589935,15.601221572713014,16.24612429756528,15.709953058939414,15.774341
8705.0,24312.5,2227.5,10.37,11.58529949,10.530590155571737,14.070274088802172,14.703250065203335,13.887606
8985.0,24342.5,2212.5,16.51,17.6590786,17.801198490769067,17.5,16.243339819605996,15.643521
8995.0,24342.5,2167.5,18.09,17.13000107,18.04,18.496755761080433,17.59944585107553,17.717333
9005.0,24342.5,2152.5,12.4,17.13000107,14.408156554665474,18.5,17.565472145720523,17.717333
8695.0,24432.5,2122.5,15.66,15.67116833,16.80177992065245,17.78865883131668,15.579233363006372,15.69
9145.0,24462.5,2107.5,13.67,14.66529465,14.09597221030468,16.243055189055546,16.46376212554041,16.20028
9145.0,24462.5,2092.5,9.35,13.49532795,12.858142282473803,16.446175423954926,16.20094979869915,16.116629
9155.0,24447.5,2062.5,14.27,14.56316948,14.90810019809423,16.634224221234422,16.36940477825346,16.7
9155.0,24447.5,2047.5,13.64,14.35738659,14.998128533572507,14.69136591673134,14.576514429062895,14.570099
9275.0,24342.5,2137.5,11.16,13.04719639,12.561337367156609,15.633295706456463,14.592397820783155,15.1
9275.0,24342.5,2122.5,13.02,14.29524326,13.49003495130417,15.832617970010459,15.479504627554954,15.725842
9285.0,24342.5,2122.5,12.73,14.46706295,13.83,15.539196937263096,12.806679881172164,14.1104765
9285.0,24342.5,2122.5,17.9,14.46706295,13.83,15.539196937263096,12.806679881172164,14.1104765
9355.0,24447.5,2167.5,14.3,18.64699936,14.234487443769508,15.69,15.213656004636288,15.811744
9355.0,24447.5,2167.5,12.52,18.64699936,14.234487443769508,15.69,15.213656004636288,15.811744
9355.0,24447.5,2152.5,15.65,18.00681114,13.655322378070855,15.604118567210097,14.5338891115584,15.501307
9345.0,24447.5,2137.5,9.5,16.43688011,13.41219417782231,15.302422166309972,13.574046052194598,14.598797
9335.0,24282.5,2182.5,28.68,24.47105789,20.37866975365986,17.51,22.07616663425553,18.949896
9095.0,24297.5,2182.5,15.34,16.46047974,15.876837950851918,17.771728335483168,20.769271085952173,19.015102
8895.0,24327.5,2197.5,15.85,16.33428192,18.45060622790837,17.136835352041512,16.03999325034818,16.2
8625.0,24582.5,2212.5,14.84,17.01999283,15.099904583732755,15.364116784459744,15.197086576502453,15.282439
8685.0,24582.5,2107.5,23.68,21.69219017,22.239998165782918,20.222290524027848,17.229262741264627,18.070208
8705.0,24582.5,2062.5,13.41,15.11758804,14.655122600928934,18.433387796244645,15.823241544002295,16.162539
8925.0,24627.5,2047.5,12.45,13.26701546,13.133096475510317,14.938995439709977,15.281021619561887,14.941099
9165.0,24357.5,2212.5,13.49,14.314641,13.705548338628759,15.560636296414396,16.086144841690047,14.631893
9165.0,24357.5,2197.5,10.72,11.90620041,12.132140496206747,15.326457471165691,15.130111962927183,13.49
9175.0,24357.5,2197.5,11.02,12.18451118,12.630634666172696,15.5433097465801,15.5,13.8
9205.0,24327.5,2197.5,19.23,17.9813385,17.830884475491697,15.613724308951452,13.49,14.059198
9205.0,24327.5,2197.5,21.88,17.9813385,17.830884475491697,15.613724308951452,13.49,14.059198
8885.0,24327.5,2227.5,11.97,16.55536842,15.553919396623979,16.667223421632833,15.69,16.25469
8715.0,24372.5,2182.5,13.75,15.33650589,13.0828910920513,15.023522390677357,14.135241741687024,13.637812
8725.0,24372.5,2167.5,12.31,13.10785961,13.83,16.69272006132392,15.223608882708113,15.69
8715.0,24477.5,2197.5,10.89,11.86233521,12.510480389659513,14.5,13.003762027072359,13.568161
8725.0,24477.5,2182.5,14.25,15.54255867,15.128418422053928,15.975707885468854,14.610689728535792,14.67678
8725.0,24477.5,2167.5,14.98,14.63587379,16.382743147177386,18.026684934948246,15.652584473105447,16.68072
